10000.04119801644,.000000000000000E+000,-107.8331465452324,4.131529704591483,1.066313168758841,.000000000000000E+000,11628.18291599180,17.28950954096721,1.418532550952448,.000000000000000E+000,4.418229230105928,.000000000000000E+000,.000000000000000E+000
10000.04119801644,8.016240718149545,-107.5237562582055,4.506380127965562,1.160623806593312,.4270600190323370E-004,11561.55357538223,20.58529395827299,1.676102073128458,.1598462185589100E-002,5.250534471341584,-.1173187780925063E-001,-.2154214485154243E-002
10000.04119801644,25.51873866042869,-106.8919981772426,5.218756256205080,1.329081387363079,-.3481877980311991E-004,11426.09892930834,27.65081756094871,2.166957981611717,.1744978634988538E-001,6.980168668815102,-.5234385833435079E-001,-.9259222080993643E-002
10000.04119801644,49.41879888109523,-106.1144696768427,5.892742726713137,1.482141648236410,.3137484820175517E-004,11260.48801929031,35.23339799141878,2.647228073551281,.6241001556983325E-001,8.796040949993962,-.1098455587258739,-.1678868182336604E-001
10000.04119801644,75.58120111890503,-105.3504161301403,6.266512336458726,1.584130431293495,-.3255523331215700E-004,11098.92449247491,39.74244312478780,2.964319922475028,.1264954415548066,9.985282643849324,-.1404483623952288,-.1781503714400531E-001
10000.04119801644,99.48126133957076,-104.6939045938339,6.412795512372039,1.651846533731791,.3335392269696383E-004,10961.03520631913,41.53059702580067,3.150808467400958,.1857532542430781,10.64199842876958,-.1463895178886413,-.1614721329885931E-001
10000.04119801644,116.9837592818501,-104.2234243259256,6.460850574893245,1.692160483463824,-.4313954302933264E-004,10862.74941605799,42.10818100621890,3.252453866684902,.2260464906763170,10.97300769729646,-.1455927332036617,-.1537991094057589E-001
10000.04119801644,124.9999999999995,-104.0072135926824,6.473927318904336,1.707964017854759,.2416642610107243E-003,10817.72945376232,42.26162463223772,3.290302882288094,.2428961516059014,11.09237477221786,-.1430394856793476,-.1493497522834771E-001
10000.04119801644,124.9999999999989,-104.0072135926819,6.473927318904302,1.707964017854751,.2416642610106531E-003,10817.72945376226,42.26162463223750,3.290302882288077,.2428961516059001,11.09237477221780,-.1430394856793468,-.1493497522834757E-001
10000.04119801644,133.0162407181498,-103.7930727957564,6.482099785925610,1.721757031850872,-.1651653697824287E-003,10773.23216649288,42.35331668669366,3.322362657614641,.2589859125427972,11.19044446164639,-.1440568381181922,-.1557102926528932E-001
10000.04119801644,150.5187386604267,-103.3197970700807,6.489801869457974,1.745944606450783,.1312982366759897E-003,10675.21069366069,42.42726019341724,3.374327284986720,.2897574795950298,11.34963576463702,-.1389343407373611,-.1526520617670221E-001
10000.04119801644,174.4187988810964,-102.6683799561021,6.488335143906816,1.769402900357060,-.1221458283466210E-003,10541.01921977485,42.38405149595193,3.419832760942110,.3226645420707436,11.48899488952900,-.1347723297409357,-.1559928606260830E-001
10000.04119801644,200.5812011189036,-101.9430505314339,6.481270742575731,1.788981484248610,.1202123795459795E-003,10392.59109723206,42.27724201765906,3.465586038067389,.3465703469920914,11.60094992430962,-.1247085190523953,-.1382776092394730E-001
10000.04119801644,224.4812613395718,-101.2720776109533,6.471087057330889,1.802302342821367,-.1330893640831866E-003,10256.21998462915,42.13359510981385,3.506152326713378,.3587724333347392,11.67017122145588,-.1152609478683063,-.1108134593181224E-001
10000.04119801644,241.9837592818481,-100.7738500725694,6.465319723369151,1.808853936930670,.1588713096595355E-003,10155.54287463156,42.05193100679298,3.530930027647148,.3624999425931211,11.70014415242932,-.1051519802218748,-.7578844415440877E-002
10000.04119801644,249.9999999999999,-100.5468175592568,6.463003035175439,1.810732533969744,-.6724786992569690E-003,10109.83159403671,42.01919594010960,3.539539218120044,.3629804063124187,11.70603892989513,-.1066693004453760,-.7574456100030956E-002
10000.04119801644,249.9999999999981,-100.5468175592560,6.463003035175393,1.810732533969730,-.6724786992569620E-003,10109.83159403663,42.01919594010930,3.539539218120019,.3629804063124161,11.70603892989505,-.1066693004453748,-.7574456100030845E-002
10000.04119801644,258.0162407181497,-100.3139298900609,6.461905271243758,1.812111302286063,.4178467249198285E-003,10063.05013986058,42.00246141771145,3.546354650336030,.3626652386951545,11.71054523369919,-.9610255919427280E-001,-.4011348126941136E-002
10000.04119801644,275.5187386604276,-99.81065303233633,6.461198963327233,1.813381445648939,-.3383322497719915E-003,9962.325556871267,41.98870223221014,3.555767575991268,.3597240016999775,11.71124968995043,-.9312232745371063E-001,-.2052672970890505E-002
10000.04119801644,299.4187988810972,-99.11177381341003,6.465698978155404,1.806498091515828,.3087957540007999E-003,9823.297780394778,42.04040585094067,3.543299302741328,.3499216746873800,11.66379081326249,-.7822264359981189E-001,.3903626977544532E-002
10000.04119801644,325.5812011189054,-98.33781728101306,6.473429795649447,1.784893964425113,-.3089544948547372E-003,9670.473202638761,42.13454726770094,3.492247338288572,.3296690560932400,11.52589122315765,-.7124087561498524E-001,.8707084285320521E-002
10000.04119801644,349.4812613395671,-97.61634649016055,6.483962143785111,1.757650259960827,.3369857694921138E-003,9529.089195561777,42.27043015019639,3.426088021673257,.3035018005154213,11.36468108576489,-.5885392937765130E-001,.1436583636716775E-001
10000.04119801644,366.9837592818539,-97.08501779450938,6.499377851367819,1.735013207969225,-.4069728076483946E-003,9425.631701826442,42.47442135658493,3.368110959568689,.2813973820937509,11.24395051161120,-.5945939206503795E-001,.1469464379801390E-001
10000.04119801644,375.0000000000026,-96.83374392263416,6.509471651122233,1.722590897550694,.1646222500498635E-002,9376.903608214841,42.60923462825582,3.334019913631909,.2708456071751763,11.18016299484264,-.4466566361645054E-001,.1913213916849080E-001
10000.04119801644,375.0000000000005,-96.83374392263354,6.509471651122190,1.722590897550683,.1646222500498618E-002,9376.903608214783,42.60923462825555,3.334019913631890,.2708456071751746,11.18016299484257,-.4466566361644989E-001,.1913213916849063E-001
10000.04119801644,383.0162407181469,-96.59331719173851,6.522413497951457,1.707957673842729,-.1043324748528408E-002,9330.395429574701,42.78305658794508,3.291041006872038,.2594753991268673,11.10716870877001,-.6134809157357740E-001,.1470691944660177E-001
10000.04119801644,400.5187386604230,-96.04218982800401,6.558236408107216,1.673092891432961,.8432781045042310E-003,9224.228330140846,43.26811198001249,3.186511066655862,.2339687022171300,10.93974775287749,-.4589547873889413E-001,.1789956008636973E-001
10000.04119801644,424.4187988810962,-95.28621386087305,6.628858251018601,1.616856720991750,-.7715861552470542E-003,9079.593433420981,44.23409673665164,3.008645282603903,.1964148658863810,10.69237729962370,-.5244821641024383E-001,.1355870866702114E-001
10000.04119801644,450.5812011189073,-94.42180880498691,6.758248454605441,1.544803695298071,.7743808262257214E-003,8915.625181888274,46.01351428775226,2.771138868562782,.1588188121469498,10.42956701877991,-.3509611881994641E-001,.1311287961825780E-001
10000.04119801644,474.4812613395653,-93.59787902505965,6.941430415580294,1.472599396281258,-.8491903980310366E-003,8760.734946819246,48.58336750247827,2.523475794176926,.1333081827091443,10.21682397907448,-.3892670185392527E-001,.7687196037272314E-002
10000.04119801644,491.9837592818488,-92.94567432020862,7.145340211635067,1.401263349242140,.1048090252560887E-002,8639.099034571704,51.53354389893879,2.280759650110086,.1270247950580561,9.985939054065675,-.1924210053977497E-001,.7741551744842853E-002
10000.04119801644,499.9999999999977,-92.63958658605394,7.258806593953240,1.362081568094871,-.3932239711297395E-002,8582.313999374021,53.22626477205253,2.160133273505452,.1276541495298311,9.839012826637594,-.5431248189831048E-001,.9003938228697543E-003
10000.04119801644,499.9999999999993,-92.63958658605422,7.258806593953263,1.362081568094876,-.3932239711297408E-002,8582.313999374048,53.22626477205269,2.160133273505459,.1276541495298315,9.839012826637623,-.5431248189831058E-001,.9003938228698116E-003
10000.04119801644,508.0162407181474,-92.29500532685786,7.415219343660281,1.306170992022829,.2056791793917540E-002,8518.611916452242,55.55773603959127,1.987788431905744,.1335742172145591,9.611148508380557,-.7666571684836726E-002,.7828653266891384E-002
10000.04119801644,525.5187386604250,-91.48517581876193,7.811697872278524,1.168955494405755,-.1629216894640839E-002,8369.878058511518,61.72286911500900,1.624161012722318,.1575697348799373,8.970958075636281,-.2954856568189841E-001,.5382647369975152E-003
10000.04119801644,549.4187988810925,-90.07702240661450,8.604410900733763,.8692882895549516,.1494405583781432E-002,8114.546935265874,74.82245984667583,1.010351614677850,.2191715712063323,7.205835357478598,.1917481353166856E-002,.3078171283750846E-002
10000.04119801644,575.5812011189098,-87.88409479062409,9.538864830407112,.4242101053102854,-.1487952665947183E-002,7725.060343303434,91.44570430921470,.3889803400366126,.2741689361311545,3.860612784264355,-.1912382452765270E-001,.2210324585307258E-002
10000.04119801644,599.4812613395654,-85.13166822829169,10.01654950413489,.1094254127884737,.1638744027658711E-002,7249.500203890873,100.5046059161334,.1307433106993867,.2591236715846202,1.052470303995763,.1902697648757377E-001,-.1074659010002019E-002
10000.04119801644,616.9837592818517,-82.78983588787386,10.09348572087822,.1029398139531772E-001,-.2138135148070689E-002,6856.285488083611,101.9926012212467,.7713975461995166E-001,.2129683754659488,.9259335735968359E-001,-.2108903686667730E-001,.3870696148007939E-003
10000.04119801644,625.0000000000007,-81.66709273337838,10.13367028504355,-.1534720836617493E-001,.5518453243462791E-002,6671.541108751309,102.8030000226690,.6740987042233300E-001,.1925512536201109,-.1675671311135818,.5661686871191886E-001,-.8804751465202056E-003
10000.04119801644,625.0000000000039,-81.66709273337869,10.13367028504359,-.1534720836617498E-001,.5518453243462820E-002,6671.541108751338,102.8030000226695,.6740987042233330E-001,.1925512536201117,-.1675671311135824,.5661686871191907E-001,-.8804751465202225E-003
10000.04119801644,633.0162407181493,-80.52040376310124,10.10856043544609,-.2394942474490887E-001,-.1977866584888822E-002,6485.409274700484,102.2788192568281,.5581895805943457E-001,.1693773971796787,-.2549809482660338,-.1776031791712216E-001,.3514705476910856E-003
10000.04119801644,650.5187386604227,-77.99206306107959,10.09644041477200,-.3071742483210486E-001,.1545868853089671E-002,6084.268303840399,102.0172379285230,.4190694722013794E-001,.1293765529992165,-.3257005306001938,.1695470329903229E-001,.2086085648319803E-003
10000.04119801644,674.4187988810944,-74.51089472765980,10.05658085458679,-.1949379161909739E-001,-.1403745162382422E-002,5552.941851756877,101.1921884102790,.3014164052627607E-001,.9102735357838898E-001,-.2100869468720662,-.1313217027228586E-001,.2540524710676001E-003
10000.04119801644,700.5812011189064,-70.69352530071583,10.02346474451899,-.5797958151155858E-002,.1402295110040792E-002,4998.312896782061,100.5119888148248,.2118653553264051E-001,.6339764363299696E-001,-.6892991124827483E-001,.1380568307437456E-001,.5541802423633848E-003
10000.04119801644,724.4812613395709,-67.17964605338778,9.982886805983309,.1021297361893013E-001,-.1538251070299695E-002,4513.644010342095,99.68814450040425,.1617867902979889E-001,.4689475355795177E-001,.9368909591259500E-001,-.1477040677254871E-001,-.5074857473944287E-004
10000.04119801644,741.9837592818463,-64.59318762362257,9.988618074733184,.7140005999763432E-002,.1943745097148368E-002,4172.720280183996,99.79433532744652,.1221042848490245E-001,.3830098551822246E-001,.6651948253954999E-001,.1813412015561530E-001,.5304257620700191E-003
10000.04119801644,750.0000000000015,-63.38510744319824,9.994237591527618,.5062895158518449E-002,-.3518486289225236E-002,4018.077077212296,99.90582524064249,.1198339483642984E-001,.3596000547059081E-001,.4633319787197575E-001,-.3514042862662437E-001,-.9040208358588936E-006
10000.04119801644,750.0000000000056,-63.38510744319861,9.994237591527668,.5062895158518490E-002,-.3518486289225273E-002,4018.077077212319,99.90582524064305,.1198339483642991E-001,.3596000547059100E-001,.4633319787197601E-001,-.3514042862662453E-001,-.9040208358596525E-006
10000.04119801644,758.0162407181422,-62.18533040709858,10.00555000907344,.1162593302111849E-002,.1060632721494336E-002,3867.389849972627,100.1277954578563,.9369693604299017E-002,.3249290128991920E-001,.8071042278197882E-002,.1007656416310679E-001,.5257660211798275E-003
10000.04119801644,775.5187386604150,-59.51472161223116,10.01309765402446,.2336461170317308E-003,-.8411111085020531E-003,3542.316914141717,100.2773248057121,.7450993818574721E-002,.2727151408378561E-001,-.8547231298516571E-003,-.8655774703591280E-002,.2161470818526233E-003
10000.04119801644,799.4187988810949,-55.82806594049836,10.00122888452155,.8919614638926840E-003,.7668603386932690E-003,3117.016053794841,100.0369716834000,.6160613991899634E-002,.2125028269195024E-001,.6394894770567778E-002,.7781287464206553E-002,.3427432767815852E-004
10000.04119801644,825.5812011189107,-51.72817698864495,9.999301660729444,.2268010111392419E-002,-.7673797349688899E-003,2675.989601234215,99.99485932098038,.4560579047034401E-002,.1670433773016011E-001,.2107400711539359E-001,-.7516983016634907E-002,-.1641560415609931E-003
10000.04119801644,849.4812613395625,-47.92547543534136,10.00272369893474,.2759056261404498E-002,.8443360144442221E-003,2296.996863914404,100.0623067493725,.4154557095097993E-002,.1351963330202258E-001,.2630789293734163E-001,.8393821688500551E-002,-.2601857599365066E-003
10000.04119801644,866.9837592818446,-45.10496907874499,9.995550853922097,.3045000188757785E-002,-.1074964944614440E-002,2034.580130236568,99.91759125087844,.3989895595801237E-002,.1176627093363322E-001,.2937434627626896E-001,-.1098834533028317E-001,-.1915021231514084E-003
10000.04119801644,874.9999999999990,-43.80910916998238,10.00173167483110,.2746772872724897E-003,.2095993461662751E-002,1919.351249346608,100.0420069129928,.4514972363696015E-002,.1132077715467420E-001,.1718184377177044E-002,.2058374106026589E-001,-.4388264716184070E-004
10000.04119801644,875.0000000000010,-43.80910916998251,10.00173167483112,.2746772872725036E-003,.2095993461662761E-002,1919.351249346613,100.0420069129931,.4514972363696029E-002,.1132077715467423E-001,.1718184377177100E-002,.2058374106026602E-001,-.4388264716184103E-004
10000.04119801644,883.0162407181449,-42.49817324037229,10.00035310087245,.9261721841571551E-003,-.6453939158505232E-003,1806.199518777243,100.0128177862707,.3732961562997678E-002,.1046530156498333E-001,.8411372126916360E-002,-.6731379513545133E-002,-.1440526069897577E-003
10000.04119801644,900.5187386604171,-39.62401769040166,10.00220424864603,.9601696291610534E-004,.5070966395925207E-003,1570.152110661184,100.0492961962783,.3553720314751069E-002,.9194299022858149E-002,.2269644019910130E-003,.4520046128896324E-002,-.2133654101183979E-004
10000.04119801644,924.4187988810968,-35.64515908681105,9.999372969958166,.1278559128280957E-002,-.4610151339713570E-003,1270.649549989752,99.99186127689205,.3265659297808227E-002,.7878534004638992E-002,.1245314926934653E-001,-.5176748984067212E-002,-.7861526320489833E-004
10000.04119801644,950.5812011189056,-31.22952842037913,9.999957073123493,.2431343679745249E-003,.4609685433635512E-003,975.3412813332907,100.0028531543251,.2898099316995306E-002,.6769552974061392E-002,.2290649360363127E-002,.3977960698002395E-002,-.1927975584250552E-003
10000.04119801644,974.4812613395675,-27.13460168607163,9.997959418661390,.8764042301829212E-003,-.5066800081068960E-003,736.3342350357907,99.96243700559535,.2621061559997768E-002,.6019863317686339E-002,.8793089503572035E-002,-.5617761762562040E-002,-.3042820866021401E-003
10000.04119801644,991.9837592818476,-24.10364909714371,9.997900264446670,.4538500734815455E-003,.6438193333947176E-003,581.0274318846318,99.96098728599833,.2632042251698181E-002,.5595492293003148E-002,.4615269739329707E-002,.5832747076480599E-002,-.3604461576779931E-003
10000.04119801644,999.9999999999980,-22.70251820174994,9.999142943450439,-.1205022727853778E-003,-.1207270753368080E-002,515.4433613961760,99.98618525554488,.2910283811971507E-002,.5690049740947191E-002,-.1090313975379734E-002,-.1258358212766572E-001,-.3723211669882706E-003
10000.04119801644,999.9999999999980,-22.70251820174993,9.999142943450437,-.1205022727853769E-003,-.1207270753368079E-002,515.4433613961760,99.98618525554485,.2910283811971506E-002,.5690049740947190E-002,-.1090313975379707E-002,-.1258358212766575E-001,-.3723211669882705E-003
10000.04119801644,1008.016240718138,-21.30066567675743,9.998630786501002,-.9665991939602084E-003,.3561204356776629E-003,453.7551353576627,99.97529287445502,.2468494285701401E-002,.5281743170206339E-002,-.9518889928327699E-002,.2992194395215850E-002,-.3683839563558239E-003
10000.04119801644,1025.518738660421,-18.20942581427490,9.999254800404550,-.7850609300362930E-003,-.2803698355550817E-003,331.6156663780858,99.98736453869721,.2252198475614233E-002,.4959982024768760E-002,-.7665011166149295E-002,-.3424309071937762E-002,-.3460795281040377E-003
10000.04119801644,1049.418798881096,-13.94127598248321,9.999124174726727,.5013716565060913E-004,.2551144020625298E-003,194.3868357335123,99.98440381995800,.2108511259811731E-002,.4601506925384057E-002,.6659913051039433E-003,.1922717787874104E-002,-.2882099940309952E-003
10000.04119801644,1075.581201118908,-9.203102264518854,9.998442423559201,-.2405812044293477E-003,-.2551580127590899E-003,84.72056926118833,99.97047756925438,.1962860708280319E-002,.4295591077706092E-002,-.2240272985800776E-002,-.3239843855529508E-002,-.2474064780372726E-003
10000.04119801644,1099.481261339562,-4.817416723932688,9.999266172488504,.3724963997836089E-003,.2806486846361651E-003,23.22795699584030,99.98679910641303,.1976033506654267E-002,.4089508638233848E-002,.3873811996800230E-002,.2124525193583145E-002,-.1981974648450682E-003
10000.04119801644,1116.983759281850,-1.569543976341437,9.997032870693911,.5265045257897643E-003,-.3573002920566701E-003,2.482039021375066,99.94217629770030,.2082811128246065E-002,.3983196605026796E-002,.5409632218816997E-002,-.4318182928950677E-002,-.2087113307954299E-003
10000.04119801644,1125.000000000006,-.7448262314393778E-001,9.999341699986800,-.7672922996820302E-003,.6461358711030846E-003,.2338581776565683E-001,99.98864080669924,.2401118334113609E-002,.4178541659836443E-002,-.7560889733329135E-002,.5841772535599990E-002,-.1491992785860637E-003
10000.04119801644,1125.000000000003,-.7448262314393761E-001,9.999341699986772,-.7672922996820233E-003,.6461358711030820E-003,.2338581776565678E-001,99.98864080669898,.2401118334113602E-002,.4178541659836433E-002,-.7560889733329152E-002,.5841772535599962E-002,-.1491992785860631E-003
10000.04119801644,1133.016240718150,1.430603124775875,9.999256926779170,-.8147158694132650E-003,-.1731055505611399E-003,2.063716677331157,99.98655824631319,.2159732217844591E-002,.3914090809676285E-002,-.7956266173245630E-002,-.2455061815907059E-002,-.2133393775562647E-003
10000.04119801644,1150.518738660425,4.734540971588547,9.999275045890819,-.7831558318209626E-003,.1359404788139002E-003,22.43154823316708,99.98680784954556,.2129829280630234E-002,.3843134907387323E-002,-.7647106473785407E-002,.6162512586883606E-003,-.1658391204426592E-003
10000.04119801644,1174.418798881095,9.297223030110521,9.998689128231776,-.1024460360032795E-003,-.1235801551191266E-003,86.45234875060459,99.97501968729460,.2144421324171562E-002,.3750695089909255E-002,-.7867197433238798E-003,-.1974110424607448E-002,-.1977785384018376E-003
10000.04119801644,1200.581201118908,14.35480107442697,9.999018948453177,-.6527060174836116E-003,.1235701944735657E-003,206.0727318425918,99.98154516778948,.2116146927031944E-002,.3668217109755029E-002,-.6278753610849605E-002,.5008957694584218E-003,-.1757690189602901E-003
10000.04119801644,1224.481261339567,19.03481760079229,9.998390785155513,.8641877237351128E-004,-.1358335976653462E-003,362.3354874407415,99.96896760320638,.2107066318846742E-002,.3543332015672742E-002,.1118622232388938E-002,-.2046627465747207E-002,-.2337206884542018E-003
10000.04119801644,1241.983759281857,22.49629796370818,9.998013606750977,-.7024349147564967E-004,.1726874049569802E-003,506.0938198155437,99.96151238756241,.2142471250140898E-002,.3497482380644839E-002,-.4476589297193138E-003,.9947959962772410E-003,-.2095187290898475E-003
10000.04119801644,1249.999999999995,24.09263637232655,9.998749586519992,-.5459018790309725E-003,-.3009003811673015E-003,580.4652555379475,99.97648883939178,.2348230758309013E-002,.3622947964589116E-002,-.5220865509746235E-002,-.3611865279082305E-002,-.2789717066503128E-003
10000.04119801644,1250.000000000008,24.09263637232678,9.998749586520086,-.5459018790309725E-003,-.3009003811672946E-003,580.4652555379530,99.97648883939270,.2348230758309034E-002,.3622947964589150E-002,-.5220865509746268E-002,-.3611865279082235E-002,-.2789717066503158E-003
10000.04119801644,1258.016240718153,25.69349599062364,9.999242275635133,-.1104250670598888E-002,.7614326825012771E-004,660.1654851376227,99.98607160486054,.2132074513589802E-002,.3429093095138201E-002,-.1078873948444258E-001,.6327632667001148E-004,-.2434440491300718E-003
10000.04119801644,1275.518738660422,29.21362873109302,9.998983676408574,-.4395280782915340E-003,-.5992189205937092E-004,853.4452589047644,99.98085879671918,.2059345900233323E-002,.3319121132080993E-002,-.4113962248379063E-002,-.1298557482080805E-002,-.2807573434933351E-003
10000.04119801644,1299.418798881096,34.06856823766461,9.998901465876578,-.3498024608314324E-003,.5452787411520986E-004,1160.675787828688,99.97925199458552,.2056112771979729E-002,.3232386590143117E-002,-.3197125802974591E-002,-.1661926753088599E-003,-.2825556931678358E-003
10000.04119801644,1325.581201118905,39.44784496184804,9.998613801976639,-.2916334087623893E-003,-.5452823374516328E-004,1556.140393035980,99.97353044196581,.2052877483656094E-002,.3126088752717218E-002,-.2579685546429360E-002,-.1262857813926242E-002,-.3061355057350715E-003
10000.04119801644,1349.481261339568,44.42010851708842,9.998888834532440,-.7203573759881560E-004,.5998906098483425E-004,1973.153648931321,99.97908609881667,.1993680255730366E-002,.3091192573777336E-002,-.3576194561395428E-003,-.1466919173592277E-003,-.3034293272217568E-003
10000.04119801644,1366.983759281844,48.09695467350281,9.997637432062028,.1609842887326516E-003,-.7638808204461561E-004,2313.324544733100,99.95409491019720,.2006965930118105E-002,.3055391856230986E-002,.1981864540128657E-002,-.1488098063222372E-002,-.3046497742592738E-003
10000.04119801644,1375.000000000005,49.79020463804686,9.999602729202653,-.7032545000539518E-003,.1229075186019654E-003,2479.071944549659,99.99370189809278,.2120959447966305E-002,.3276042160387708E-002,-.6701721351045404E-002,.4838687900507489E-003,-.3090805848455180E-003
10000.04119801644,1375.000000000025,49.79020463804761,9.999602729202804,-.7032545000539641E-003,.1229075186019672E-003,2479.071944549697,99.99370189809433,.2120959447966337E-002,.3276042160387759E-002,-.6701721351045471E-002,.4838687900506726E-003,-.3090805848455226E-003
10000.04119801644,1383.016240718153,51.49080218516039,9.999265165419446,-.8949291159354392E-003,-.2429307214934975E-004,2651.310149960564,99.98667190935528,.1884273725555611E-002,.3042774098064936E-002,-.8573408253338256E-002,-.9960522859804345E-003,-.3048515164255825E-003
10000.04119801644,1400.518738660420,55.22481223044153,9.999097645497173,-.3788736981174981E-003,.1905887118963602E-004,3049.787325888149,99.98323580546318,.1751286841983859E-002,.3029685954796384E-002,-.3421079834740699E-002,-.5828430481561973E-003,-.2799770555630247E-003
10000.04119801644,1424.418798881092,60.37306700181850,9.998821399232906,-.9913905198429256E-004,-.1731368536103325E-004,3644.914683572595,99.97769242890611,.1616092216983067E-002,.2978606298961629E-002,-.6519307463085291E-003,-.9460960548973857E-003,-.2642214994488047E-003
10000.04119801644,1450.581201118911,66.07260299426528,9.999006256553624,-.2853318740120919E-003,.1731529043934614E-004,4365.596330411736,99.98135450893415,.1556206324616517E-002,.2934461011447057E-002,-.2566873887479899E-002,-.5836734390153499E-003,-.2482199203031173E-003
10000.04119801644,1474.481261339574,71.33834724432663,9.998561207979590,-.6738631833817484E-004,-.1902366268391096E-004,5089.167184395644,99.97245292070203,.1557825024593794E-002,.2872488057222834E-002,-.4427573054382079E-003,-.9247225658380008E-003,-.2227721626146749E-003
10000.04119801644,1491.983759281850,75.22954964201978,9.998448000117824,-.1814644655683897E-003,.2417211211328853E-004,5659.492457937698,99.97022118079589,.1609381053629726E-002,.2850027369691021E-002,-.1624714046513194E-002,-.4662523445449884E-003,-.2376666070979935E-003
10000.04119801644,1499.999999999997,77.02190905680801,9.998319193707522,-.1298315645026393E-003,-.3209658092412056E-004,5932.381753868472,99.96785293277011,.1797919139576780E-002,.2995031165555779E-002,-.1151381328541265E-002,-.9520052709157296E-003,-.2348499972818163E-003
10000.04119801644,1500.000000000005,77.02190905680848,9.998319193707591,-.1298315645026410E-003,-.3209658092411818E-004,5932.381753868511,99.96785293277075,.1797919139576792E-002,.2995031165555799E-002,-.1151381328541168E-002,-.9520052709157140E-003,-.2348499972818180E-003
10000.04119801644,1508.016240718153,78.82023094411497,9.999473327600850,-.1252956618749709E-002,.2518736496053345E-005,6212.636020124283,99.99067983262172,.1607791751448947E-002,.2815531279068419E-002,-.1235935438997143E-001,-.6539412309431811E-003,-.2093125014486139E-003
10000.04119801644,1525.518738660410,82.76936189586785,9.998929540504170,-.4721580743732223E-003,-.1991529522217756E-005,6850.774358760707,99.97973375359527,.1561186779096896E-002,.2762879449552218E-002,-.4581088510808710E-002,-.6845799062866250E-003,-.2023569571760473E-003
10000.04119801644,1549.418798881102,88.21055829282872,9.998657329520789,-.4351624138501590E-003,.1824335272100760E-005,7781.109512926996,99.97424357579897,.1523725797369133E-002,.2709994105358104E-002,-.4224873051893771E-002,-.6121375268044234E-003,-.2061898579496853E-003
10000.04119801644,1575.581201118908,94.23116492157894,9.998744730561782,-.3922186958698892E-003,-.1822134142365358E-005,8879.519147892461,99.97594285135256,.1431356934808331E-002,.2643915341007904E-002,-.3826413909139736E-002,-.6062371420139170E-003,-.1871846336076879E-003
10000.04119801644,1599.481261339566,99.78977366067951,9.998519845678967,-.3006824285986752E-003,.2021740759494705E-005,9958.005447514342,99.97144888962143,.1400444390201476E-002,.2576284866181271E-002,-.2926942282540619E-002,-.5497103051899863E-003,-.1934607691162045E-003
10000.04119801644,1616.983759281847,103.8958163012945,9.998276334900250,-.1329018364262797E-003,-.2620750604358452E-005,10794.34701781761,99.96657958082756,.1381804666734181E-002,.2525769133738301E-002,-.1277902969663803E-002,-.5508932256907094E-003,-.1721898824578925E-003
10000.04119801644,1624.999999999999,105.7861365480098,9.999608021523869,-.1415426855239197E-002,-.8263538706195428E-005,11190.71303421380,99.99341717765117,.1504019987338048E-002,.2658978762353334E-002,-.1413363437278601E-001,-.5712112508617639E-003,-.2108742001481023E-003
10000.04119801644,1625.000000000008,105.7861365480101,9.999608021523890,-.1415426855239186E-002,-.8263538706186537E-005,11190.71303421383,99.99341717765134,.1504019987338051E-002,.2658978762353340E-002,-.1413363437278604E-001,-.5712112508617865E-003,-.2108742001481028E-003
10000.04119801644,1633.016240718139,107.6830569527063,9.999344065795137,-.6583095077376809E-003,.9803876248636761E-005,11595.64701409125,99.98793288792521,.1352041609306157E-002,.2465476692843186E-002,-.6551204360448456E-002,-.4358803088338678E-003,-.1612559158135372E-003
10000.04119801644,1650.518738660408,111.8467766810643,9.998862547212244,-.7889119303969899E-003,-.7732106926672255E-005,12509.70761711502,99.97825068777207,.1308241916837316E-002,.2380517763197582E-002,-.7839556596819472E-002,-.5991154792519193E-003,-.1709659092743062E-003
10000.04119801644,1674.418798881097,117.5813007635562,9.998773939567570,-.1699657082982289E-004,.7045574569373644E-005,13825.36835586773,99.97645111601602,.1298269328674633E-002,.2265401134094124E-002,-.1445804215814746E-003,-.4427986890305387E-003,-.1479561452836251E-003
10000.04119801644,1700.581201118914,123.9227538629750,9.998710649374702,-.5765628750720444E-003,-.7045653070876252E-005,15356.85497499821,99.97521584193595,.1300252813766929E-002,.2131810046382916E-002,-.5721724853234720E-002,-.5797556627759378E-003,-.1465268636247518E-003
10000.04119801644,1724.481261339552,129.7746152317456,9.998550087197891,.8656368098489478E-004,.7761711997750589E-005,16841.45687733708,99.97202287987761,.1322474119758790E-002,.1984741979640478E-002,.9105204186350482E-003,-.4098239283249335E-003,-.1331744408373915E-003
10000.04119801644,1741.983759281854,134.0950242576114,9.998129416460653,-.2999466494638652E-003,-.9915071821712412E-005,17981.48174492944,99.96371630447389,.1367329254400790E-002,.1867999724136787E-002,-.2937470488915420E-002,-.5888260964153737E-003,-.1338038371426693E-003
10000.04119801644,1749.999999999983,136.0836061565225,9.999231372875997,.1154820249054972E-003,.3441689754334152E-004,18518.75414787193,99.98586125875140,.1465833890608643E-002,.1933962473133885E-002,.1194623714471439E-002,-.8477866722170560E-004,-.1310454268577475E-003
10000.04119801644,1750.000000000017,136.0836061565250,9.999231372876178,.1154820249054922E-003,.3441689754334445E-004,18518.75414787227,99.98586125875326,.1465833890608669E-002,.1933962473133921E-002,.1194623714471436E-002,-.8477866722171601E-004,-.1310454268577502E-003
10000.04119801644,1758.016240718161,138.0783642136630,10.00019700614962,-.1225672203351152E-002,-.1812890401252083E-004,19065.64100449457,100.0051026344483,.1384804011954286E-002,.1733803051708879E-002,-.1218330859255872E-001,-.6426300556993704E-003,-.1359835513605785E-003
10000.04119801644,1775.518738660420,142.4565042696005,9.997860959778608,-.2011997722646383E-003,.1422628467235036E-004,20293.86213411339,99.95835655563880,.1404810816848166E-002,.1549793186670071E-002,-.1894804312965910E-002,-.3290256966429379E-003,-.1034643974158894E-003
10000.04119801644,1799.418798881107,148.4838053933392,10.00033575648484,-.3174889098071869E-003,-.1292943392052170E-004,22047.44725417123,100.0079794288108,.1489204395576846E-002,.1280750367697319E-002,-.3049684383417101E-002,-.5781802195126218E-003,-.1150495945228908E-003
10000.04119801644,1825.581201118914,155.1459147200818,9.995438030475821,.1051100904963269E-002,.1292913313233362E-004,24070.26192546146,99.91007409350851,.1637158256303647E-002,.9843111177844528E-003,.1071720155121534E-001,-.3105271689901211E-003,-.9961410986107400E-004
10000.04119801644,1849.481261339561,161.2906914085965,9.996251697611736,.3212240734047135E-004,-.1421263443325690E-004,26014.69435039570,99.92595128650430,.1444789540565968E-002,.7177921358998022E-003,.5196936635572490E-003,-.4573629260057150E-003,-.7754794614497169E-004
10000.04119801644,1866.983759281861,165.8260794519391,9.998061755396906,-.3084572768978023E-003,.1807890952524259E-004,27498.29583712442,99.96190441281698,.1125949342535459E-002,.5228492563651916E-003,-.2932460653163806E-002,.4610091795760173E-005,-.5140455315776734E-004
10000.04119801644,1874.999999999985,167.9133751026860,9.998964907472342,.1057816280646590E-003,-.3171566810048068E-004,28194.90874382177,99.97989283812375,.9675227186122810E-003,.4931557369685122E-003,.1138777942340571E-002,-.3983013129070833E-003,-.4976282978670530E-004
10000.04119801644,1875.000000000024,167.9133751026893,9.998964907472544,.1057816280646698E-003,-.3171566810048312E-004,28194.90874382232,99.97989283812572,.9675227186123004E-003,.4931557369685218E-003,.1138777942340571E-002,-.3983013129071249E-003,-.4976282978670628E-004
10000.04119801644,1883.016240718141,170.0067867333753,9.999289189945712,-.1529384180276590E-003,.8073582946827300E-005,28902.31467364041,99.98624841718521,.8140100176879439E-003,.3635572170385749E-003,-.1419333333437002E-002,-.1958009887949221E-004,-.2988219817276199E-004
10000.04119801644,1900.518738660420,174.5999473344630,9.999721935460610,-.6863437939783491E-004,-.6347193214616207E-005,30485.14862836767,99.99471106157512,.5248880136980755E-003,.2315158087935580E-003,-.6298190853889982E-003,-.9605291049746834E-004,-.1131942831227558E-004
10000.04119801644,1924.418798881097,180.9204492402404,9.999963929299287,-.9605248636942619E-005,.5772625083572900E-005,32732.21580832681,99.99950217652344,.4047280382379117E-003,.1218535832692933E-003,-.4849028438888223E-004,.4595399238770353E-004,-.5324560176903550E-005
10000.04119801644,1950.581201118912,187.9036081931470,9.999971268512049,-.1352087001010545E-004,-.5772915336412906E-005,35307.77269702096,99.99961188011558,.3563705799724774E-003,.4655882344976737E-004,-.1024124235854216E-003,-.5763995435590025E-004,-.8297424972390159E-006
10000.04119801644,1974.481261339550,194.3415125447183,10.00001212090660,.7676756945432413E-005,.6347636123278414E-005,37768.63016997768,100.0004533975462,.3692703968890641E-003,.1236830103974074E-004,.1158201063439224E-003,.6340725799227037E-004,-.7167616954315626E-006
10000.04119801644,1991.983759281852,199.0916777396177,9.999975971897470,-.9178459896177658E-005,-.8077103036454413E-005,39637.50279231746,99.99970639697843,.3477747119400154E-003,.2412868930657296E-005,-.6425444709528237E-004,-.7923269769365841E-004,-.1318261766010505E-005
10000.04119801644,1999.999999999968,201.2771245437674,9.999999999999936,.000000000000000E+000,.000000000000000E+000,40512.48765299787,99.99999999999955,.000000000000000E+000,.000000000000000E+000,.000000000000000E+000,.000000000000000E+000,.000000000000000E+000
10500.26591003560,.000000000000000E+000,-108.1940943102937,4.100612031930340,1.096832975072197,.000000000000000E+000,11706.18176859667,17.02558629431687,1.461128978903505,.000000000000000E+000,4.505907412194615,.000000000000000E+000,.000000000000000E+000
10500.26591003560,8.016240718149545,-107.8764827239751,4.472487333930605,1.193804063048166,.4532011176450689E-004,11637.55358986548,20.26875017634874,1.726987437540507,.1528220937710654E-002,5.353767036063236,-.1094396127298084E-001,-.1949323988698323E-002
10500.26591003560,25.51873866042869,-107.2258989265723,5.180134308294905,1.367745803970651,-.3696037219727381E-004,11497.61116653199,27.23069552936924,2.239321898365866,.1670722214881184E-001,7.119503520939272,-.4925956871579617E-001,-.8678098013485736E-002
10500.26591003560,49.41879888109523,-106.4206079948439,5.850993692715107,1.526874132810476,.3324839916741444E-004,11325.56555845680,34.72459932769665,2.748311281394611,.5998516535936733E-001,8.982035076358768,-.1032312897625767,-.1603673972457032E-001
10500.26591003560,75.58120111890503,-105.6250156239060,6.222545262657940,1.634160302652546,-.3479383767700890E-004,11156.86478119382,39.18196827233724,3.102064052562091,.1223197250877506,10.21602145211660,-.1303930987712831,-.1741645958781759E-001
10500.26591003560,99.48126133957076,-104.9400654636038,6.369446826418683,1.705609464335609,.3526271734528852E-004,11012.63960526152,40.96721234215453,3.324432367632941,.1805069135400137,10.90645681934241,-.1338075651988332,-.1624716771902398E-001
10500.26591003560,116.9837592818501,-104.4494657125157,6.419195290607566,1.746546411108735,-.4535429445704387E-004,10909.91460041428,41.56052953228368,3.442489873026411,.2200037929931499,11.25009592105563,-.1317411743647885,-.1496888060994643E-001
10500.26591003560,124.9999999999995,-104.2242884053693,6.433100615054132,1.762740395242025,.2542257459668858E-003,10862.92659955422,41.72264019293504,3.486323898443208,.2366371541490894,11.37606585822876,-.1283515030723168,-.1386267466261072E-001
10500.26591003560,124.9999999999989,-104.2242884053687,6.433100615054099,1.762740395242016,.2542257459668589E-003,10862.92659955416,41.72264019293481,3.486323898443190,.2366371541490881,11.37606585822870,-.1283515030723161,-.1386267466261067E-001
10500.26591003560,133.0162407181498,-104.0015808379935,6.442457509224572,1.776685077863860,-.1750023839455243E-003,10816.55295715526,41.82876783926932,3.521697703566007,.2524121611823626,11.47965487495125,-.1288782450333008,-.1370214351999479E-001
10500.26591003560,150.5187386604267,-103.5101679898417,6.453912481881464,1.802363733599049,.1395163555803648E-003,10714.57724873567,41.95189658068966,3.580911424478467,.2830210734818894,11.65893148522027,-.1222708212337020,-.1118828220896009E-001
10500.26591003560,174.4187988810964,-102.8359224215235,6.455894299119884,1.827642883454027,-.1292996291588078E-003,10575.44135953276,41.95550898292802,3.631231839688260,.3165246057334010,11.81618279937070,-.1175518152001101,-.8714386999866170E-002
10500.26591003560,200.5812011189036,-102.0871518759781,6.448118013924528,1.845895671710938,.1280010116104895E-003,10421.98791232062,41.83890246458002,3.669305402960911,.3423543733986196,11.91128287071917,-.1090507428619625,-.4797430885530368E-002
10500.26591003560,224.4812613395718,-101.3954729895806,6.439280357166782,1.856971883448301,-.1408079875454870E-003,10281.22985729252,41.71325401582504,3.698485439546959,.3567309572500154,11.96087519430476,-.1040897127408735,-.2043253370755090E-002
10500.26591003560,241.9837592818481,-100.8817595120111,6.436340315122598,1.862082946683267,.1683176754549475E-003,10177.30769747730,41.66769948142797,3.715876433234280,.3618672103617511,11.98522929655185,-.9729657259747396E-001,.8436881532219685E-003
10500.26591003560,249.9999999999999,-100.6475912228604,6.435529241665746,1.863404218043085,-.7173506467044958E-003,10130.11121095094,41.65378229339416,3.721893955217642,.3627241817618169,11.99087586416392,-.1006690177468507,.2419576741295483E-003
10500.26591003560,249.9999999999981,-100.6475912228597,6.435529241665703,1.863404218043071,-.7173506467044810E-003,10130.11121095087,41.65378229339386,3.721893955217616,.3627241817618144,11.99087586416383,-.1006690177468498,.2419576741295726E-003
10500.26591003560,258.0162407181497,-100.4069826618657,6.435407622234711,1.864189530077701,.4461337126078950E-003,10081.73175119292,41.64881161781737,3.726774800584416,.3626658915905110,11.99432965783050,-.9101130745388070E-001,.3485163478714746E-002
10500.26591003560,275.5187386604276,-99.88633127505852,6.435468045972406,1.863991739208039,-.3611439540875307E-003,9977.438954888858,41.64327151776344,3.733963955607252,.3590520754369741,11.98893104198688,-.9135223536232592E-001,.4287958034084372E-002
10500.26591003560,299.4187988810972,-99.16158411530583,6.436197421917841,1.859486105457796,.3295506165641345E-003,9833.166939289744,41.64843081608323,3.735500292857935,.3464171228544854,11.95326515614564,-.8009133891454545E-001,.8554910240209684E-002
10500.26591003560,325.5812011189054,-98.35952443248080,6.441055153019066,1.848049602624934,-.3300273331595729E-003,9674.730296712933,41.71296035255166,3.719316539207069,.3227771320870044,11.87877365734650,-.7649090295706976E-001,.9874594264115671E-002
10500.26591003560,349.4812613395671,-97.61346486032596,6.455039928667842,1.829986911930752,.3593127301580431E-003,9528.513884760201,41.90236752865081,3.673073205486303,.2945660050718671,11.77983599728175,-.6502373408207454E-001,.1250807899390775E-001
10500.26591003560,366.9837592818539,-97.06464758354275,6.472963957420752,1.811982602954545,-.4345615806856541E-003,9421.666694535434,42.14470064498708,3.620242240203940,.2706589585743635,11.69073272865945,-.6545037183250638E-001,.1158652452152807E-001
10500.26591003560,375.0000000000026,-96.80494220565694,6.483434179540764,1.802489898862442,.1747591557279634E-002,9371.316904213560,42.28617479725485,3.592272573446546,.2593492791367292,11.64601303188688,-.4922496449707210E-001,.1563694711281262E-001
10500.26591003560,375.0000000000005,-96.80494220565635,6.483434179540722,1.802489898862430,.1747591557279622E-002,9371.316904213501,42.28617479725459,3.592272573446524,.2593492791367276,11.64601303188681,-.4922496449707180E-001,.1563694711281254E-001
10500.26591003560,383.0162407181469,-96.55688050511384,6.496598354407963,1.791322292303327,-.1108463033849685E-002,9323.349811896287,42.46345749760123,3.557879630133155,.2469079670860916,11.59577645624025,-.6604254562360876E-001,.1063752624057892E-001
10500.26591003560,400.5187386604230,-95.98874612037949,6.531488972594740,1.764805463954229,.8946549427987023E-003,9213.958119649331,42.93294519186287,3.477360478094679,.2201816041623831,11.48445069094206,-.4797061048044617E-001,.1352823594223590E-001
10500.26591003560,424.4187988810962,-95.21253185611886,6.599970131469385,1.719767127551870,-.8189218611403442E-003,9065.549471010265,43.85493188461825,3.333472576080098,.1830443908000576,11.31361528370630,-.5298874359981131E-001,.9169063183249863E-002
10500.26591003560,450.5812011189073,-94.32982184758936,6.723177267402265,1.657304963241674,.8224499154464104E-003,8898.253677797691,45.53164070783860,3.120982107178974,.1481211041075227,11.11628547716074,-.3317924574292790E-001,.9120711426983627E-002
10500.26591003560,474.4812613395653,-93.49307260568901,6.903671205128513,1.584264321365167,-.9016715287922731E-003,8741.118844163131,48.04414985301028,2.857638207800254,.1261100883502527,10.91202488847307,-.3675370227572947E-001,.3575097166947682E-002
10500.26591003560,491.9837592818488,-92.83163387941804,7.109186167369158,1.503096297276834,.1114406286207052E-002,8617.909775635699,50.99268646764322,2.573627140180522,.1229390849920482,10.63765761104035,-.1616749500284501E-001,.4311429504160892E-002
10500.26591003560,499.9999999999977,-92.52215225071808,7.223975472656093,1.457602760930821,-.4186126550267822E-002,8560.570673510980,52.69589928520472,2.427154542268134,.1249637405076647,10.45787852056219,-.5352628721666952E-001,-.3037264320169194E-002
10500.26591003560,499.9999999999993,-92.52215225071838,7.223975472656115,1.457602760930826,-.4186126550267834E-002,8560.570673511003,52.69589928520488,2.427154542268142,.1249637405076651,10.45787852056222,-.5352628721666962E-001,-.3037264320169197E-002
10500.26591003560,508.0162407181474,-92.17355736943514,7.382583600850332,1.391863843228245,.2181527784307834E-002,8496.215282862922,55.05314204429756,2.220491973459225,.1322958640159841,10.17708885773591,-.3757816773901790E-002,.4795149229075378E-002
10500.26591003560,525.5187386604250,-91.36014709667151,7.780231587692763,1.227800937619754,-.1726430918942410E-002,8347.035407047484,61.22465897787306,1.767674075330330,.1587932711864313,9.370977224503440,-.2742787514627573E-001,-.7108875332442843E-003
10500.26591003560,549.4187988810925,-89.95676269362281,8.540602952417647,.9048810678277694,.1581760676625708E-002,8092.913545881205,73.72888738286147,1.077365495516975,.2215817029553270,7.450862101414474,.5740714829756665E-002,.3755037045187816E-002
10500.26591003560,575.5812011189098,-87.80035572061462,9.457865854298031,.4700725986187114,-.1578651359056945E-002,7710.360657863970,89.91225666219958,.4398126509885744,.2790211099236117,4.250222520931421,-.1415095136810261E-001,.4051612783597616E-003
10500.26591003560,599.4812613395654,-85.09482660873674,10.00247820394466,.1285554716196684,.1739609250713663E-002,7243.229426056057,100.2107080360386,.1406139489451558,.2641608594161053,1.250115547144227,.2268632919486683E-001,-.1071990047606545E-002
10500.26591003560,616.9837592818517,-82.76389127836076,10.10708846996881,.6122786215981400E-002,-.2260463124536251E-002,6851.952088510147,102.2759228879791,.7574947708440366E-001,.2142894360859974,.5668960379134654E-001,-.2127471370922333E-001,-.5794498914124533E-003
10500.26591003560,625.0000000000007,-81.64176235071793,10.14270599934043,-.2561946207663478E-001,.5641102137102023E-002,6667.356949661451,102.9950036794780,.6783855995782670E-001,.1925537098908959,-.2679943031730728,.5734033692164868E-001,-.6795680467858224E-003
10500.26591003560,625.0000000000039,-81.64176235071827,10.14270599934047,-.2561946207663487E-001,.5641102137102050E-002,6667.356949661482,102.9950036794784,.6783855995782698E-001,.1925537098908967,-.2679943031730738,.5734033692164894E-001,-.6795680467858236E-003
10500.26591003560,633.0162407181493,-80.49288890013761,10.11937738619040,-.3236548081502047E-001,-.1970935743460269E-002,6480.919294950516,102.5081180694519,.5412612606895158E-001,.1680477953852325,-.3372594764801804,-.1766029117386731E-001,-.6677103434336326E-003
10500.26591003560,650.5187386604227,-77.96274273590794,10.10275750923893,-.3700975098628483E-001,.1540400748576503E-002,6079.645522518833,102.1490586410974,.3975704101976672E-001,.1273265919812562,-.3859672519143827,.1578471414013630E-001,-.2343403819600065E-003
10500.26591003560,674.4187988810944,-74.47835574237818,10.06075104050525,-.2205380118657764E-001,-.1399642990363896E-002,5548.066099806656,101.2785905260633,.2674018941990266E-001,.8929271508716317E-001,-.2321840836236889,-.1316454659424005E-001,-.3929791380437613E-003
10500.26591003560,700.5812011189064,-70.65929662703579,10.02609788228560,-.7226358149066253E-002,.1398694319186227E-002,4993.462824270499,100.5667372900661,.1891404046569222E-001,.6192576658545986E-001,-.8033655149622432E-001,.1355551225239694E-001,-.1785283789803477E-003
10500.26591003560,724.4812613395709,-67.14571049175599,9.986819733351661,.1080372797888240E-001,-.1533824404083141E-002,4509.080291017619,99.76801415829331,.1419832181665511E-001,.4558254797996087E-001,.1019315995004937,-.1465369135540538E-001,-.5451893393730128E-003
10500.26591003560,741.9837592818463,-64.55986054424709,9.988801846275130,.8240818930044042E-002,.1939092054442749E-002,4168.413686942466,99.79827116968612,.1075862364429746E-001,.3715633794932781E-001,.7932955209966218E-001,.1868642051663581E-001,-.1425216555461638E-003
10500.26591003560,750.0000000000015,-63.35259697891678,9.995109146027817,.5845719908073431E-002,-.3541310062853750E-002,4013.955316289310,99.92409048548235,.1030609730823513E-001,.3493893247708886E-001,.5538287621847728E-001,-.3484601634990361E-001,-.5892283516948898E-003
10500.26591003560,750.0000000000056,-63.35259697891716,9.995109146027870,.5845719908073465E-002,-.3541310062853769E-002,4013.955316289332,99.92409048548288,.1030609730823519E-001,.3493893247708904E-001,.5538287621847768E-001,-.3484601634990381E-001,-.5892283516948928E-003
10500.26591003560,758.0162407181422,-62.15298475935109,10.00629827533028,.2075936662662089E-002,.1078290432253334E-002,3863.366992783205,100.1435217601755,.7927291137646154E-002,.3150768782197230E-001,.1832704719938587E-001,.1089413080186602E-001,-.3979763606510475E-003
10500.26591003560,775.5187386604150,-59.48235113920434,10.01435505785664,-.3712892269624041E-003,-.8545458506203367E-003,3538.463437133559,100.3033530770352,.6310401873222928E-002,.2641729350016454E-001,-.6075963835998077E-002,-.8658278273618529E-002,-.3860912164690759E-003
10500.26591003560,799.4187988810949,-55.79482919229680,10.00080413160424,.1297731860721589E-002,.7789752656378241E-003,3113.305042260347,100.0291521718565,.5385595412207504E-002,.2046544267573404E-001,.1094948755162021E-001,.7674518938611258E-002,-.4168670197182674E-003
10500.26591003560,825.5812011189107,-51.69496449950447,9.999749626236346,.2241793827306892E-002,-.7794707820004756E-003,2672.554694631357,100.0041570728675,.4298259853166032E-002,.1599964050293070E-001,.2113840028004242E-001,-.7936966075145366E-002,-.4069936937570921E-003
10500.26591003560,849.4812613395625,-47.89245937509110,10.00254944226775,.2420189706891903E-002,.8577018571342332E-003,2293.833853746198,100.0589954124218,.3957583723704784E-002,.1284025423866906E-001,.2319119697922798E-001,.8477849324599203E-002,-.4019756649288235E-003
10500.26591003560,866.9837592818446,-45.07216903558596,9.995816711657152,.2310841234247911E-002,-.1092322931233253E-002,2031.622869642118,99.92319737232074,.3720543745886569E-002,.1115372205771604E-001,.2237242540100310E-001,-.1103523291527077E-001,-.3683698530997115E-003
10500.26591003560,874.9999999999990,-43.77654000844338,10.00148448490383,-.2888968846556346E-003,.2137945472450788E-002,1916.499190430387,100.0370187954284,.4415174010123249E-002,.1065724228112402E-001,-.3667162373529528E-002,.2125517936016998E-001,-.3966715070578195E-003
10500.26591003560,875.0000000000010,-43.77654000844349,10.00148448490386,-.2888968846556381E-003,.2137945472450798E-002,1916.499190430394,100.0370187954287,.4415174010123262E-002,.1065724228112406E-001,-.3667162373529501E-002,.2125517936017002E-001,-.3966715070578215E-003
10500.26591003560,883.0162407181449,-42.46573825373208,10.00025235075105,.2715730921554966E-003,-.6590174299225475E-003,1803.444277796024,100.0108593327231,.3379686464520723E-002,.9867049490622013E-002,.2236583470345305E-002,-.6641994919814863E-002,-.3779124748575245E-003
10500.26591003560,900.5187386604171,-39.59194095841215,10.00272548419223,-.5187836421230046E-003,.5175011420542825E-003,1567.611471079696,100.0595382595604,.2983118281582648E-002,.8584020509279868E-002,-.5563689524509731E-002,.4983423976167538E-002,-.3171326873977986E-003
10500.26591003560,924.4187988810968,-35.61331153171545,9.999618558817286,.1461539772095593E-002,-.4704078347710970E-003,1268.380223518121,99.99641379198106,.2563460380671605E-002,.7353655825349037E-002,.1446101355292100E-001,-.4815825671897625E-002,-.3322227130842744E-003
10500.26591003560,950.5812011189056,-31.19782066860913,10.00061854612249,.6876471976725003E-003,.4703374752558212E-003,973.3615215840630,100.0157004721175,.2294319337213554E-002,.6270691832859705E-002,.6826234904883186E-002,.4476581808509464E-002,-.3162091326450974E-003
10500.26591003560,974.4812613395675,-27.10285233821914,9.998652199660462,.1524736652943499E-002,-.5169423265158634E-003,734.6116482748364,99.97588924725108,.2224124334449650E-002,.5611807997820458E-002,.1531146547402395E-001,-.5345390487287941E-002,-.3576132070235261E-003
10500.26591003560,991.9837592818476,-24.07197980958401,9.998910043089055,.1024013012160246E-002,.6567568104291463E-003,579.5009145681843,99.98088139822178,.2276422203104479E-002,.5201590219405899E-002,.1031935352064374E-001,.6273351708405567E-002,-.3530878170030429E-003
10500.26591003560,999.9999999999980,-22.67081709620735,9.998654778638020,.7492512239460295E-003,-.1225904049288549E-002,514.0041168704446,99.97623282394434,.2627771062712679E-002,.5398059628435774E-002,.7581107048539561E-002,-.1237496219425666E-001,-.4253672223875440E-003
10500.26591003560,999.9999999999980,-22.67081709620734,9.998654778638020,.7492512239460292E-003,-.1225904049288549E-002,514.0041168704445,99.97623282394431,.2627771062712678E-002,.5398059628435774E-002,.7581107048539555E-002,-.1237496219425666E-001,-.4253672223875440E-003
10500.26591003560,1008.016240718138,-21.26909372186348,9.999764224497119,-.4789284669913674E-003,.3593704323495114E-003,452.4101264840021,99.99769684104406,.2125091317851395E-002,.4946438363133657E-002,-.4642566003870217E-002,.3319494601260789E-002,-.3880526380451310E-003
10500.26591003560,1025.518738660421,-18.17782352373715,10.00004772148170,-.2416905961334392E-003,-.2829852864688490E-003,330.4645676628709,100.0030169426434,.1977984447240562E-002,.4721974727810913E-002,-.2234220236019616E-002,-.3151001573114015E-002,-.4160474099478338E-003
10500.26591003560,1049.418798881096,-13.90970727019759,9.999887038794014,.3025025056324800E-004,.2575159328502604E-003,193.5061173230196,99.99960236051078,.1896813287341400E-002,.4411979689993959E-002,.5054482679523568E-003,.2206641927314408E-002,-.4218738502983401E-003
10500.26591003560,1075.581201118908,-9.171316302786224,9.998890554788854,-.1112855399083442E-003,-.2575572214671398E-003,84.13475505165131,99.97943322314339,.1924535066352604E-002,.4186697508970886E-002,-.8536899029535951E-003,-.2994225860167687E-002,-.4221667698463791E-003
10500.26591003560,1099.481261339562,-4.785613956116308,9.999572216620525,.2567899335966838E-003,.2832910329365924E-003,22.92056741180700,99.99299200114764,.2093945170689974E-002,.3981769776763513E-002,.2835216349132513E-002,.2389261956025981E-002,-.4042357437504717E-003
10500.26591003560,1116.983759281850,-1.537628927139681,9.997452953324082,.1178197882789524E-003,-.3606305671750743E-003,2.380803449975978,99.95057360078209,.2242328747412789E-002,.3909804419378923E-002,.1481813930102143E-002,-.4077888577898618E-002,-.4041141999666212E-003
10500.26591003560,1125.000000000006,-.4271464202122301E-001,9.998958324717005,-.5002480675497965E-003,.6384516367310418E-003,.1757122804034982E-001,99.98105187356974,.2534226776428684E-002,.4070427145913861E-002,-.4762232142240492E-002,.5970617690356951E-002,-.3948032793774863E-003
10500.26591003560,1125.000000000003,-.4271464202122290E-001,9.998958324716977,-.5002480675497978E-003,.6384516367310379E-003,.1757122804034977E-001,99.98105187356947,.2534226776428675E-002,.4070427145913848E-002,-.4762232142240509E-002,.5970617690356939E-002,-.3948032793774854E-003
10500.26591003560,1133.016240718150,1.462486139511334,9.999433739324914,-.6587250469781408E-003,-.1635612980590774E-003,2.153859710365635,99.99008696931230,.2301989276874185E-002,.3836957822749144E-002,-.6275778645203570E-002,-.2118646097342270E-002,-.4034783536185289E-003
10500.26591003560,1150.518738660425,4.766392213707147,9.999526215056882,-.9042897217798863E-003,.1284412671570712E-003,22.73209848739281,99.99179167627113,.2320511522700098E-002,.3739901313216578E-002,-.8708434506470540E-002,.7498810029475996E-003,-.3854701085081775E-003
10500.26591003560,1174.418798881095,9.329112603107195,9.998719569094444,-.1011668010375518E-003,-.1167593649434111E-003,87.04442064181814,99.97553651712963,.2368263397400104E-002,.3658927908149529E-002,-.6504494311981718E-003,-.1730828066642568E-002,-.3974687395597428E-003
10500.26591003560,1200.581201118908,14.38669403529740,9.999027098360141,-.7406326579915154E-003,.1167536550377720E-003,206.9877584204399,99.98162091648334,.2340955024220009E-002,.3576043792690967E-002,-.7037749242869748E-002,.5754638155098541E-003,-.3773082364685701E-003
10500.26591003560,1224.481261339567,19.06663832825390,9.998300406135741,-.2358521343758012E-004,-.1283353002522295E-003,363.5466065725391,99.96708828067852,.2322466123936613E-002,.3513260312441113E-002,.1210447446287569E-003,-.1879447470618753E-002,-.3733994335317159E-003
10500.26591003560,1241.983759281857,22.52800014703399,9.998021983084040,-.3867120218968567E-003,.1631559923772164E-003,507.5201627275457,99.96159212297067,.2280048063557719E-002,.3485728634461481E-002,-.3540879372237198E-002,.1032479758714721E-002,-.3404234516958234E-003
10500.26591003560,1249.999999999995,24.12432297024309,9.998873123068851,-.6483138380836365E-003,-.2742299202623035E-003,581.9921715860507,99.97890291417409,.2507231382350735E-002,.3672657333560292E-002,-.6174116363711915E-002,-.3274951250174860E-002,-.3777175748067894E-003
10500.26591003560,1250.000000000008,24.12432297024334,9.998873123068947,-.6483138380836448E-003,-.2742299202622996E-003,581.9921715860564,99.97890291417507,.2507231382350759E-002,.3672657333560326E-002,-.6174116363711998E-002,-.3274951250174895E-002,-.3777175748067930E-003
10500.26591003560,1258.016240718153,25.72508710651954,9.998830998320074,-.1212690276054254E-002,.6368999247439479E-004,661.7890926305200,99.97777953426348,.2210492286575861E-002,.3460312744746677E-002,-.1180218584999157E-001,.3983365502724032E-004,-.3304919438728905E-003
10500.26591003560,1275.518738660422,29.24507227042522,9.998991452843445,-.6716626056335138E-003,-.5012810801250560E-004,855.2829154185124,99.98091906029626,.2069076006710225E-002,.3402500348156580E-002,-.6398024775376491E-002,-.1102621694731236E-002,-.3177029884335626E-003
10500.26591003560,1299.418798881096,34.09985627063926,9.998757438726948,-.3856822783512757E-003,.4562220264575515E-004,1162.808504112576,99.97626195698703,.1943192793165296E-002,.3340737423853890E-002,-.3526985783454015E-002,-.1436822972612772E-003,-.2959145178369387E-003
10500.26591003560,1325.581201118905,39.47898419818982,9.998638789500340,-.3469265164304193E-003,-.4562060120737134E-004,1558.598228949113,99.97388491665771,.1831991320846888E-002,.3267265348457492E-002,-.3119310074232964E-002,-.1051537762039922E-002,-.2960985432325807E-003
10500.26591003560,1349.481261339568,44.45121478164062,9.998839123947292,-.7394254698002206E-004,.5019406870395804E-004,1975.918353009631,99.97793199297334,.1731944272947643E-002,.3218285585722295E-002,-.3753492518743275E-003,-.8710936575477904E-004,-.2832684080428850E-003
10500.26591003560,1366.983759281844,48.12809580582704,9.997636223909570,.1367723865979545E-003,-.6392002955603565E-004,2316.321355337105,99.95391922570951,.1751796018600722E-002,.3186694419080905E-002,.1743480998408868E-002,-.1223988742327519E-002,-.2920570670268696E-003
10500.26591003560,1375.000000000005,49.82138495006070,10.00003331940043,-.6589556819711776E-003,.9542593909650184E-004,2482.178125351265,100.0021496910066,.1891069495968097E-002,.3377682217677942E-002,-.6260117749648582E-002,.4183689055763697E-003,-.2900898361671358E-003
10500.26591003560,1375.000000000025,49.82138495006149,10.00003331940059,-.6589556819711910E-003,.9542593909650184E-004,2482.178125351304,100.0021496910082,.1891069495968126E-002,.3377682217677993E-002,-.6260117749648696E-002,.4183689055764269E-003,-.2900898361671403E-003
10500.26591003560,1383.016240718153,51.52197106138263,9.999148104032161,-.9263581304581802E-003,-.1418094601344805E-004,2654.521168170402,99.98415516658388,.1669205177872233E-002,.3160361209455414E-002,-.8890070533075271E-002,-.7250025107823303E-003,-.2927977065270266E-003
10500.26591003560,1400.518738660420,55.25609365696969,9.999134864539961,-.4806938208425414E-003,.1112073846850086E-004,3053.243492908778,99.98385245341889,.1611749131962272E-002,.3119793998144119E-002,-.4423091799790800E-002,-.4859314336095582E-003,-.2777283330386777E-003
10500.26591003560,1424.418798881092,60.40451590294582,9.998763723603211,-.6964138411760020E-004,-.1009307431623879E-004,3648.713066784073,99.97642774175233,.1611024590598305E-002,.3052058974437609E-002,-.3047489696109094E-003,-.6937323877515608E-003,-.2773096679968600E-003
10500.26591003560,1450.581201118911,66.10419793800514,9.998983035397320,-.3348722286167158E-003,.1009822030977460E-004,4369.772459001272,99.98084342749242,.1634978299862268E-002,.2989083716624993E-002,-.2944823016888341E-002,-.4983111807284300E-003,-.2696252306940802E-003
10500.26591003560,1474.481261339574,71.37000874327228,9.998569072942855,.5486965485242525E-004,-.1108423495313699E-004,5093.685602694342,99.97257832148964,.1679786161215590E-002,.2925584488243266E-002,.9515805135444193E-003,-.7096204290317210E-003,-.2704385191817983E-003
10500.26591003560,1491.983759281850,75.26124710022802,9.998391714611124,-.1194380076048680E-003,.1407346873723986E-004,5664.262801034320,99.96908763262610,.1701015728966637E-002,.2908362295431907E-002,-.8060652129451631E-003,-.4634615105516601E-003,-.2734801311043769E-003
10500.26591003560,1499.999999999997,77.05360559547219,9.998220044466191,-.2154647840603469E-003,-.8456777570380047E-005,5937.265647542457,99.96586910305612,.1880567252189498E-002,.3048450728570487E-002,-.1784494760874118E-002,-.6364861380278343E-003,-.2940424644765916E-003
10500.26591003560,1500.000000000005,77.05360559547269,9.998220044466255,-.2154647840603551E-003,-.8456777570377662E-005,5937.265647542498,99.96586910305676,.1880567252189509E-002,.3048450728570507E-002,-.1784494760874139E-002,-.6364861380278274E-003,-.2940424644765936E-003
10500.26591003560,1508.016240718153,78.85192827008783,9.999537644880526,-.1261127865272466E-002,-.6844513204276592E-005,6217.634136521203,99.99196974768421,.1683167664907817E-002,.2877799048768366E-002,-.1222261651729609E-001,-.6746452365949396E-003,-.2743636113538656E-003
10500.26591003560,1525.518738660410,82.80105346271736,9.998886911775347,-.3227760902599392E-003,.5370398369030998E-005,6856.022101628021,99.97888021208421,.1630517861677257E-002,.2824865023974979E-002,-.2853205687535668E-002,-.5648540501646763E-003,-.2758062697545749E-003
10500.26591003560,1549.418798881102,88.24228560092986,9.998641397413985,-.4036520839495704E-003,-.4869453537424966E-005,7786.708847128527,99.97392423387089,.1581951688426991E-002,.2775792885404266E-002,-.3691233777967234E-002,-.6753678226965910E-003,-.2797696854449912E-003
10500.26591003560,1575.581201118908,94.26291312689455,9.998652705778710,-.3408914719570063E-003,.4873976886035571E-005,8885.504991158243,99.97409189503537,.1532142898943393E-002,.2712427951817766E-002,-.3113477900010205E-002,-.5801493959030537E-003,-.2774145553512427E-003
10500.26591003560,1599.481261339566,99.82151108332249,9.998408092015630,-.3831114486541325E-003,-.5341525247276407E-005,9964.342664536729,99.96918553530612,.1520305370326947E-002,.2662618507291780E-002,-.3589284720586219E-002,-.6765033720833209E-003,-.2772167699919465E-003
10500.26591003560,1616.983759281847,103.9275028414678,9.998115245588181,-.2244924498639628E-003,.6760748122877636E-005,10800.93473473335,99.96334632653043,.1511095107814783E-002,.2627783594169377E-002,-.2037660872975428E-002,-.5472949128585078E-003,-.2661968336052737E-003
10500.26591003560,1624.999999999999,105.8178026550027,9.999488930490759,-.1528220384628373E-002,-.2899511370767140E-004,11197.41644608936,99.99100909460671,.1667308661939605E-002,.2778623366387135E-002,-.1512982352247608E-001,-.8483935659087029E-003,-.2901420030085534E-003
10500.26591003560,1625.000000000008,105.8178026550030,9.999488930490781,-.1528220384628378E-002,-.2899511370767173E-004,11197.41644608937,99.99100909460694,.1667308661939609E-002,.2778623366387140E-002,-.1512982352247617E-001,-.8483935659086587E-003,-.2901420030085542E-003
10500.26591003560,1633.016240718139,107.7146623550841,9.999223437436319,-.7932602879178379E-003,.1740996900577126E-004,11602.45769664991,99.98549160706071,.1502043188205786E-002,.2593193090456360E-002,-.7765853694246157E-002,-.4286455074162636E-003,-.2596792545665492E-003
10500.26591003560,1650.518738660408,111.8782986912862,9.998730654817299,-.9795966500268710E-003,-.1369920121433035E-004,12516.76334905981,99.97559557634537,.1448329155362045E-002,.2547172072491689E-002,-.9653165841650647E-002,-.7438205530375646E-003,-.2507512803829868E-003
10500.26591003560,1674.418798881097,117.6126693057223,9.998650403868609,-.2169978766237866E-003,.1247136641576124E-004,13832.75018861630,99.97397870111784,.1392706338921289E-002,.2476009122248850E-002,-.2071243475976542E-002,-.4686995251457007E-003,-.2256188378410032E-003
10500.26591003560,1700.581201118914,123.9539896801566,9.998596199258781,-.7485562936689515E-003,-.1246914052050274E-004,15364.60247490726,99.97293459020585,.1351524227663724E-002,.2395100037328857E-002,-.7417738615473759E-002,-.7112930414032597E-003,-.2104546472095422E-003
10500.26591003560,1724.481261339552,129.8057381154786,9.998398351539553,-.1251446421318337E-003,.1372562740110597E-004,16849.54122464862,99.96902956188916,.1321485768894710E-002,.2267000827126359E-002,-.1210142698724478E-002,-.4363632195283277E-003,-.1809162064289632E-003
10500.26591003560,1741.983759281854,134.1260958404985,9.998195815264497,-.4008810916209685E-003,-.1749673563932841E-004,17989.82163281475,99.96506618825812,.1364987444999010E-002,.2163704332807039E-002,-.3974477094949684E-002,-.7397434482974002E-003,-.1771782118486044E-003
10500.26591003560,1749.999999999983,136.1146367617021,9.998583956117244,.2181331102347943E-003,.4940425745730826E-004,18527.20662108991,99.97297533393277,.1449911564521833E-002,.2208391783922951E-002,.2200824653729328E-002,-.2265416937937206E-004,-.1694507538740472E-003
10500.26591003560,1750.000000000017,136.1146367617047,9.998583956117432,.2181331102348003E-003,.4940425745730739E-004,18527.20662109025,99.97297533393456,.1449911564521860E-002,.2208391783922993E-002,.2200824653729411E-002,-.2265416937941326E-004,-.1694507538740506E-003
10500.26591003560,1758.016240718161,138.1094051367628,10.00012300530816,-.1483603390764634E-002,-.2291297783030288E-004,19074.22027319831,100.0036491130546,.1372931493561824E-002,.2021561392824221E-002,-.1479881423772856E-001,-.7834206476177285E-003,-.1683244801549744E-003
10500.26591003560,1775.518738660420,142.4875061438881,9.997706934669814,-.3195568941246889E-003,.1798842578418442E-004,20302.70237402887,99.95536487387633,.1432592589986089E-002,.1803018258497730E-002,-.3144320180976304E-002,-.3805404430888134E-003,-.1349892105918363E-003
10500.26591003560,1799.418798881107,148.5148593651701,10.00028767773498,-.2913055098751880E-003,-.1635004726369257E-004,22056.67697740073,100.0070713843980,.1557847938935903E-002,.1490456764206167E-002,-.2845626755720043E-002,-.7071154262039260E-003,-.1341174128877035E-003
10500.26591003560,1825.581201118914,155.1770114576198,9.994951504965758,.9119789023829287E-003,.1635108944229911E-004,24079.91888306968,99.90053198181292,.1818841654194826E-002,.1124735228488928E-002,.9206874107441480E-002,-.3729514727113183E-003,-.1123407049022155E-003
10500.26591003560,1849.481261339561,161.3218753854446,9.995775368486825,-.1270393953797916E-003,-.1797413510176020E-004,26024.76169710531,99.91666860835161,.1645906203349913E-002,.8006831990985275E-003,-.1183624239138710E-002,-.5602690521336413E-003,-.8760175798877554E-004
10500.26591003560,1866.983759281861,165.8572500702293,9.997883825963001,-.3596408711230229E-003,.2286600290220207E-004,27508.64161633426,99.95855748068642,.1292836362323421E-002,.5727563530882181E-003,-.3519685375509643E-002,.1635281529230228E-004,-.5970368630673954E-004
10500.26591003560,1874.999999999985,167.9445812801869,9.998777311992288,.2105861119097816E-004,-.3878332712700564E-004,28205.39659140818,99.97629081650334,.1073664440253142E-002,.5310588752280511E-003,.2284416583705068E-003,-.4936348872495559E-003,-.5063531908572343E-004
10500.26591003560,1875.000000000024,167.9445812801902,9.998777311992484,.2105861119097816E-004,-.3878332712700844E-004,28205.39659140873,99.97629081650535,.1073664440253164E-002,.5310588752280615E-003,.2284416583704964E-003,-.4936348872495689E-003,-.5063531908572441E-004
10500.26591003560,1883.016240718141,170.0379557161118,9.999191654878812,-.1656646115332209E-003,.9110216301824907E-005,28912.92051421505,99.98443665183888,.9122789555354124E-003,.3954162331166149E-003,-.1601525379641022E-002,-.2761381048607355E-004,-.3538830073614816E-004
10500.26591003560,1900.518738660420,174.6311177597240,9.999683514520612,-.8024374214284823E-004,-.7161676932190005E-005,30496.04127959693,99.99404458243441,.5834382321025010E-003,.2507602489268279E-003,-.7901860444399587E-003,-.1111077717415135E-003,-.1289854533699911E-004
10500.26591003560,1924.418798881097,180.9515986537386,9.999955542364296,-.1200992048749482E-004,.6513920441211670E-005,32743.49484408597,99.99941445742431,.4487305519510979E-003,.1316451417486303E-003,-.1101587002262723E-003,.5106313611419902E-004,-.6516373002993047E-005
10500.26591003560,1950.581201118912,187.9347581741460,9.999967320582819,-.1505668605124039E-004,-.6513879580593358E-005,35319.48695864507,99.99961036014335,.3959546384052709E-003,.5016664353929012E-004,-.1563577391265423E-003,-.6527957450265873E-004,-.6670657648955021E-006
10500.26591003560,1974.481261339550,194.3726508830329,10.00001295209031,.7635902223490231E-005,.7162592310029781E-005,37780.74097203498,100.0005462922909,.4082508814586708E-003,.1328748217966287E-004,.7593461786838639E-004,.7126730752009375E-004,-.9223313492415196E-006
10500.26591003560,1991.983759281852,199.1228205067595,9.999974593049362,-.8470575552720452E-005,-.9113944057149511E-005,39649.91117578385,99.99975560490037,.3862851766534359E-003,.2365321238028680E-005,-.9645929754367516E-004,-.8943464520179656E-004,-.1011720792790013E-005
10500.26591003560,1999.999999999968,201.3082458879180,9.999999999999938,.000000000000000E+000,.000000000000000E+000,40525.02353325182,99.99999999999957,.000000000000000E+000,.000000000000000E+000,.000000000000000E+000,.000000000000000E+000,.000000000000000E+000
11000.49062205476,.000000000000000E+000,-108.8910870646933,4.032348384487895,1.178261214986415,.000000000000000E+000,11857.48144571663,16.47443571401582,1.643623212631618,.000000000000000E+000,4.744425203742938,.000000000000000E+000,.000000000000000E+000
11000.49062205476,8.016240718149545,-108.5577960887958,4.397014758135445,1.282810650044066,.4779719184169187E-004,11785.00593411843,19.60254545546301,1.944621205514070,.1633303561677270E-002,5.637987903252124,-.1055133570706645E-001,-.2584036149990418E-002
11000.49062205476,25.51873866042869,-107.8736685222424,5.091339996621502,1.473037716455424,-.3893256735802020E-004,11636.93867965811,26.31814934197878,2.538422695361937,.1776557419970099E-001,7.515549126469080,-.4803652859597317E-001,-.1206747585246812E-001
11000.49062205476,49.41879888109523,-107.0224996473780,5.750754461244400,1.645763214602744,.3522661732497984E-004,11454.02698295080,33.55533576192853,3.130614732176253,.6295677416876469E-001,9.491647913004719,-.1006762728391075,-.2438927289968729E-001
11000.49062205476,75.58120111890503,-106.1734723980799,6.122127749726694,1.752210689444209,-.3635925963086642E-004,11273.01854654211,37.93334495688717,3.503180791834471,.1254138630791404,10.75285072651577,-.1278402620012868,-.2909231321956180E-001
11000.49062205476,99.48126133957076,-105.4356765909197,6.275860614355150,1.815567504168755,.3765735211285078E-004,11116.89474668611,39.77290883703711,3.703442107120592,.1804349428581051,11.41965204813090,-.1326582735570733,-.2873173329367194E-001
11000.49062205476,116.9837592818501,-104.9054323054110,6.332894813581849,1.851313496794972,-.4795199681953931E-004,11005.36261162396,40.44791750698504,3.805871893241983,.2162102749841852,11.75025810525553,-.1318301349481715,-.2751331031660734E-001
11000.49062205476,124.9999999999995,-104.6619595146636,6.350530885640413,1.865929036754881,.2774661324199956E-003,10954.33833327289,40.65491842343489,3.845826466768342,.2309443741204757,11.87607150173733,-.1287311622196564,-.2637472385498705E-001
11000.49062205476,124.9999999999989,-104.6619595146630,6.350530885640381,1.865929036754871,.2774661324200060E-003,10954.33833327284,40.65491842343468,3.845826466768322,.2309443741204745,11.87607150173727,-.1287311622196560,-.2637472385498693E-001
11000.49062205476,133.0162407181498,-104.4213551020027,6.363884075617975,1.878855314249891,-.1928897900186615E-003,10904.03108029994,40.81024567609556,3.880298612803157,.2448432693816876,11.98341110515038,-.1299570793856965,-.2639741151326293E-001
11000.49062205476,150.5187386604267,-103.8909568565425,6.384466428494775,1.904391902284175,.1534459950875001E-003,10793.53920935404,41.04786070265449,3.948100697487400,.2713829874183267,12.18479915789132,-.1236405436182320,-.2414179250845572E-001
11000.49062205476,174.4187988810964,-103.1650630642443,6.398921667552933,1.932869396493891,-.1426311434993264E-003,10643.22900114907,41.20931433307636,4.025319074839491,.2998374703381834,12.39192288533822,-.1189383644049899,-.2276709335882399E-001
11000.49062205476,200.5812011189036,-102.3615061878614,6.402454391964680,1.955947608479300,.1405735917108051E-003,10478.06165761458,41.23953602117499,4.093691988649363,.3209858862111434,12.54222092340727,-.1097189616882435,-.2039562268214017E-001
11000.49062205476,224.4812613395718,-101.6214860843411,6.398538091600436,1.971745664856628,-.1553291341402315E-003,10327.09464994386,41.18340715089298,4.148033921158984,.3316248995778918,12.62965452172989,-.1046058746236791,-.1935229735629041E-001
11000.49062205476,241.9837592818481,-101.0731304705931,6.394725158499162,1.981537781284340,.1854805879112093E-003,10215.93525949022,41.13254449303795,4.185407535492606,.3344196556247548,12.67859643461511,-.9722370463249090E-001,-.1768187552450425E-001
11000.49062205476,249.9999999999999,-100.8236822253356,6.392975572339710,1.985353187968178,-.7916916353821251E-003,10165.56773302467,41.10925231968753,4.201010633601105,.3343504366246856,12.69632241934994,-.1010551439161646,-.1918641443780804E-001
11000.49062205476,249.9999999999981,-100.8236822253349,6.392975572339664,1.985353187968164,-.7916916353821381E-003,10165.56773302460,41.10925231968723,4.201010633601077,.3343504366246834,12.69632241934985,-.1010551439161641,-.1918641443780788E-001
11000.49062205476,258.0162407181497,-100.5674526830254,6.391720850421775,1.988793901409742,.4915527022292671E-003,10113.96113350360,41.09209138881508,4.215593360348034,.3335199757163828,12.71232495534366,-.9040195807229641E-001,-.1624541077490405E-001
11000.49062205476,275.5187386604276,-100.0143417514560,6.390148969755495,1.994280837583241,-.3978408431305576E-003,10003.00795525915,41.06883963047829,4.241915659891630,.3288311408905097,12.73645418998158,-.9074967642888994E-001,-.1719074346925399E-001
11000.49062205476,299.4187988810972,-99.24696247913042,6.392180008711656,1.995830262405343,.3627726483110701E-003,9850.087395847067,41.09020896737573,4.259214059408402,.3164360395480172,12.73884072664511,-.7855392699693538E-001,-.1425207687213041E-001
11000.49062205476,325.5812011189054,-98.40101049829235,6.401762156193191,1.988337107984190,-.3634353943970051E-003,9682.875414708544,41.21045290567422,4.248055841441218,.2950904788342145,12.69786668649783,-.7518341256070959E-001,-.1340236859799773E-001
11000.49062205476,349.4812613395671,-97.61563065067669,6.420983409252552,1.973587068040338,.3958573736109715E-003,9528.921150079124,41.45710172464327,4.209356870086618,.2697404072027068,12.63283283279283,-.6262981072502871E-001,-.9240036509203863E-002
11000.49062205476,366.9837592818539,-97.03866347548276,6.441518933702030,1.958810244993632,-.4799568690260019E-003,9416.609760423926,41.72249997743964,4.164419080338861,.2482039300836001,12.57623770692319,-.6251999179116503E-001,-.8735566849853525E-002
11000.49062205476,375.0000000000026,-96.76576990292118,6.452164904422080,1.951434761007409,.1914202079454882E-002,9363.721774678244,41.86104172987555,4.141553308558331,.2380547535430440,12.55006839976133,-.4422692736073834E-001,-.2963097246179572E-002
11000.49062205476,375.0000000000005,-96.76576990292061,6.452164904422039,1.951434761007397,.1914202079454882E-002,9363.721774678186,41.86104172987530,4.141553308558304,.2380547535430425,12.55006839976125,-.4422692736073799E-001,-.2963097246179616E-002
11000.49062205476,383.0162407181469,-96.50558981231356,6.464938884683446,1.942427047071269,-.1200320359379072E-002,9313.436595590987,42.02820890769054,4.110747421213085,.2271061150489357,12.51832847567009,-.6189244816133909E-001,-.7858252964939496E-002
11000.49062205476,400.5187386604230,-95.91032124350531,6.497585783793427,1.921613219513074,.9679841116369899E-003,9198.899908144718,42.45872810580116,4.038942257429889,.2038950361623028,12.45184131839201,-.4107080367826167E-001,-.1498000795526095E-002
11000.49062205476,424.4187988810962,-95.09865340465460,6.558600839059906,1.883165016233747,-.8859510775263983E-003,9043.871588960832,43.27101584833040,3.895080689327008,.1721113682559157,12.32541933300052,-.4496138301230664E-001,-.1755737196761551E-002
11000.49062205476,450.5812011189073,-94.17763594985053,6.669510223784785,1.822711232801910,.8893689143935546E-003,8869.558945658231,44.76718223734339,3.661407785144479,.1416502915082014,12.13540951156357,-.2347554417990785E-001,.4711473954886400E-002
11000.49062205476,474.4812613395653,-93.30775514700953,6.842579723328999,1.741858637874115,-.9749905594933262E-003,8706.492129937908,47.16062626963648,3.349103602606197,.1210765172067829,11.89202809760917,-.2793462987493684E-001,.4160861530988564E-002
11000.49062205476,491.9837592818488,-92.62258788404816,7.043632398622267,1.649167209159913,.1209992251914324E-002,8579.127029128351,50.03440611564147,3.016349007775858,.1166362129800110,11.56363358072852,-.6023270298174331E-002,.8775129393884685E-002
11000.49062205476,499.9999999999977,-92.30359781517751,7.154332322965974,1.599487185833524,-.4498964837000735E-002,8520.158999343539,51.66878148864043,2.852179463874599,.1178074007247509,11.36572946093112,-.4599715902367776E-001,.9547189160509740E-003
11000.49062205476,499.9999999999993,-92.30359781517780,7.154332322965997,1.599487185833529,-.4498964837000748E-002,8520.158999343566,51.66878148864058,2.852179463874607,.1178074007247513,11.36572946093115,-.4599715902367790E-001,.9547189160509801E-003
11000.49062205476,508.0162407181474,-91.94512414102259,7.309856149310546,1.527445161836425,.2327757293503289E-002,8454.131506499381,53.96761170690245,2.617669775075745,.1232560786269412,11.06125147432499,.6836575525993821E-002,.1123728953884143E-001
11000.49062205476,525.5187386604250,-91.11540406412297,7.695485043091233,1.354892780833698,-.1841559526017480E-002,8302.326694194546,59.89555987797243,2.109424074032239,.1450148495697166,10.24346041062657,-.1859646075965698E-001,.4365264502729019E-002
11000.49062205476,549.4187988810925,-89.71616758261482,8.426133017075866,1.021056571102173,.1687841683594346E-002,8049.572516961020,71.78150659221214,1.316899617762598,.2005062588266860,8.320140092664786,.1333579675586056E-001,.6683074025729664E-002
11000.49062205476,575.5812011189098,-87.62408149669069,9.354443145484741,.5536606339288053,-.1686591578771325E-002,7679.257396534407,88.00348525333523,.5496257914826141,.2591991593196687,4.953394382983459,-.1362398187597416E-001,.7662991706344478E-003
11000.49062205476,599.4812613395654,-84.99813959775986,9.973521476648029,.1662606095434231,.1855131163058559E-002,7226.660962501754,99.64787689693804,.1694252770966547,.2555456318610009,1.606806042903617,.2262111242742209E-001,-.1233270669890933E-003
11000.49062205476,616.9837592818517,-82.69970390277233,10.11230907244842,.1683596844070994E-001,-.2399871725074098E-002,6841.303264734375,102.3870048319872,.7623743355250404E-001,.2117813574228953,.1713253679488019,-.2301893893129474E-001,-.1762629559381619E-003
11000.49062205476,625.0000000000007,-81.58584621800082,10.15350702201057,-.2599545188001721E-001,.5766415013268428E-002,6658.231620470291,103.2200926429266,.6458489318310691E-001,.1909613892774011,-.2653934888028709,.5846571910156009E-001,-.2690350199102777E-003
11000.49062205476,625.0000000000039,-81.58584621800119,10.15350702201061,-.2599545188001733E-001,.5766415013268441E-002,6658.231620470322,103.2200926429271,.6458489318310716E-001,.1909613892774020,-.2653934888028721,.5846571910156036E-001,-.2690350199102742E-003
11000.49062205476,633.0162407181493,-80.43987550641828,10.13263607057388,-.3529773950931740E-001,-.1999927722860123E-002,6472.410734886500,102.7822990780562,.4887917680946618E-001,.1675031618371144,-.3602218546250785,-.1803571514762836E-001,-.4925893938644442E-003
11000.49062205476,650.5187386604227,-77.91144613695994,10.11388220437109,-.4329918692276355E-001,.1566293424821143E-002,6071.689618003109,102.3801202005099,.3592462986759923E-001,.1276111360468037,-.4463379526780060,.1596785475808874E-001,-.2127914653816059E-003
11000.49062205476,674.4187988810944,-74.42304022006579,10.07103967183281,-.2729783510440995E-001,-.1423708098138325E-002,5539.873160477188,101.4895628831622,.2409302184610165E-001,.9016259480202192E-001,-.2833714270965807,-.1352717707895985E-001,-.3951148516675786E-003
11000.49062205476,700.5812011189064,-70.59954366361370,10.03293598892253,-.1069901745436891E-001,.1422588436266922E-002,4985.062375122317,100.7069510175522,.1648260306591220E-001,.6295359348878231E-001,-.1140663751181245,.1363579776170336E-001,-.2045373976024994E-004
11000.49062205476,724.4812613395709,-67.08479645126614,9.991436774071893,.9382278307891959E-002,-.1560009323923278E-002,4500.938469269829,99.86269310337548,.1238697806494816E-001,.4661872222983778E-001,.8860248576512263E-001,-.1515919402729582E-001,-.3583365588206361E-003
11000.49062205476,741.9837592818463,-64.49937184089885,9.991213607216132,.9141972249941063E-002,.1971659146378946E-002,4160.638970194129,99.84875131712195,.1011800580438543E-001,.3817772771615825E-001,.8834584098876713E-001,.1878195137500600E-001,.1021888618313127E-003
11000.49062205476,750.0000000000015,-63.29221161843665,9.998015974257177,.7145149155736229E-002,-.3608125217700208E-002,4006.337995160261,99.98444812877852,.1037042524558258E-001,.3583294489472311E-001,.6840857778353494E-001,-.3594478566124679E-001,-.3411416068353692E-003
11000.49062205476,750.0000000000056,-63.29221161843700,9.998015974257235,.7145149155736275E-002,-.3608125217700230E-002,4006.337995160285,99.98444812877905,.1037042524558264E-001,.3583294489472327E-001,.6840857778353528E-001,-.3594478566124699E-001,-.3411416068353704E-003
11000.49062205476,758.0162407181422,-62.09283944268309,10.00686523810749,.3030637050586899E-002,.1107463967224819E-002,3855.923181088468,100.1564685803831,.8407722825301896E-002,.3244145456285435E-001,.2779132096717846E-001,.1093959162618829E-001,-.2229533393750491E-003
11000.49062205476,775.5187386604150,-59.42266494310569,10.01557763593856,-.4372313510277222E-003,-.8778109165216751E-003,3531.392158581740,100.3288921761122,.7244596059010155E-002,.2718829149898276E-001,-.6657845832640452E-002,-.9120043574481913E-002,-.1682905882809228E-003
11000.49062205476,799.4187988810949,-55.73472262359532,10.00174347816343,.1971516512949790E-002,.8002472309724172E-003,3106.623334763174,100.0488781689659,.6150213918324716E-002,.2121957453563149E-001,.1774856828909491E-001,.7749417535228855E-002,-.2848251932246699E-003
11000.49062205476,825.5812011189107,-51.63463288143680,9.999586299547794,.2632539389507790E-002,-.8007722134291690E-003,2666.338594750754,100.0015300422862,.4616226288388937E-002,.1659876673029179E-001,.2507072034818213E-001,-.8433825015237558E-002,-.2843968514341539E-003
11000.49062205476,849.4812613395625,-47.83245680682102,10.00229332907234,.2400038807580475E-002,.8811346116511568E-003,2288.105127967241,100.0544418746917,.4019879466484999E-002,.1342990928574601E-001,.2299958972346410E-001,.8528494036258834E-002,-.3842307835977328E-003
11000.49062205476,866.9837592818446,-45.01223084908951,9.995963971276201,.2974186054677163E-002,-.1122156376610583E-002,2026.236327253709,99.92664583410166,.3665585895100369E-002,.1160561991410143E-001,.2904414336984412E-001,-.1159360776809403E-001,-.3620328191509901E-003
11000.49062205476,874.9999999999990,-43.71694751051886,10.00061090809519,.1038319736500711E-002,.2198761113219838E-002,1911.297555325194,100.0199490034527,.4266337489068562E-002,.1121912956457773E-001,.9777824621981984E-002,.2175437629374487E-001,-.4871541733516770E-003
11000.49062205476,875.0000000000010,-43.71694751051898,10.00061090809522,.1038319736500704E-002,.2198761113219847E-002,1911.297555325199,100.0199490034530,.4266337489068574E-002,.1121912956457776E-001,.9777824621981984E-002,.2175437629374500E-001,-.4871541733516786E-003
11000.49062205476,883.0162407181449,-42.40629231767984,10.00087123831349,.1787780919607525E-003,-.6792784769216928E-003,1798.410357110014,100.0236077093056,.3165000553586945E-002,.1026845029534803E-001,.1274243507298656E-002,-.7074442357529890E-002,-.3717507539726420E-003
11000.49062205476,900.5187386604171,-39.53260481577728,10.00275007597084,-.7419224807320279E-003,.5335113188418826E-003,1562.926388130498,100.0601964556023,.2698568816462594E-002,.8964552380798879E-002,-.7853249913989502E-002,.5002163648333001E-002,-.3763973479294306E-003
11000.49062205476,924.4187988810968,-35.55383818234083,9.999732862163796,.1487951153248027E-002,-.4849674318500486E-003,1264.155454677067,99.99888153226141,.2479022498567765E-002,.7545590022170396E-002,.1466539096741751E-001,-.5105768310030208E-002,-.3694915147214948E-003
11000.49062205476,950.5812011189056,-31.13817701905883,10.00104015961750,.6275442735061369E-003,.4849099628464790E-003,969.6495951341142,100.0242632316712,.2379401251971922E-002,.6328154509761220E-002,.6282900330163252E-002,.4532488978022695E-002,-.3756077545082334E-003
11000.49062205476,974.4812613395675,-27.04320997882603,9.998902681587200,.1524506711878543E-002,-.5329680037555646E-003,731.3869291112401,99.98116058191349,.2328471115876697E-002,.5497868453174248E-002,.1536096948207219E-001,-.5593681396548277E-002,-.4046972576544798E-003
11000.49062205476,991.9837592818476,-24.01248037938320,9.998959986560708,.1324109445121905E-002,.6771937257402923E-003,576.6438658965485,99.98204779175364,.2289670346809322E-002,.5013297070892345E-002,.1344246735015165E-001,.6433736906031808E-002,-.3956834262394992E-003
11000.49062205476,999.9999999999980,-22.61149417084770,9.998596098187470,.7032482684873568E-003,-.1285866282245593E-002,511.3215166713799,99.97527219035045,.2704381840067362E-002,.5135225496158934E-002,.7144548535231979E-002,-.1306494676752123E-001,-.4493157470960594E-003
11000.49062205476,999.9999999999980,-22.61149417084769,9.998596098187468,.7032482684873568E-003,-.1285866282245593E-002,511.3215166713798,99.97527219035044,.2704381840067361E-002,.5135225496158934E-002,.7144548535231977E-002,-.1306494676752123E-001,-.4493157470960594E-003
11000.49062205476,1008.016240718138,-21.20973284585324,10.00024557760498,-.2084645453357054E-003,.3880516451349877E-003,449.8919859184039,100.0075273608709,.2137314921984988E-002,.4658443875551341E-002,-.1877526747635951E-002,.3560374399980879E-002,-.4193969639719540E-003
11000.49062205476,1025.518738660421,-18.11856682784436,10.00040647775706,.1982362307339787E-003,-.3055046960904395E-003,328.3167351699508,100.0103230397659,.1997501372010128E-002,.4352050641347039E-002,.2218199984943615E-002,-.3413852628574236E-002,-.4392842857506126E-003
11000.49062205476,1049.418798881096,-13.85040605988621,10.00017352651425,.1843724291445512E-003,.2779963033195966E-003,191.8624531479087,100.0054679561988,.1970300774922222E-002,.3985197021718200E-002,.2113094462205284E-002,.2407671013476188E-002,-.4723334496056481E-003
11000.49062205476,1075.581201118908,-9.112074864150202,9.999184032502574,-.8365497383534077E-004,-.2780310236244337E-003,83.05382635404334,99.98539362657002,.1977179392184346E-002,.3730140830709096E-002,-.5336092441927294E-003,-.3163807908678426E-002,-.5024604431582015E-003
11000.49062205476,1099.481261339562,-4.726461908274157,10.00004918735440,.1026525523981862E-004,.3058092005198485E-003,22.35995889131025,100.0026321548771,.1943266846526818E-002,.3547990929056178E-002,.3903807110592003E-003,.2685781198527792E-002,-.5155319268158201E-003
11000.49062205476,1116.983759281850,-1.478680411385244,9.997367335907388,.2376507367202096E-003,-.3892803832024593E-003,2.204906110006640,99.94894061290461,.1934238303933473E-002,.3488035630295432E-002,.2676472604448966E-002,-.4255341859555896E-002,-.5122301350977633E-003
11000.49062205476,1125.000000000006,.1612214165051689E-001,10.00085700738247,-.1342826306803473E-002,.7066145983813656E-003,.1791664882610559E-001,100.0191167282411,.2177579401817576E-002,.3672615261893811E-002,-.1322397520479333E-001,.6789512109378597E-002,-.5106211644335755E-003
11000.49062205476,1125.000000000003,.1612214165051684E-001,10.00085700738245,-.1342826306803472E-002,.7066145983813639E-003,.1791664882610554E-001,100.0191167282409,.2177579401817570E-002,.3672615261893801E-002,-.1322397520479330E-001,.6789512109378584E-002,-.5106211644335741E-003
11000.49062205476,1133.016240718150,1.521233602813896,9.999401797827169,-.8389576388309148E-003,-.1910361562351692E-003,2.330962801834286,99.98951921423273,.1832537459900708E-002,.3425308233448416E-002,-.8111898312257528E-002,-.2258508872426807E-002,-.4955758245945652E-003
11000.49062205476,1150.518738660425,4.824971310078485,10.00051261566521,-.1009075647544183E-002,.1500442961882998E-003,23.29567394992531,100.0116062349901,.1687507877346053E-002,.3334592427907041E-002,-.9818147875278085E-002,.1147239337882470E-002,-.4505202927739535E-003
11000.49062205476,1174.418798881095,9.387725299356241,9.999278974702904,-.2742882014001213E-004,-.1363992715787711E-003,88.14297731710613,99.98680329270667,.1653923040308409E-002,.3250681687413289E-002,-.3945637242019559E-005,-.1713662401813964E-002,-.4368357491009645E-003
11000.49062205476,1200.581201118908,14.44526742434481,9.999835873963599,-.7703047235298468E-003,.1363967616388349E-003,208.6777871540663,99.99786061946749,.1702314990295703E-002,.3174377921677283E-002,-.7444245906935352E-002,.9934511718359129E-003,-.4153215102702185E-003
11000.49062205476,1224.481261339567,19.12531641300046,9.998898860904717,.2475164787830758E-004,-.1499243524771265E-003,365.7885694228601,99.97906287400652,.1795630332875222E-002,.3133895873671323E-002,.5176850272622189E-003,-.1901393549336336E-002,-.4399050773102196E-003
11000.49062205476,1241.983759281857,22.58666308301768,9.998552138369476,-.4425219376305984E-003,.1906058959054966E-003,510.1674381862462,99.97214303750816,.1910131520010223E-002,.3127929190026384E-002,-.4156525860105204E-002,.1478967656514302E-002,-.4467578615953092E-003
11000.49062205476,1249.999999999995,24.18304891940868,9.999562223277588,-.9901783557494210E-003,-.3311172023980507E-003,584.8296487273161,99.99261921339182,.2161358542432575E-002,.3341115087713290E-002,-.9678142635336576E-002,-.3697792425343103E-002,-.4854351670764657E-003
11000.49062205476,1250.000000000008,24.18304891940891,9.999562223277682,-.9901783557494342E-003,-.3311172023980550E-003,584.8296487273224,99.99261921339274,.2161358542432596E-002,.3341115087713321E-002,-.9678142635336659E-002,-.3697792425343160E-002,-.4854351670764705E-003
11000.49062205476,1258.016240718153,25.78372725066284,9.999490520824390,-.1509484861913623E-002,.8326690466866509E-004,664.8100637217460,99.99087188715954,.1933263247739655E-002,.3126331587244927E-002,-.1481516754935403E-001,.3755153699420977E-003,-.4512756781162124E-003
11000.49062205476,1275.518738660422,29.30375524630376,9.999510046510618,-.1005139408854677E-002,-.6552739639375084E-004,858.7189633731605,99.99115470563368,.1913421097042617E-002,.3108292687370772E-002,-.9745319047279884E-002,-.1173553243072577E-002,-.4606527456340765E-003
11000.49062205476,1299.418798881096,34.15859190645520,9.999155175718675,-.7425826286292232E-003,.5963544388142440E-004,1166.817641927934,99.98404618660322,.1962042463810520E-002,.3087189435864559E-002,-.7087503664145747E-002,.4886016938802570E-004,-.4512135982198190E-003
11000.49062205476,1325.581201118905,39.53785150389029,9.998864317231064,-.7701000034838509E-003,-.5963198650280749E-004,1563.249380230055,99.97826617586796,.2021140050998643E-002,.3057382858760902E-002,-.7336066935533667E-002,-.1200219589183583E-002,-.4333655765613968E-003
11000.49062205476,1349.481261339568,44.51009053895778,9.998932700471963,-.2877508901334902E-003,.6560899429176523E-004,1981.155454568466,99.97970335411263,.2128012187726964E-002,.3031700913200768E-002,-.2490676279551199E-002,.4722720333431157E-004,-.4102154625722996E-003
11000.49062205476,1366.983759281844,48.18702494736307,9.997877009938613,-.3236047618048071E-003,-.8354278108273076E-004,2321.996433645205,99.95869407450522,.2177344468789778E-002,.3042016779364008E-002,-.2842104181318958E-002,-.1475138169149621E-002,-.3993955028040664E-003
11000.49062205476,1375.000000000005,49.88021196016095,9.999365915595035,-.1226082913853203E-002,.1324553712884128E-003,2488.042547560391,99.98875664391807,.2374593724281254E-002,.3225060734827031E-002,-.1191855725943393E-001,.7674644931706665E-003,-.3890538297267924E-003
11000.49062205476,1375.000000000025,49.88021196016170,9.999365915595185,-.1226082913853215E-002,.1324553712884151E-003,2488.042547560428,99.98875664391963,.2374593724281289E-002,.3225060734827080E-002,-.1191855725943414E-001,.7674644931706717E-003,-.3890538297267982E-003
11000.49062205476,1383.016240718153,51.58085598395629,9.999220818250215,-.9384466045719415E-003,-.2496184611691296E-004,2660.591590452115,99.98557950133470,.2159567378191461E-002,.3045299210493530E-002,-.8974741628015578E-002,-.8923387299702192E-003,-.3803729203537415E-003
11000.49062205476,1400.518738660420,55.31486880030631,9.999167112523438,-.8152333904387068E-003,.1959247905487197E-004,3059.741457817240,99.98447414525960,.2088916856116162E-002,.3027805893075121E-002,-.7732493000836706E-002,-.4507114568496288E-003,-.3484567752501703E-003
11000.49062205476,1424.418798881092,60.46324390017544,9.998740787970371,-.1500143864852947E-003,-.1779150388922220E-004,3655.810452161190,99.97593875270846,.1994920847635676E-002,.3018603500510065E-002,-.1071507844285918E-002,-.8322688663988023E-003,-.3332334992329813E-003
11000.49062205476,1450.581201118911,66.16277448589150,9.998902756945974,-.4168264012133667E-003,.1779937982771397E-004,4377.519198403817,99.97916395612407,.1897153481450830E-002,.2989204645913875E-002,-.3735641754278193E-002,-.4640944698712981E-003,-.3030957633327490E-003
11000.49062205476,1474.481261339574,71.42850195060734,9.998556499665652,.1627800636872104E-003,-.1954625139926800E-004,5102.037273025510,99.97221065674158,.1804685259460207E-002,.2958135575977458E-002,.2044652795806814E-002,-.8260897666322233E-003,-.2982832862185799E-003
11000.49062205476,1491.983759281850,75.31964395279246,9.998314162967112,-.3427834190149453E-004,.2483509170043930E-004,5673.055096979402,99.96738755724445,.1786280775674850E-002,.2940558024971401E-002,.6406445725304355E-004,-.3584290148098725E-003,-.2827431570130385E-003
11000.49062205476,1499.999999999997,77.11199555928249,9.998861553630043,-.9607280677715723E-004,-.2927014547832174E-004,5946.266186632868,99.97855379620469,.1928148831556748E-002,.3107514355456130E-002,-.5847854384554048E-003,-.8517176857855621E-003,-.3030278200242590E-003
11000.49062205476,1500.000000000005,77.11199555928297,9.998861553630110,-.9607280677716157E-004,-.2927014547832044E-004,5946.266186632905,99.97855379620535,.1928148831556760E-002,.3107514355456150E-002,-.5847854384553770E-003,-.8517176857854997E-003,-.3030278200242610E-003
11000.49062205476,1508.016240718153,78.91024785446791,9.999388462532851,-.1041205990106695E-002,-.4076490905638615E-006,6226.833513982107,99.98882825735038,.1726379225471730E-002,.2922437574380566E-002,-.1000814322587663E-001,-.6076026813995640E-003,-.2801644966844456E-003
11000.49062205476,1525.518738660410,82.85937925741777,9.999116529039977,-.2430809673116831E-003,.3104093723852765E-006,6865.683004848970,99.98329763284934,.1645256173632730E-002,.2884126733569686E-002,-.2029500793598725E-002,-.5988400104201541E-003,-.2780700910784991E-003
11000.49062205476,1549.418798881102,88.30059437175666,9.998761873530812,-.1137693879652733E-003,-.2636354648542609E-006,7797.001246843545,99.97615510995755,.1570215777666852E-002,.2849291248576380E-002,-.7447925977373052E-003,-.5987481931152023E-003,-.2794908799893130E-003
11000.49062205476,1575.581201118908,94.32129190067380,9.998704277902625,-.1534942759891622E-003,.2707147800417101E-006,8896.512438905353,99.97497845072050,.1506154839036983E-002,.2817621197500093E-002,-.1144620100986933E-002,-.5980747916053009E-003,-.2926391313269589E-003
11000.49062205476,1599.481261339566,99.87990935285677,9.998484757600592,-.1926467095297315E-003,-.2764103258794028E-006,9976.002742098713,99.97060208287236,.1474621312870905E-002,.2791311566336867E-002,-.1550859090170954E-002,-.6023941440706261E-003,-.3047206580491673E-003
11000.49062205476,1616.983759281847,103.9859093814180,9.997984135810032,.1091655993537795E-003,.3177608776301112E-006,10813.07592368703,99.96065232526793,.1464243531357912E-002,.2780968102917829E-002,.1455163647992669E-002,-.5957553720531469E-003,-.3183555875642643E-003
11000.49062205476,1624.999999999999,105.8761819299843,9.999305263378949,-.1597374554516991E-002,-.1683864142921696E-004,11209.77256907206,99.98727256305727,.1602883837456809E-002,.2935297385800093E-002,-.1563957865582278E-001,-.7150540147233143E-003,-.3516386691813184E-003
11000.49062205476,1625.000000000008,105.8761819299847,9.999305263378975,-.1597374554516994E-002,-.1683864142921544E-004,11209.77256907209,99.98727256305754,.1602883837456813E-002,.2935297385800099E-002,-.1563957865582277E-001,-.7150540147233334E-003,-.3516386691813191E-003
11000.49062205476,1633.016240718139,107.7730618227441,9.999243110163142,-.7515037003940160E-003,.1385021033289946E-004,11615.03959298032,99.98583572145556,.1443821420903827E-002,.2760694521663226E-002,-.7154686519608284E-002,-.4660372648536432E-003,-.3295235012969923E-003
11000.49062205476,1650.518738660408,111.9366620868944,9.998772778413223,-.1063052460570319E-002,-.1089831355931313E-004,12529.82329739207,99.97643932901953,.1385307101171718E-002,.2722228145422630E-002,-.1030218792277835E-001,-.7250622132839359E-003,-.3418905289871688E-003
11000.49062205476,1674.418798881097,117.6710353682783,9.998500161239264,-.1768178833760755E-003,.9926438278743104E-005,13846.47993971323,99.97103058089769,.1353940831052100E-002,.2666144327765563E-002,-.1459883125637158E-002,-.5232259383546323E-003,-.3558011138191589E-003
11000.49062205476,1700.581201118914,124.0123333492039,9.998732130773604,-.1089132833426357E-002,-.9922704949796553E-005,15379.06672551790,99.97577142845557,.1345197286616514E-002,.2597640288051319E-002,-.1063753294990324E-001,-.7365531212177746E-003,-.3704930495458535E-003
11000.49062205476,1724.481261339552,129.8640928056757,9.998120118235743,-.3140458594700685E-003,.1092951862961063E-004,16864.69105347302,99.96364384509414,.1389029286162127E-002,.2485911654240986E-002,-.2910004558443962E-002,-.5339668130208280E-003,-.3664255100535266E-003
11000.49062205476,1741.983759281854,134.1843908103774,9.998437561895607,-.1006669627965838E-002,-.1394794194367897E-004,18005.45958627207,99.97010441499413,.1457993262662819E-002,.2388185749510759E-002,-.9847082951380239E-002,-.7849708624564572E-003,-.3732133776518630E-003
11000.49062205476,1749.999999999983,136.1729004080689,9.998209321794816,.2576074202643420E-003,.4037779451348866E-004,18543.06788175146,99.96569266796902,.1589671766141540E-002,.2439922618148798E-002,.2764098897671263E-002,-.2001793294657333E-003,-.3577600191375455E-003
11000.49062205476,1750.000000000017,136.1729004080714,9.998209321794993,.2576074202643504E-003,.4037779451348904E-004,18543.06788175179,99.96569266797093,.1589671766141569E-002,.2439922618148842E-002,.2764098897671348E-002,-.2001793294657507E-003,-.3577600191375520E-003
11000.49062205476,1758.016240718161,138.1676611171496,9.999999291913369,-.2049962660908144E-002,-.1895071559876454E-004,19090.31182389986,100.0014174177535,.1557990508514095E-002,.2249689362325528E-002,-.2026347618905740E-001,-.8365920233718085E-003,-.3693268967401170E-003
11000.49062205476,1775.518738660420,142.5457136198917,9.997491476715345,-.9285898297402327E-003,.1486880041749901E-004,20319.29019262818,99.95138886330568,.1641083624772971E-002,.2023075999609818E-002,-.9055719749967802E-002,-.5144772834669792E-003,-.3332479295647213E-003
11000.49062205476,1799.418798881107,148.5730757284209,10.00030609234198,-.6393385968866485E-003,-.1351012370102121E-004,22073.96911780183,100.0077780154424,.1819559638106298E-002,.1690673952055813E-002,-.6092163457486848E-002,-.7930514006892491E-003,-.3193151039816815E-003
11000.49062205476,1825.581201118914,155.2352356865849,9.993926879092005,.3810892745519311E-003,.1351188095164051E-004,24097.98922594071,99.88058373689356,.2110821934571581E-002,.1282255762155043E-002,.4096861364767165E-002,-.5134139986700311E-003,-.2864007201619172E-003
11000.49062205476,1849.481261339561,161.3800629719605,9.994714902691769,-.7614904772179833E-003,-.1485057385620361E-004,26043.53582984468,99.89585946892123,.1722408886973497E-002,.9109093419704510E-003,-.7374732612247413E-002,-.6192808402659812E-003,-.2185031670249602E-003
11000.49062205476,1866.983759281861,165.9153930101406,9.997338388164994,-.8172969253257441E-003,.1889286787340623E-004,27527.92880690036,99.94781991743051,.1294120930621718E-002,.6503598187901224E-003,-.7990207983913752E-002,-.7454940813930201E-004,-.1354347840830446E-003
11000.49062205476,1874.999999999985,168.0026936686068,9.998509647786946,-.2041594847468127E-003,-.3163015099200589E-004,28224.91622613847,99.97102563082831,.1051136146124104E-002,.5977965631071454E-003,-.1914456438991935E-002,-.4610202468837991E-003,-.1065056975447487E-003
11000.49062205476,1875.000000000024,168.0026936686101,9.998509647787142,-.2041594847468163E-003,-.3163015099200740E-004,28224.91622613901,99.97102563083025,.1051136146124125E-002,.5977965631071571E-003,-.1914456438991974E-002,-.4610202468838221E-003,-.1065056975447508E-003
11000.49062205476,1883.016240718141,170.0960834304665,9.998960837347628,-.3675053525972818E-003,.7193698078482725E-005,28932.68871843346,99.97989864676255,.9067089277502154E-003,.4480064525350987E-003,-.3527464551503140E-002,-.7398310590889809E-004,-.7641478377215305E-004
11000.49062205476,1900.518738660420,174.6892094069497,9.999609940667202,-.1612602162906634E-003,-.5654997088975029E-005,30516.33087632003,99.99260051956190,.5633940146907054E-003,.2835895633927153E-003,-.1539331709014919E-002,-.1071391686343586E-003,-.2925036508553275E-004
11000.49062205476,1924.418798881097,181.0096986031679,9.999937440308937,-.3205593223055839E-004,.5143864805493928E-005,32764.52183350744,99.99906959313641,.4342059085194836E-003,.1479340309099782E-003,-.2616836591972172E-003,.3360853524942775E-004,-.1192334193598913E-004
11000.49062205476,1950.581201118912,187.9928340975000,9.999961272410378,-.2264575364616670E-004,-.5143681950602557E-005,35341.31637360413,99.99949893354125,.3766295191078008E-003,.5621709499061025E-004,-.1906366320527184E-003,-.5230000274360951E-004,-.1576384124532510E-005
11000.49062205476,1974.481261339550,194.4307423638334,10.00001266593297,.7983698169411642E-005,.5655936921487272E-005,37803.32424174884,100.0005536296168,.3937588212324733E-003,.1479509443796870E-004,.1225069253841813E-003,.5601124271038879E-004,-.1314847315648280E-005
11000.49062205476,1991.983759281852,199.1808825582987,9.999971804417223,-.1087720448593004E-004,-.7196884615622247E-005,39673.03459937725,99.99970755160908,.3672061586989361E-003,.2470456094466519E-005,-.8116825520979466E-004,-.7022785782345389E-004,-.9978757640370494E-006
11000.49062205476,1999.999999999968,201.3663406380342,9.999999999999938,.000000000000000E+000,.000000000000000E+000,40548.41394404836,99.99999999999964,.000000000000000E+000,.000000000000000E+000,.000000000000000E+000,.000000000000000E+000,.000000000000000E+000
11499.98507901988,.000000000000000E+000,-109.5824346592950,4.002643138407500,1.312093497312403,.000000000000000E+000,12008.54878419315,16.25535265853654,2.011655245683744,.000000000000000E+000,5.240155061054565,.000000000000000E+000,.000000000000000E+000
11499.98507901988,8.016240718149545,-109.2335841663467,4.364825190849395,1.428466277556865,.5230418450855690E-004,11932.21279286918,19.34478831297578,2.380453595863425,.1793347490806634E-002,6.228134253581154,-.1138994935254871E-001,-.3530711060446302E-002
11499.98507901988,25.51873866042869,-108.5176533811639,5.054606349378907,1.637964941632227,-.4257765393115784E-004,11776.31754599087,25.97474391078667,3.099026152088693,.1953337770019133E-001,8.293926867225188,-.5139085143550091E-001,-.1583109737053560E-001
11499.98507901988,49.41879888109523,-107.6270203803243,5.708363194343886,1.820895589536575,.3847519004004669E-004,11583.81379230217,33.08997015411710,3.783865871152352,.6954665911973024E-001,10.42389954831660,-.1072094087222567,-.3246331424680475E-001
11499.98507901988,75.58120111890503,-106.7387377874157,6.075549265108537,1.920087296225364,-.3989726037912505E-004,11393.39877805418,37.37021038645203,4.152713438791412,.1402280622190597,11.69112207431418,-.1365288526831352,-.4245037178635460E-001
11499.98507901988,99.48126133957076,-105.9661231203654,6.227903663339090,1.967064455720819,.4109418878371065E-004,11229.06271603708,39.17541716782884,4.295490780229639,.2043995574864313,12.27023859405629,-.1425437381518207,-.4656080880485294E-001
11499.98507901988,116.9837592818501,-105.4094996224666,6.284533148684339,1.990724049098804,-.5195680851356613E-004,11111.40681148596,39.84153121868403,4.353831781464176,.2465634803580893,12.52882825651650,-.1425388168985202,-.4779612584519066E-001
11499.98507901988,124.9999999999995,-105.1531918733886,6.301980876263114,2.000455992837839,.3076252031273172E-003,11057.43734501716,40.04484237007113,4.376254949576177,.2637621437991856,12.62497294858759,-.1397586408666738,-.4728194984310176E-001
11499.98507901988,124.9999999999989,-105.1531918733881,6.301980876263082,2.000455992837828,.3076252031273038E-003,11057.43734501711,40.04484237007092,4.376254949576155,.2637621437991841,12.62497294858753,-.1397586408666731,-.4728194984310152E-001
11499.98507901988,133.0162407181498,-104.8996440398150,6.314681661508059,2.009414307392976,-.2149598095810799E-003,11004.17723862448,40.19048890780287,4.396775645898034,.2798293646847105,12.70747004564213,-.1416373846119388,-.4807307076534882E-001
11499.98507901988,150.5187386604267,-104.3385698992653,6.333355325177205,2.028131657895952,.1715199775689106E-003,10886.77319459728,40.40112503393935,4.441515260001359,.3092635860574080,12.86513950047687,-.1359511272783146,-.4619034395556781E-001
11499.98507901988,174.4187988810964,-103.5669054909262,6.344537406189559,2.051208101352410,-.1591393569544729E-003,10726.32664606352,40.52003919367199,4.502376685811633,.3375788979159396,13.03696706207417,-.1321739114071297,-.4405740933373420E-001
11499.98507901988,200.5812011189036,-102.7090455488812,6.347210934112875,2.073229375001781,.1572103842734469E-003,10549.35228481815,40.54064587600997,4.572299536498859,.3541017233327529,13.18463217136689,-.1229145380911850,-.3951179369926307E-001
11499.98507901988,224.4812613395718,-101.9186026241977,6.343197432394202,2.088881272032062,-.1734261322024035E-003,10387.58747074301,40.48233219684109,4.631204197755174,.3590276003216946,13.27450030656933,-.1178127919258446,-.3614765032893570E-001
11499.98507901988,241.9837592818481,-101.3332762835856,6.339144990399800,2.096422233936838,.2073622963813583E-003,10268.60618607909,40.42746822170431,4.662923708704826,.3574500051662231,13.30986702765093,-.1098225549030293,-.3209815502459671E-001
11499.98507901988,249.9999999999999,-101.0674213476305,6.337425718834542,2.098763742196361,-.8938325518557358E-003,10214.79112232396,40.40487272069765,4.673590769921367,.3555814791929384,13.31842361911712,-.1141493811316711,-.3277422000710196E-001
11499.98507901988,249.9999999999981,-101.0674213476298,6.337425718834497,2.098763742196345,-.8938325518557024E-003,10214.79112232389,40.40487272069736,4.673590769921331,.3555814791929359,13.31842361911702,-.1141493811316701,-.3277422000710167E-001
11499.98507901988,258.0162407181497,-100.7940174873393,6.336351116615297,2.100472142170138,.5570920763328041E-003,10159.59672383816,40.39092449744140,4.681844040518599,.3526329805044813,13.32382461752782,-.1021735088824563,-.2815130939780763E-001
11499.98507901988,275.5187386604276,-100.2051373510392,6.335371943680135,2.102671968540967,-.4507520520045409E-003,10041.22159928596,40.37930366033718,4.694623197868414,.3441599457387047,13.32755856909403,-.1026561986985488,-.2659857445118270E-001
11499.98507901988,299.4187988810972,-99.38939959483247,6.337325453523118,2.101810581892162,.4110902678928735E-003,9878.392873510955,40.40661005721493,4.698399798868932,.3274287869909528,13.31358063068071,-.8867302361334248E-001,-.2012330732860102E-001
11499.98507901988,325.5812011189054,-98.49240520867075,6.345599764572318,2.095728922341025,-.4120846526144547E-003,9700.882420735932,40.51459363886661,4.683829550845994,.3029637332762560,13.27921450139724,-.8407199116066555E-001,-.1729848411474159E-001
11499.98507901988,349.4812613395671,-97.66028597175172,6.361991522069887,2.084408666191522,.4492700375850504E-003,9537.651545619217,40.72528636407344,4.647937541815343,.2752858225703537,13.23365147285922,-.6928890360683243E-001,-.1197975910871427E-001
11499.98507901988,366.9837592818539,-97.04954483943612,6.380738929669612,2.071544658385885,-.5478124117854364E-003,9418.728774288236,40.96763719493318,4.603441762977463,.2523648956708706,13.18856815458314,-.6924403810702037E-001,-.1165563290361248E-001
11499.98507901988,375.0000000000026,-96.76032552225425,6.391526546833331,2.064455492308673,.2168381922832942E-002,9362.674042549661,41.10778072267267,4.578714665958763,.2412736019702509,13.16571090032305,-.4864358651122558E-001,-.5136265711421692E-002
11499.98507901988,375.0000000000005,-96.76032552225359,6.391526546833291,2.064455492308660,.2168381922832915E-002,9362.674042549603,41.10778072267242,4.578714665958731,.2412736019702495,13.16571090032297,-.4864358651122520E-001,-.5136265711421654E-002
11499.98507901988,383.0162407181469,-96.48496941665275,6.404453847194393,2.055683354078502,-.1334525828570448E-002,9309.460532043277,41.27621272353555,4.546570176086863,.2296965026938463,13.13693800327328,-.6907030769128027E-001,-.1118053331472353E-001
11499.98507901988,400.5187386604230,-95.85445901960374,6.438583345820344,2.033540685953599,.1073334430042642E-002,9188.187694171531,41.72328978361604,4.465770806961139,.2038853339827605,13.06746434703697,-.4700374027566391E-001,-.4634558014522764E-002
11499.98507901988,424.4187988810962,-94.99539546013528,6.499585234603774,1.991862268124875,-.9819092919739606E-003,9024.239724130262,42.52740795167151,4.305793420412844,.1681426903305313,12.92564120627335,-.5329922151627292E-001,-.5857031060597828E-002
11499.98507901988,450.5812011189073,-94.02397767066012,6.613825195878557,1.926930212067242,.9858997271069087E-003,8840.639313533911,44.04856792131628,4.048519638172714,.1339532130003943,12.72872981652343,-.3090887030510549E-001,.9811030092557555E-003
11499.98507901988,474.4812613395653,-93.11480995814205,6.790879835062997,1.844192697026803,-.1081749301843304E-002,8670.527089043107,46.46080475901992,3.719077415662587,.1128709530209727,12.49614877243947,-.3744870605941079E-001,.1952000289719064E-003
11499.98507901988,491.9837592818488,-92.40714304874570,6.995085337180686,1.757678029405608,.1344269589948757E-002,8539.272070208552,49.33559569142501,3.387493310984070,.1091938217477722,12.23510981408515,-.1386393105136538E-001,.5964923733487372E-002
11499.98507901988,499.9999999999977,-92.08127233702943,7.105160683225650,1.712816920497106,-.4914899446330002E-002,8479.174400589127,50.93657068168857,3.227942611771841,.1112536099134126,12.08325829486808,-.5894911945292847E-001,-.2939700092107741E-002
11499.98507901988,499.9999999999993,-92.08127233702970,7.105160683225668,1.712816920497110,-.4914899446330017E-002,8479.174400589152,50.93657068168871,3.227942611771851,.1112536099134129,12.08325829486811,-.5894911945292862E-001,-.2939700092107756E-002
11499.98507901988,508.0162407181474,-91.71601979074828,7.262932611564377,1.646766032709296,.2539951390004190E-002,8412.065039849407,53.24061216411005,2.994855604109892,.1167166149585794,11.84644775537956,-.3754562189936242E-003,.9280616100156080E-002
11499.98507901988,525.5187386604250,-90.88036730952808,7.638123843389587,1.484513286131036,-.2008157870145768E-002,8259.559631164258,58.94586497610515,2.479495559782636,.1375616257837738,11.14572172109803,-.2971161612566883E-001,.2792096479201475E-002
11499.98507901988,549.4187988810925,-89.48900946549496,8.346606454881483,1.157412388669092,.1838041757453204E-002,8008.842389289146,70.38440218975680,1.638709347734648,.1855888286211000,9.353783238736419,.8467607687865237E-002,.7598324292659574E-002
11499.98507901988,575.5812011189098,-87.43661534594762,9.277436507402250,.6586042295358074,-.1837218852892263E-002,7646.304562092422,86.60144976814045,.7270811374024817,.2370453543748505,5.831153572317991,-.1795170042486412E-001,.1870778788760633E-002
11499.98507901988,599.4812613395654,-84.86944021181307,9.936535812112698,.2167831963450744,.2022295878106095E-002,7204.625816803658,98.94525223787453,.2243413248678476,.2404882506000659,2.063677273293879,.2352237094005735E-001,.9652192232380392E-003
11499.98507901988,616.9837592818517,-82.60782579058220,10.10317511442774,.3732138673304154E-001,-.2609052581697218E-002,6826.048363525155,102.2033680195885,.9314317918577567E-001,.2071890396513882,.3675613351315241,-.2582638495703553E-001,.2598158376733248E-003
11499.98507901988,625.0000000000007,-81.50514420675498,10.15072919420247,-.1423032202798139E-001,.6249174490319552E-002,6645.055499622710,103.1589131446239,.7296973405371301E-001,.1890130452531835,-.1466585635717633,.6320383576121595E-001,.1765533649627793E-003
11499.98507901988,625.0000000000039,-81.50514420675535,10.15072919420251,-.1423032202798144E-001,.6249174490319576E-002,6645.055499622742,103.1589131446243,.7296973405371336E-001,.1890130452531843,-.1466585635717638,.6320383576121609E-001,.1765533649627819E-003
11499.98507901988,633.0162407181493,-80.36720077893315,10.13710545373345,-.3123607484755814E-001,-.2211792075334329E-002,6460.765025673247,102.8652930389589,.5233171524910085E-001,.1687153064550102,-.3155348565380339,-.2046722292232847E-001,-.2314136729946257E-003
11499.98507901988,650.5187386604227,-77.84621185355496,10.12355560006618,-.4755498447394905E-001,.1733548906769597E-002,6061.616402820924,102.5768612130645,.3714392684065397E-001,.1307928897763723,-.4869722990915438,.1791020855771362E-001,-.7605816527847596E-004
11499.98507901988,674.4187988810944,-74.35663317680581,10.07912124442729,-.3234071394461101E-001,-.1576377852383753E-002,5530.079468033638,101.6546397946151,.2586778933455292E-001,.9370977027278739E-001,-.3346218678113602,-.1494769111807299E-001,-.2417674010768519E-003
11499.98507901988,700.5812011189064,-70.53011155130577,10.04033903475763,-.1389536504765888E-001,.1575221953784551E-002,4975.331122989753,100.8571420782623,.1801698166545448E-001,.6635930981300084E-001,-.1471381287469721,.1536413618840827E-001,.6458803770638725E-004
11499.98507901988,724.4812613395709,-67.01350624757220,9.996571640636724,.7277308296066560E-002,-.1727630989820758E-002,4491.432621552965,99.96632297841728,.1371324486807859E-001,.4994278010653478E-001,.6685256200896553E-001,-.1679872186479941E-001,-.3870463603664416E-003
11499.98507901988,741.9837592818463,-64.42891489995995,9.994063739302764,.8663592665081125E-002,.2183872450224573E-002,4151.602933706956,99.90687523374217,.1161957696962490E-001,.4123077740654205E-001,.8287431388600626E-001,.2104813952755064E-001,.6603476909674872E-004
11499.98507901988,750.0000000000015,-63.22117029924833,10.00007036626590,.7152436767407126E-002,-.4012043141678772E-002,3997.396825670386,100.0265041916561,.1191972469954841E-001,.3889573558787518E-001,.6799766281163455E-001,-.3996036084910085E-001,-.3627663303734088E-003
11499.98507901988,750.0000000000056,-63.22117029924868,10.00007036626595,.7152436767407160E-002,-.4012043141678790E-002,3997.396825670408,100.0265041916567,.1191972469954847E-001,.3889573558787540E-001,.6799766281163491E-001,-.3996036084910096E-001,-.3627663303734125E-003
11499.98507901988,758.0162407181422,-62.02275829616718,10.00714426403755,.2784480935306704E-002,.1241083927781430E-002,3847.269522810787,100.1629470434155,.9649595545994764E-002,.3526103510298960E-001,.2500895537006623E-001,.1239774336737859E-001,-.1689731439728431E-003
11499.98507901988,775.5187386604150,-59.35250935503561,10.01674944689891,-.8698026311391906E-003,-.9839270130600425E-003,3523.100682378898,100.3534731446297,.8421043129816544E-002,.2981021590688632E-001,-.1146617926928134E-001,-.1013565532064447E-001,-.4935568264226081E-004
11499.98507901988,799.4187988810949,-55.66435480543160,10.00322563671917,.2275878030485299E-002,.8969944216676053E-003,3098.819844203447,100.0797702597315,.7193839715844039E-002,.2343239981279444E-001,.2032742612877741E-001,.8784965603302395E-002,-.1007040715198524E-003
11499.98507901988,825.5812011189107,-51.56378937274027,9.999846117700589,.3510386006277184E-002,-.8975720617185518E-003,2659.057742175080,100.0077691904025,.5459358309325250E-002,.1849999793860398E-001,.3345889289028815E-001,-.9242396998732350E-002,-.8385001691583224E-004
11499.98507901988,849.4812613395625,-47.76159033282327,10.00309709921422,.3432447110730652E-002,.9876225741950455E-003,2281.356597809560,100.0713867020792,.4699085355338696E-002,.1502640405692240E-001,.3290109778291494E-001,.9752598719736742E-002,-.1926146373957472E-003
11499.98507901988,866.9837592818446,-44.94103697626011,9.996334902094500,.4405000980056206E-002,-.1257572486699361E-002,2019.855015127567,99.93491753068056,.4288851754804608E-002,.1308646489045682E-001,.4290672099936737E-001,-.1289264104558046E-001,-.2160946167539811E-003
11499.98507901988,874.9999999999990,-43.64626615910228,10.00108055092497,.1961145549282777E-002,.2467027101962561E-002,1905.144173706456,100.0300576794182,.4859424918665427E-002,.1256817453625499E-001,.1847988649890101E-001,.2454093190351254E-001,-.2881026097171000E-003
11499.98507901988,875.0000000000010,-43.64626615910242,10.00108055092501,.1961145549282775E-002,.2467027101962577E-002,1905.144173706462,100.0300576794185,.4859424918665441E-002,.1256817453625503E-001,.1847988649890112E-001,.2454093190351263E-001,-.2881026097171014E-003
11499.98507901988,883.0162407181449,-42.33518575525697,10.00109263810052,.1105265515285990E-002,-.7651509514994043E-003,1792.405089442999,100.0285732573256,.3702416227969573E-002,.1162453497802432E-001,.1012567169834817E-001,-.7911562229005728E-002,-.3067462749190227E-003
11499.98507901988,900.5187386604171,-39.46166937706023,10.00327691098217,-.2198876083012624E-003,.6010457134546865E-003,1557.341167920884,100.0713050304323,.3197575012340545E-002,.1017901350768631E-001,-.2997985127306608E-002,.5652547086540047E-002,-.3509791174896654E-003
11499.98507901988,924.4187988810968,-35.48239660202525,9.999884446202639,.1760003307939878E-002,-.5463913251085202E-003,1259.096061477565,100.0025005561343,.2795296869357207E-002,.8647197645403688E-002,.1705671407975793E-001,-.5855250376250998E-002,-.4162904856238894E-003
11499.98507901988,950.5812011189056,-31.06689549618688,10.00101453638010,.5812917103077144E-003,.5463373711658654E-003,965.2285208240078,100.0242526949985,.2489564658480870E-002,.7305335742101430E-002,.5495345904818549E-002,.5065712406689340E-002,-.4305677832813718E-003
11499.98507901988,974.4812613395675,-26.97166905179592,9.999051575313562,.1640876990793103E-002,-.6004935111722513E-003,727.5336854746326,99.98459319526891,.2393358862759632E-002,.6364626687642679E-002,.1622832639093886E-001,-.6393333889995956E-002,-.4330700529092203E-003
11499.98507901988,991.9837592818476,-23.94122022068721,9.998627317703999,.1815007177807480E-002,.7630322207946164E-003,573.2364060409000,99.97577773599224,.2466547275538697E-002,.5772029723999003E-002,.1807682020153757E-001,.7242787816294005E-002,-.4296495378264952E-003
11499.98507901988,999.9999999999980,-22.53982803548152,9.999575370470740,.6044100474081188E-003,-.1441194568457510E-002,508.0948105521146,99.99524595547922,.2901296155308949E-002,.5865467991801428E-002,.5952443225055393E-002,-.1468029753488495E-001,-.4695026332568823E-003
11499.98507901988,999.9999999999980,-22.53982803548152,9.999575370470739,.6044100474081188E-003,-.1441194568457510E-002,508.0948105521145,99.99524595547922,.2901296155308949E-002,.5865467991801427E-002,.5952443225055407E-002,-.1468029753488495E-001,-.4695026332568822E-003
11499.98507901988,1008.016240718138,-21.13848771576277,10.00039234682225,.3526822567116511E-003,.4306510720051004E-003,446.8835025315126,100.0107918707736,.2384281914278142E-002,.5333721187733167E-002,.3514003334093588E-002,.3959910720329519E-002,-.4409147910543520E-003
11499.98507901988,1025.518738660421,-18.04715185883272,10.00124502715799,.5991086869928022E-003,-.3390280224113084E-003,325.7414888752476,100.0273843055852,.2311890627251299E-002,.4920602203273419E-002,.6105340044320326E-002,-.3779363798023712E-002,-.4223055929932314E-003
11499.98507901988,1049.418798881096,-13.77906116833486,10.00073046125929,.1076910123033619E-002,.3084992117505085E-003,189.8974143933779,100.0168518188446,.2300272898016942E-002,.4421585906344604E-002,.1097486256823067E-001,.2700163063901157E-002,-.4533682131837470E-003
11499.98507901988,1075.581201118908,-9.040529137439885,9.999699481506557,.9959106033778737E-003,-.3085379886137438E-003,81.75997687896412,99.99591978015854,.2175578769093836E-002,.4039073444739623E-002,.1029307802079663E-001,-.3519730690830973E-002,-.4829086305750784E-003
11499.98507901988,1099.481261339562,-4.654965881523257,10.00052335609552,.1023334127406615E-002,.3393663295352114E-003,21.69312833325063,100.0123170996914,.2126157759856219E-002,.3781365554007881E-002,.1055836806315492E-001,.2944679966601471E-002,-.5515500791954214E-003
11499.98507901988,1116.983759281850,-1.407012030363557,9.997315363904452,.9495591875871004E-003,-.4320166282294653E-003,2.001349009729790,99.94810220059421,.2113181065204838E-002,.3684525470861968E-002,.9843055824168202E-002,-.4824128095186288E-002,-.6025209076237364E-003
11499.98507901988,1125.000000000006,.8758443184608507E-001,10.00024973521910,-.9845346219571681E-003,.7880392603110780E-003,.2833434854190777E-001,100.0071777298437,.2415923418629091E-002,.3881901637031466E-002,-.9581918308201355E-002,.7482160509280791E-002,-.6707661040427025E-003
11499.98507901988,1125.000000000003,.8758443184608480E-001,10.00024973521908,-.9845346219571720E-003,.7880392603110755E-003,.2833434854190770E-001,100.0071777298435,.2415923418629085E-002,.3881901637031455E-002,-.9581918308201300E-002,.7482160509280767E-002,-.6707661040427007E-003
11499.98507901988,1133.016240718150,1.592851012252904,9.999612053229772,-.7382291627927679E-003,-.2150588335207257E-003,2.556735767165665,99.99391568558529,.2033847162501040E-002,.3618004754987638E-002,-.7059176845958984E-002,-.2672213454893940E-002,-.6396836376323778E-003
11499.98507901988,1150.518738660425,4.896549707385097,10.00014360342120,-.1225082162721619E-002,.1689018004535886E-003,23.99381762685405,100.0043878343953,.1951609909351309E-002,.3525729990787238E-002,-.1195266679305743E-001,.1138939408499590E-002,-.6924698275566596E-003
11499.98507901988,1174.418798881095,9.459335016668797,9.999065924682316,-.4863620130255348E-003,-.1535395740481803E-003,89.49437492375031,99.98272225890031,.1933935515240104E-002,.3423322800052574E-002,-.4556798567065846E-002,-.2103223763744921E-002,-.7110959478852498E-003
11499.98507901988,1200.581201118908,14.51682795541665,9.999580601229741,-.1133839984184403E-002,.1535367526658232E-003,210.7517091931815,99.99299084175588,.1966818520404065E-002,.3309462978378124E-002,-.1099027914484336E-001,.9655739004954022E-003,-.7121855739044197E-003
11499.98507901988,1224.481261339567,19.19676088113680,9.998896724062543,-.1019182662973296E-003,-.1687654205925419E-003,368.5276024727968,99.97932949617103,.1992991840347198E-002,.3209968613270646E-002,-.6320609794452543E-003,-.2227084790779675E-002,-.6902505125462133E-003
11499.98507901988,1241.983759281857,22.65795521057769,9.998516897769234,-.4129911803964778E-003,.2145676196644656E-003,513.3940438520044,99.97180002148988,.1980831802551055E-002,.3182655436853830E-002,-.3739478303881782E-002,.1613420306589039E-002,-.6731712700574222E-003
11499.98507901988,1249.999999999995,24.25431143020480,9.999469987898973,-.7565732391442560E-003,-.3833076957246982E-003,588.2823744846447,99.99113105423194,.2197357077691389E-002,.3378281635152300E-002,-.7243428382512428E-002,-.4272596785489667E-002,-.6925263122197381E-003
11499.98507901988,1250.000000000008,24.25431143020503,9.999469987899069,-.7565732391442630E-003,-.3833076957247011E-003,588.2823744846504,99.99113105423288,.2197357077691410E-002,.3378281635152333E-002,-.7243428382512504E-002,-.4272596785489722E-002,-.6925263122197449E-003
11499.98507901988,1258.016240718153,25.85485432184698,9.999722847042548,-.1521724523030672E-002,.1023466188267404E-003,668.4839055235971,99.99585718545499,.1898595070098603E-002,.3166890993462885E-002,-.1485206620259844E-001,.5171165132135200E-003,-.6692244187812403E-003
11499.98507901988,1275.518738660422,29.37477099104393,9.999818110226299,-.1003013976010497E-002,-.8052277951037300E-004,862.8869175880186,99.99765492306906,.1763550245913614E-002,.3137396853074755E-002,-.9688074338376396E-002,-.1312679246196907E-002,-.6542902309728663E-003
11499.98507901988,1299.418798881096,34.22951036146039,9.999509491048242,-.6778529625873586E-003,.7327624110253512E-004,1171.668372607991,99.99137439486802,.1663942294618137E-002,.3124814796453259E-002,-.6481890522647997E-002,.2460341940467344E-003,-.6487570439118289E-003
11499.98507901988,1325.581201118905,39.60872394250811,9.999173262881683,-.7877681176506216E-003,-.7327059421747488E-004,1568.859318477214,99.98458349717230,.1626339738461786E-002,.3105864554909810E-002,-.7583702399874256E-002,-.1207753099521551E-002,-.6537152746897587E-003
11499.98507901988,1349.481261339568,44.58090742423609,9.999224907570273,-.6030335070392997E-003,.8060754926116618E-004,1987.465122312332,99.98556868690653,.1677414272864354E-002,.3101498448334405E-002,-.5724977689486779E-002,.3536909872536740E-003,-.6518015007656097E-003
11499.98507901988,1366.983759281844,48.25781124962376,9.998244926602025,-.5230240473814225E-003,-.1026154921208605E-003,2328.823851571336,99.96601288145320,.1744605715844887E-002,.3111231037592967E-002,-.4901548874470203E-002,-.1466437799682741E-002,-.6557645484313810E-003
11499.98507901988,1375.000000000005,49.95091724160208,9.999427579378814,-.1407343707941977E-002,.1729463046750022E-003,2495.101560575179,99.98990878552024,.1946682508424339E-002,.3330153564158131E-002,-.1378161925373853E-001,.1360218979817794E-002,-.6699312554076563E-003
11499.98507901988,1375.000000000025,49.95091724160284,9.999427579378970,-.1407343707942003E-002,.1729463046750042E-003,2495.101560575218,99.98990878552183,.1946682508424369E-002,.3330153564158182E-002,-.1378161925373876E-001,.1360218979817857E-002,-.6699312554076669E-003
11499.98507901988,1383.016240718153,51.65158614960957,9.999733618742692,-.1710929890654805E-002,-.3927764020787293E-004,2667.893627081619,99.99575031001220,.1771901119784262E-002,.3129945658550890E-002,-.1675879463476645E-001,-.8304961316119583E-003,-.6487630407402379E-003
11499.98507901988,1400.518738660420,55.38556598380136,9.999500637687932,-.1341403568302135E-002,.3084844029246643E-004,3067.568000512262,99.99100111807141,.1743174889943737E-002,.3145160165820586E-002,-.1303200149130028E-001,-.1399498343680099E-003,-.6293307738722415E-003
11499.98507901988,1424.418798881092,60.53399638927068,9.999088936998097,-.7904216153479947E-003,-.2802672994543299E-004,3664.371573976050,99.98273872281897,.1757798932580393E-002,.3162208550669661E-002,-.7501755321746208E-002,-.7400053116053728E-003,-.6194489178394762E-003
11499.98507901988,1450.581201118911,66.23356589064265,9.999051599563616,-.1080661685171890E-002,.2803602255601776E-004,4386.891933528243,99.98196875406984,.1776804446819712E-002,.3196739961953212E-002,-.1038787851538531E-001,-.1976214869050330E-003,-.5771961030033608E-003
11499.98507901988,1474.481261339574,71.49935168800300,9.998644847178063,-.4886387579048561E-003,-.3079930260681328E-004,5112.163848601304,99.97384099099159,.1782652061220044E-002,.3212020335167001E-002,-.4462147825366327E-002,-.8009688889598502E-003,-.5424573889099144E-003
11499.98507901988,1491.983759281850,75.39048198397535,9.998187262019261,-.6782993102944831E-003,.3914876513935717E-004,5683.731274871624,99.96474299644308,.1808228550714621E-002,.3244391272553907E-002,-.6365666415076007E-002,-.1163364545597742E-003,-.5070847826766161E-003
11499.98507901988,1499.999999999997,77.18284147466973,9.998841078285345,-.7424477713690531E-003,-.6135320759568510E-004,5957.197504573827,99.97804807115450,.1972135866347157E-002,.3418870031380797E-002,-.7057587296832646E-002,-.1061489579504638E-002,-.5176735911311976E-003
11499.98507901988,1500.000000000005,77.18284147467023,9.998841078285418,-.7424477713690635E-003,-.6135320759568315E-004,5957.197504573864,99.97804807115516,.1972135866347171E-002,.3418870031380818E-002,-.7057587296832722E-002,-.1061489579504631E-002,-.5176735911312008E-003
11499.98507901988,1508.016240718153,78.98107149676112,9.999269474864356,-.1742941021945721E-002,.1174952514104548E-004,6238.016122260047,99.98635957238886,.1787536131744035E-002,.3254916839497699E-002,-.1701129154484589E-001,-.3890816781558348E-003,-.4722205731505009E-003
11499.98507901988,1525.518738660410,82.93022191603659,9.998984640589210,-.8993770651836079E-003,-.9248431362016531E-005,6877.428154430288,99.98060430782957,.1724234174700416E-002,.3228585924933016E-002,-.8572261342447735E-002,-.6207204537906855E-003,-.4281433005906706E-003
11499.98507901988,1549.418798881102,88.37145569347669,9.998635783141866,-.6171790251906779E-003,.8432334344786398E-005,7809.520671272049,99.97359905972820,.1683333114345900E-002,.3199306322554360E-002,-.5754475880441767E-002,-.4450666650665349E-003,-.3609552755921278E-003
11499.98507901988,1575.581201118908,94.39220851153021,9.998713438410295,-.3332804181459810E-003,-.8424578250530181E-005,8909.895621873167,99.97511367473561,.1676638672804525E-002,.3143590050094050E-002,-.2925069881149000E-002,-.6212856731583824E-003,-.2990147721387151E-003
11499.98507901988,1599.481261339566,99.95083547091239,9.998444275671982,-.3258335213573533E-003,.9288158516313448E-005,9990.176307607366,99.96971866825865,.1693311507892175E-002,.3090937833229682E-002,-.2860696615952948E-002,-.4395494559417635E-003,-.2552834240580904E-003
11499.98507901988,1616.983759281847,104.0568449762302,9.998114425655270,.3207127842333925E-003,-.1185678702528173E-004,10827.83396880440,99.96314870762988,.1720085208348058E-002,.3055923173842276E-002,.3585716573932786E-002,-.6577286445092409E-003,-.2228783687515017E-003
11499.98507901988,1624.999999999999,105.9470814161108,9.999362038603481,-.1668992262825206E-002,.9441134749088305E-005,11224.79120281140,99.98831105795779,.1866026038485112E-002,.3207814744693579E-002,-.1633746187199461E-001,-.3852126393184881E-003,-.2448190151347349E-003
11499.98507901988,1625.000000000008,105.9470814161110,9.999362038603500,-.1668992262825210E-002,.9441134749091124E-005,11224.79120281142,99.98831105795804,.1866026038485117E-002,.3207814744693584E-002,-.1633746187199460E-001,-.3852126393184465E-003,-.2448190151347355E-003
11499.98507901988,1633.016240718139,107.8439760552459,9.999339494784289,-.5463811465563685E-003,.4434490907715728E-005,11630.33039873990,99.98763357658652,.1700500150172421E-002,.3015933878789214E-002,-.5102173624716488E-002,-.4909652125254186E-003,-.2055046255823226E-003
11499.98507901988,1650.518738660408,112.0075539226145,9.998979474737268,-.7888636808646718E-003,-.3501675605964774E-005,12545.69972657267,99.98041533870702,.1660933791266550E-002,.2951505017865206E-002,-.7538312085498787E-002,-.5831109901890293E-003,-.1959990475930032E-003
11499.98507901988,1674.418798881097,117.7419557680712,9.998684762487510,.2873462439050090E-003,.3202317746920681E-005,13863.17630260914,99.97455476511841,.1632442545658223E-002,.2854350973693192E-002,.3197713269920251E-002,-.5255200747291237E-003,-.1821117207755672E-003
11499.98507901988,1700.581201118914,124.0832526848802,9.999104719496970,-.6985246267992695E-003,-.3197865335782119E-005,15396.66253050231,99.98306525141247,.1585166016337441E-002,.2739893395105478E-002,-.6689631525561519E-002,-.6067043699399758E-003,-.1985663582111532E-003
11499.98507901988,1724.481261339552,129.9350006361061,9.998408651136085,.2764535103690286E-003,.3537195398475249E-005,16883.11411691299,99.96928286051013,.1584617905739855E-002,.2600591149323913E-002,.3040815139683822E-002,-.5595837495750537E-003,-.2141977265809738E-003
11499.98507901988,1741.983759281854,134.2552204275060,9.998962669155528,-.6390595550745037E-003,-.4542978580395277E-005,18024.47455164385,99.98049689191018,.1620279121410932E-002,.2489332373445867E-002,-.6123663597669589E-002,-.6518661650683454E-003,-.2543504231048685E-003
11499.98507901988,1749.999999999983,136.2436970537256,9.998343799943981,.9670789063656740E-003,.1935863277364828E-004,18562.35560956459,99.96829611098283,.1717996334823668E-002,.2551958033117690E-002,.9936126960632979E-002,-.3747387645683734E-003,-.2680357030542223E-003
11499.98507901988,1750.000000000017,136.2436970537281,9.998343799944163,.9670789063656923E-003,.1935863277364482E-004,18562.35560956494,99.96829611098465,.1717996334823701E-002,.2551958033117739E-002,.9936126960633181E-002,-.3747387645683959E-003,-.2680357030542273E-003
11499.98507901988,1758.016240718161,138.2384038077709,10.00047245498590,-.1750322474442101E-002,-.1101662974510261E-004,19109.86721229134,100.0107912534646,.1668335451558453E-002,.2351428123243466E-002,-.1721206690897795E-001,-.7312536443538978E-003,-.2732415969264457E-003
11499.98507901988,1775.518738660420,142.6163980419182,9.997713644302831,-.7862531885848758E-003,.8629412227841721E-005,20339.44858496034,99.95574746213693,.1724064832352704E-002,.2126428836074241E-002,-.7560053752132562E-002,-.5718989137220697E-003,-.2860137353201625E-003
11499.98507901988,1799.418798881107,148.6437125772080,10.00066318689811,-.3184778099768071E-003,-.7834267716033661E-005,22094.96572461331,100.0148522786917,.1883599647407910E-002,.1796420296687040E-002,-.2808565345523352E-002,-.7517198280417251E-003,-.3265861906003521E-003
11499.98507901988,1825.581201118914,155.3058514289332,9.992984982533866,-.2139003684467622E-005,.7836028584128009E-005,24119.92068867832,99.86177350136641,.2275113521308760E-002,.1375960603509316E-002,.4480562362087284E-003,-.6124591083277054E-003,-.3453421653881510E-003
11499.98507901988,1849.481261339561,161.4506665857298,9.993768635417903,-.1725542021793882E-002,-.8607674078696067E-005,26066.33136363991,99.87702186974198,.2034240409051905E-002,.9757936986603147E-003,-.1676874396039610E-001,-.5995800128437336E-003,-.2894600031566711E-003
11499.98507901988,1866.983759281861,165.9860076730376,9.996925816450808,-.1448655890547083E-002,.1094598124552233E-004,27551.36844627830,99.93971051929427,.1497306070707482E-002,.6930024279565845E-003,-.1411417876681093E-001,-.1796940551374655E-003,-.1910067848041830E-003
11499.98507901988,1874.999999999985,168.0732587317539,9.998320142844740,-.6535737236013631E-003,-.1812792442429891E-004,28248.63403086035,99.96731656669709,.1184722212809129E-002,.6341037578979837E-003,-.6290857055514021E-002,-.3428082072357329E-003,-.1403840286562796E-003
11499.98507901988,1875.000000000024,168.0732587317571,9.998320142844932,-.6535737236013734E-003,-.1812792442430175E-004,28248.63403086089,99.96731656669908,.1184722212809153E-002,.6341037578979962E-003,-.6290857055514075E-002,-.3428082072357490E-003,-.1403840286562823E-003
11499.98507901988,1883.016240718141,170.1666928621450,9.998804054852375,-.6379599161850888E-003,.4055455375897730E-005,28956.71702542095,99.97686825860956,.1001686724939667E-002,.4750292474863187E-003,-.6111087989942797E-002,-.1197591151709245E-003,-.1053821588802082E-003
11499.98507901988,1900.518738660420,174.7597725749592,9.999560487666868,-.2640297770326621E-003,-.3191662573672946E-005,30540.99167432783,99.99167471812447,.6058820407422326E-003,.2992025508863589E-003,-.2492848573182802E-002,-.8782135407868160E-004,-.3948717607414792E-004
11499.98507901988,1924.418798881097,181.0802829246734,9.999927603032646,-.4838976045146842E-004,.2904446684914207E-005,32790.08225975283,99.99892889596160,.4587876279808407E-003,.1552976354712069E-003,-.3654818573679604E-003,.9174895619511094E-005,-.1557504245300889E-004
11499.98507901988,1950.581201118912,188.0633857609579,9.999956301610437,-.3222255914169122E-004,-.2904495857300341E-005,35367.85033038098,99.99944933237545,.3960569940726704E-003,.5884349993556630E-004,-.2316242474667040E-003,-.3014234897935847E-004,-.1944047135547724E-005
11499.98507901988,1974.481261339550,194.5013212792583,10.00001335485239,.1071511528693029E-004,.3193772737538814E-005,37830.77719291719,100.0006247281562,.4143168313798133E-003,.1545468989368729E-004,.2080371862577804E-003,.3114560908176240E-004,-.1713892598095218E-005
11499.98507901988,1991.983759281852,199.2514197237244,9.999969961248745,-.1526355165280802E-004,-.4064250809284234E-005,39701.14145175545,99.99972057159448,.3850600511552776E-003,.2559834682386853E-005,-.7118660983650767E-004,-.3874029981711386E-004,-.1125735595959929E-005
11499.98507901988,1999.999999999968,201.4369333838233,9.999999999999936,.000000000000000E+000,.000000000000000E+000,40576.85146814490,99.99999999999960,.000000000000000E+000,.000000000000000E+000,.000000000000000E+000,.000000000000000E+000,.000000000000000E+000
12000.24011061030,.000000000000000E+000,-110.2972664856862,4.013910599946344,1.428243885482577,.000000000000000E+000,12165.75588001377,16.33450063310763,2.343359339899044,.000000000000000E+000,5.710396402210699,.000000000000000E+000,.000000000000000E+000
12000.24011061030,8.016240718149545,-109.9326348723067,4.377247123105441,1.555129233769326,.5448116896448095E-004,12085.45157714531,19.43944919259481,2.774466819678562,.1813533093308587E-002,6.787600106029082,-.1130194926919480E-001,-.3390572210538043E-002
12000.24011061030,25.51873866042869,-109.1833542909529,5.068107896574341,1.785569827116313,-.4425631565622122E-004,11921.27358344069,26.09135096311360,3.628732658748497,.1967490184688195E-001,9.049122522060841,-.5150659774381898E-001,-.1515045527755720E-001
12000.24011061030,49.41879888109523,-108.2481797180444,5.717615735509478,1.992854678662487,.3994360877068579E-004,11717.94114746401,33.16956200905385,4.472138012399784,.6974108839112407E-001,11.41177569775147,-.1074617221483161,-.3044841879803823E-001
12000.24011061030,75.58120111890503,-107.3132088701186,6.077094722913101,2.106494653746133,-.4153242436838109E-004,11516.39463531367,37.37010833493817,4.935752268279971,.1406095954243762,12.81561342423336,-.1358115582365418,-.3714835317736218E-001
12000.24011061030,99.48126133957076,-106.4998711896061,6.225370290996513,2.154768711627598,.4239613789841501E-004,11342.48445056815,39.14077727733083,5.103692736131283,.2058532187519404,13.42133821639036,-.1416687464479499,-.3756773276245158E-001
12000.24011061030,116.9837592818501,-105.9149511405772,6.278059486910881,2.173395382983862,-.5405520758338181E-004,11218.23210448768,39.76637017183697,5.151741181149532,.2499956423848847,13.64900909987915,-.1418458594220438,-.3708557905236884E-001
12000.24011061030,124.9999999999995,-105.6460386985826,6.293031024135457,2.179424367311450,.3067367130762642E-003,11161.33787824009,39.94164367667736,5.162539432546387,.2686442424356003,13.71842499635208,-.1391577466426021,-.3599250304746515E-001
12000.24011061030,124.9999999999989,-105.6460386985820,6.293031024135425,2.179424367311439,.3067367130762532E-003,11161.33787824003,39.94164367667717,5.162539432546360,.2686442424355988,13.71842499635201,-.1391577466426011,-.3599250304746496E-001
12000.24011061030,133.0162407181498,-105.3804565242625,6.302811833953146,2.184200895633876,-.2123653407544405E-003,11105.28967767252,40.05313390335700,5.168280269752310,.2863597510628472,13.76916264823029,-.1410286110812971,-.3656378753795556E-001
12000.24011061030,150.5187386604267,-104.7936772430775,6.314229621244602,2.193256540785144,.1687440177361851E-003,10981.95669049790,40.17605681249013,5.176497286186830,.3205974323778664,13.85004808908196,-.1354911233339945,-.3465464502632253E-001
12000.24011061030,174.4187988810964,-103.9887539072543,6.315742916527929,2.204297861013196,-.1568003048668465E-003,10813.89112511921,40.17336934179991,5.189040885674778,.3576780168802846,13.92266672155878,-.1318848509078191,-.3394760518137314E-001
12000.24011061030,200.5812011189036,-103.0949859839679,6.311945083074546,2.215052348664740,.1545515664619023E-003,10628.79319440416,40.10796033561270,5.204290283218480,.3858208143245888,13.98357835386449,-.1230710376161488,-.3177886045210433E-001
12000.24011061030,224.4812613395718,-102.2702239373033,6.307857899999942,2.221939183273463,-.1707072625754483E-003,10459.40362129889,40.04601419725904,5.209543644896298,.4012316950593716,14.01932946882042,-.1187597907709839,-.3107013177643430E-001
12000.24011061030,241.9837592818481,-101.6577178332425,6.304810494745295,2.224455225394163,.2049792379735433E-003,10334.48755097057,40.00343531953585,5.207006476677396,.4064444960346081,14.02889832580275,-.1121094885583991,-.2929069224448893E-001
12000.24011061030,249.9999999999999,-101.3788786144684,6.303015726685621,2.224736877236364,-.8639865723484761E-003,10277.86829238091,39.97951994618012,5.204224772772378,.4072026299653311,14.02672619649733,-.1168914462085619,-.3122218725622533E-001
12000.24011061030,249.9999999999981,-101.3788786144677,6.303015726685573,2.224736877236347,-.8639865723484568E-003,10277.86829238084,39.97951994617985,5.204224772772342,.4072026299653284,14.02672619649723,-.1168914462085610,-.3122218725622506E-001
12000.24011061030,258.0162407181497,-101.0917466423472,6.301424321184493,2.224532831648302,.5314433577391152E-003,10219.72864619289,39.95826441515256,5.200767438075610,.4067158719468434,14.02193216799287,-.1061877140008003,-.2774565147337559E-001
12000.24011061030,275.5187386604276,-100.4712956694216,6.297581246289928,2.222305361221593,-.4292648475704599E-003,10094.65872343867,39.90742066308157,5.191183367709453,.4021369814407123,13.99905757407968,-.1082779869014081,-.2908439341665336E-001
12000.24011061030,299.4187988810972,-99.60807682804833,6.293679272900224,2.214559547109100,.3913085982615297E-003,9921.934267006342,39.85763005941823,5.169606972619622,.3877443399710500,13.94005280870398,-.9746164522842954E-001,-.2606145560624486E-001
12000.24011061030,325.5812011189054,-98.65456710043722,6.294736711317116,2.198981301305573,-.3922054379141967E-003,9732.876703048334,39.87534290765392,5.124997695816095,.3624031334883292,13.84085699194060,-.9612996767941270E-001,-.2594290780107087E-001
12000.24011061030,349.4812613395671,-97.76738291951392,6.302850483529767,2.176792585879928,.4276464687112450E-003,9558.605469933733,39.98556277637705,5.054423931548913,.3310613190161360,13.71445651536835,-.8487270790452588E-001,-.2166886038361819E-001
12000.24011061030,366.9837592818539,-97.11443144258510,6.313520688397692,2.155078017369529,-.5219990896467631E-003,9431.351662631554,40.12946938980393,4.982067665619040,.3034005058913317,13.59638393880609,-.8611820404539514E-001,-.2135037809050867E-001
12000.24011061030,375.0000000000026,-96.80544377380429,6.320161901717047,2.143487012347621,.2029524248084322E-002,9371.431677126568,40.21819057687559,4.943065522701191,.2897416180970770,13.53527890804285,-.6727698225699513E-001,-.1467083030548443E-001
12000.24011061030,375.0000000000005,-96.80544377380369,6.320161901717007,2.143487012347608,.2029524248084297E-002,9371.431677126509,40.21819057687534,4.943065522701160,.2897416180970753,13.53527890804276,-.6727698225699470E-001,-.1467083030548432E-001
12000.24011061030,383.0162407181469,-96.51035543472264,6.328926998327633,2.130330752086258,-.1237981825773326E-002,9314.384382604629,40.33472107944016,4.896900390080743,.2753465264552549,13.46833530567420,-.8609263217558005E-001,-.2003254708836369E-001
12000.24011061030,400.5187386604230,-95.83664356876471,6.355274138849546,2.099874371179990,.9956630400399518E-003,9184.797410912284,40.68104131503014,4.790908620261733,.2430251035329655,13.32676102121754,-.6527394658373931E-001,-.1221605289773921E-001
12000.24011061030,424.4187988810962,-94.91910550297891,6.415169369816885,2.053375757327152,-.9104776992258346E-003,9009.776439587742,41.46216681985736,4.620192297807026,.1977945382153907,13.14899494745695,-.6921574994127300E-001,-.1086529210171518E-001
12000.24011061030,450.5812011189073,-93.88658904776310,6.533212011081709,1.993703335221779,.9137031775390465E-003,8814.848550277318,43.01261815130721,4.381514140411346,.1536550162659121,12.99379106143208,-.4621720436938206E-001,-.2121749077611308E-002
12000.24011061030,474.4812613395653,-92.92705955257226,6.712119299863207,1.926008079589834,-.1003510972121880E-002,8635.623741638483,45.41856246407031,4.092457597700825,.1251524332822432,12.88091000753820,-.4884154673959749E-001,-.1818967854303913E-002
12000.24011061030,491.9837592818488,-92.18766563036571,6.913825093432632,1.850749603324022,.1251917599269696E-002,8498.782031194061,48.22765033626320,3.779619086562591,.1171920869206195,12.72454525171099,-.2447448085053362E-001,.3865052375669993E-002
12000.24011061030,499.9999999999977,-91.84924942941694,7.021569814433304,1.810140973244647,-.4510158111931508E-002,8436.521526458848,49.77829456669367,3.620818785929357,.1172959037691932,12.61796571366520,-.6435724579962730E-001,-.4655769650697594E-002
12000.24011061030,499.9999999999993,-91.84924942941721,7.021569814433326,1.810140973244652,-.4510158111931522E-002,8436.521526458873,49.77829456669382,3.620818785929367,.1172959037691935,12.61796571366524,-.6435724579962752E-001,-.4655769650697602E-002
12000.24011061030,508.0162407181474,-91.47431030011947,7.174139661591494,1.744475170130416,.2297013316027613E-002,8367.807613305116,51.98097195107055,3.371235401024245,.1212869592517770,12.40037777821088,-.1014938670542742E-001,.6954893770748187E-002
12000.24011061030,525.5187386604250,-90.62519151680326,7.534684314074917,1.589927832437890,-.1813910795710809E-002,8213.257884474033,57.40043413104802,2.842486347931887,.1395643843553758,11.78591109927071,-.3336068803497465E-001,.1124251570901988E-002
12000.24011061030,549.4187988810925,-89.24241509448069,8.229782221878487,1.265419552130262,.1661452437936360E-002,7964.764546408962,68.47498246093805,1.934655488896273,.1872689149989420,10.09804095899748,.2718278511586751E-002,.7017309105664275E-002
12000.24011061030,575.5812011189098,-87.23923515109279,9.170923000411012,.7555451860710221,-.1660378189154113E-002,7611.799293665992,84.69675603575266,.8968971435092243,.2439729262273444,6.620734656798946,-.1921183883098479E-001,.3109951128766692E-002
12000.24011061030,599.4812613395654,-84.74045689930712,9.873849121446453,.2779679344561309,.1826284798417912E-002,7182.743849281695,97.74554262216012,.2927024282152509,.2552356498585575,2.627569750208728,.2097054352830023E-001,.1682287254306679E-002
12000.24011061030,616.9837592818517,-82.51850438593459,10.08209559293274,.6294456923817210E-001,-.2354373370761662E-002,6811.356814055438,101.7850428236157,.1231880201993974,.2243049175022923,.6213662681881473,-.2232297098793335E-001,.3970138125012979E-003
12000.24011061030,625.0000000000007,-81.42715150974219,10.14245163492506,.1364995561296159E-002,.5556725502574644E-002,6632.429403374555,102.9959946194245,.9227960373814884E-001,.2056358185722722,.1303364581745639E-001,.5711797628206174E-001,-.5933248641626062E-004
12000.24011061030,625.0000000000039,-81.42715150974254,10.14245163492510,.1364995561296159E-002,.5556725502574660E-002,6632.429403374583,102.9959946194249,.9227960373814921E-001,.2056358185722730,.1303364581745646E-001,.5711797628206204E-001,-.5933248641626278E-004
12000.24011061030,633.0162407181493,-80.29536357281185,10.13937980960985,-.2860935735748741E-001,-.1971891291337741E-002,6449.316829233807,102.9159972172491,.6475716206825288E-001,.1838821857457838,-.2846521157741150,-.1755867080220385E-001,-.3351350957114902E-003
12000.24011061030,650.5187386604227,-77.77710401617321,10.13079123036450,-.5535018467910858E-001,.1545039020550789E-002,6050.947357425914,102.7303156995981,.4273623967144553E-001,.1419694671197079,-.5645831118265565,.1618713011466099E-001,-.1078409196306656E-003
12000.24011061030,674.4187988810944,-74.28265863017823,10.08610580388769,-.4000359893072514E-001,-.1405752704787209E-002,5519.144806965970,101.7998517885094,.2823913300444369E-001,.1007691395079559,-.4119448096753809,-.1327136546810571E-001,-.7102935391708142E-004
12000.24011061030,700.5812011189064,-70.45031398466926,10.04559258637929,-.1741649685490350E-001,.1404268781884136E-002,4964.121122956181,100.9651781775272,.1914825833377231E-001,.7091478843766942E-001,-.1825117977137780,.1364103716893658E-001,.2142293389741363E-003
12000.24011061030,724.4812613395709,-66.93113841020318,10.00265637513995,.5998955123062687E-002,-.1540302174487144E-002,4480.427256318266,100.0898104503208,.1406866503877831E-001,.5316543846047547E-001,.5455720166822134E-001,-.1496962675540146E-001,-.1096057525500673E-003
12000.24011061030,741.9837592818463,-64.34607743524515,9.996807158974953,.8589618312309363E-002,.1947110768670992E-002,4140.957422665845,99.96374520946277,.1162235962488094E-001,.4384248164966621E-001,.8270242299920577E-001,.1880254692247116E-001,.2511454455894518E-003
12000.24011061030,750.0000000000015,-63.13835005346363,10.00216315059320,.6125570437008303E-002,-.3568128625773111E-002,3986.951784164636,100.0701950457933,.1167896078161071E-001,.4123980952211642E-001,.5786336176753364E-001,-.3544422083416993E-001,-.1677861013173084E-003
12000.24011061030,750.0000000000056,-63.13835005346398,10.00216315059325,.6125570437008338E-002,-.3568128625773134E-002,3986.951784164659,100.0701950457938,.1167896078161078E-001,.4123980952211664E-001,.5786336176753404E-001,-.3544422083417014E-001,-.1677861013173081E-003
12000.24011061030,758.0162407181422,-61.93983858500777,10.00819577701571,.2364792243541539E-002,.1102078598391376E-002,3837.009102081369,100.1849880057949,.9143884348079688E-002,.3742037965453642E-001,.2108194061360402E-001,.1117283229636528E-001,-.6420139387294799E-004
12000.24011061030,775.5187386604150,-59.26986704366988,10.01825991777242,-.1426591321290476E-002,-.8736260755443504E-003,3513.313660020397,100.3846325622006,.7545614497676094E-002,.3159859117519644E-001,-.1712903052692717E-001,-.8873886677112999E-002,-.9569453905763014E-004
12000.24011061030,799.4187988810949,-55.58132495093807,10.00413882539814,.2611792486485615E-002,.7964414464181709E-003,3089.595815972489,100.0985998879608,.6209118688428413E-002,.2482149687408827E-001,.2364308182174929E-001,.8054631551609234E-002,-.1588448505428024E-003
12000.24011061030,825.5812011189107,-51.48021288734364,10.00083209012974,.3990927702579060E-002,-.7969546496429077E-003,2650.455479035141,100.0277084646944,.5043433682282785E-002,.1958364556886478E-001,.3820592463191463E-001,-.8119632531309470E-002,-.5841934226256002E-004
12000.24011061030,849.4812613395625,-47.67800121894073,10.00298611487360,.4048610198885258E-002,.8769602646931988E-003,2273.387064338775,100.0691936005559,.4677522237276677E-002,.1592176096280717E-001,.3900792684481998E-001,.8749852721091664E-002,-.5833106816120325E-004
12000.24011061030,866.9837592818446,-44.85733717791496,9.997210128825248,.4168553578129419E-002,-.1117011560497211E-002,2012.346101426514,99.95252908378102,.4531354819154698E-002,.1385939647370542E-001,.4049786338787693E-001,-.1139195317984753E-001,.1876399486138553E-004
12000.24011061030,874.9999999999990,-43.56264011349615,10.00062278406888,.1651771731655064E-002,.2178009019811268E-002,1897.858009346520,100.0211141583708,.5296379315589505E-002,.1326245193188295E-001,.1530700032076256E-001,.2175535957141222E-001,-.3129408139084075E-004
12000.24011061030,875.0000000000010,-43.56264011349626,10.00062278406890,.1651771731655071E-002,.2178009019811275E-002,1897.858009346527,100.0211141583711,.5296379315589522E-002,.1326245193188300E-001,.1530700032076253E-001,.2175535957141233E-001,-.3129408139084021E-004
12000.24011061030,883.0162407181449,-42.25158227626139,10.00151737067744,.1701139490696153E-002,-.6667333805118544E-003,1785.339957834615,100.0372222347905,.4330265704887785E-002,.1228687826407080E-001,.1608203006961778E-001,-.6815369714642194E-002,.2425680734851287E-004
12000.24011061030,900.5187386604171,-39.37822261223004,10.00406031542952,.3961613070154434E-003,.5235885043640368E-003,1550.768373939377,100.0871438217927,.4012381571744768E-002,.1074222866775898E-001,.3161991882978984E-002,.5003912880196932E-002,.2614480524232743E-004
12000.24011061030,924.4187988810968,-35.39899194144257,10.00050383878962,.2629122705064008E-002,-.4759281556830641E-003,1253.189896529195,100.0150930867634,.3618101217470429E-002,.9120308684521150E-002,.2563804106841472E-001,-.4963777943751229E-002,-.6131475947651719E-005
12000.24011061030,950.5812011189056,-30.98353967264437,10.00146345534112,.1777375856455765E-002,.4758697568996220E-003,960.0613851642270,100.0332676353352,.3197829974044834E-002,.7691899160699938E-002,.1727529335036410E-001,.4477645597753370E-002,-.8419120539891186E-004
12000.24011061030,974.4812613395675,-26.88830666918832,9.999956128912439,.2489239606009570E-002,-.5230298789190976E-003,723.0484745249064,100.0027077821021,.3147882014298792E-002,.6724995472196121E-002,.2443361925438213E-001,-.5468265273520925E-002,-.1846054708012516E-003
12000.24011061030,991.9837592818476,-23.85785677868796,9.998580141181160,.2501267797763090E-002,.6645874801810261E-003,569.2559895897280,99.97488474081001,.3150094039981733E-002,.6119438535669906E-002,.2472515481657198E-001,.6334602128377432E-002,-.2189210310890914E-003
12000.24011061030,999.9999999999980,-22.45665960985341,9.999516952418869,.1287414273415277E-002,-.1251521542125007E-002,504.3567651856594,99.99422705506879,.3627588625972190E-002,.6245969652840476E-002,.1252490749105416E-001,-.1270223766918646E-001,-.2610434842385760E-003
12000.24011061030,999.9999999999980,-22.45665960985340,9.999516952418867,.1287414273415277E-002,-.1251521542125007E-002,504.3567651856593,99.99422705506878,.3627588625972189E-002,.6245969652840476E-002,.1252490749105417E-001,-.1270223766918645E-001,-.2610434842385760E-003
12000.24011061030,1008.016240718138,-21.05529636590281,10.00064363031725,.4806555931761956E-003,.3721770344624149E-003,443.3773368278449,100.0158293112210,.3069950614493380E-002,.5690483273446040E-002,.4584915754959118E-002,.3433134819067986E-002,-.2621070864945162E-003
12000.24011061030,1025.518738660421,-17.96406720086200,10.00127079650473,.6086320053936365E-003,-.2930104451666436E-003,322.7532881826393,100.0279273061370,.2812806747836241E-002,.5296009963243715E-002,.5997809722153968E-002,-.3259209405679846E-002,-.2713272951033091E-003
12000.24011061030,1049.418798881096,-13.69603474135486,10.00082147813181,.1002036572556824E-002,.2666318028849864E-003,187.6196610948879,100.0186996667299,.2618555023295964E-002,.4799460381328598E-002,.9994882116355991E-002,.2361243398389589E-002,-.2910392356646967E-003
12000.24011061030,1075.581201118908,-8.957438638856207,9.999777665854577,.1042711909305940E-002,-.2666677109675040E-003,80.26760374256821,99.99751533667840,.2378859354220032E-002,.4395859991752190E-002,.1054429075960304E-001,-.3006821549475253E-002,-.2858990264199433E-003
12000.24011061030,1099.481261339562,-4.571872026154251,10.00092433987465,.1442349765667075E-002,.2933235044079749E-003,20.92917338237750,100.0203453303407,.2336009877222880E-002,.4064946683083861E-002,.1455186839885707E-001,.2642299426430038E-002,-.2952573790910383E-003
12000.24011061030,1116.983759281850,-1.323903770555007,9.998115749913810,.1850593805183312E-002,-.3734463839981041E-003,1.776943860414459,99.96415326979090,.2308237177455356E-002,.3911302941982745E-002,.1871389255959491E-001,-.4041438901263412E-002,-.2786761776433496E-003
12000.24011061030,1125.000000000006,.1706369953290473,10.00021639957090,.2965203019857929E-003,.6679414316964384E-003,.5218214440520828E-001,100.0065615670562,.2648401970229186E-002,.4059873786388366E-002,.3117697926860258E-002,.6454850315987590E-002,-.3167239159836161E-003
12000.24011061030,1125.000000000003,.1706369953290468,10.00021639957087,.2965203019857903E-003,.6679414316964342E-003,.5218214440520813E-001,100.0065615670560,.2648401970229180E-002,.4059873786388354E-002,.3117697926860258E-002,.6454850315987595E-002,-.3167239159836153E-003
12000.24011061030,1133.016240718150,1.675897092951063,10.00062875306667,.3051766755701318E-003,-.1746266278249908E-003,2.830563361546411,100.0142712843971,.2268823484300572E-002,.3778895760909855E-002,.3304397278270074E-002,-.2040772302952756E-002,-.2852531388658088E-003
12000.24011061030,1150.518738660425,4.979547718070448,10.00108131584894,.1884572976658533E-003,.1371084464921932E-003,24.81569246443485,100.0231506018687,.2113585441586137E-002,.3629069648024494E-002,.2180528309306873E-002,.1056168674412484E-002,-.2953184386405712E-003
12000.24011061030,1174.418798881095,9.542390833072410,10.00000217846868,.9831421066073551E-003,-.1246259140862665E-003,91.07460611251577,100.0014927650035,.1981989815702422E-002,.3501793280462678E-002,.1021908289696759E-001,-.1574089396892252E-002,-.3590450465438942E-003
12000.24011061030,1200.581201118908,14.59984611808253,10.00011498019795,-.3971261885872632E-004,.1246189216315176E-003,213.1707693712938,100.0036666828015,.1896064630672676E-002,.3404531657220439E-002,.8652084858340459E-005,.8757040037584291E-003,-.4477595618639746E-003
12000.24011061030,1224.481261339567,19.27977595848564,9.999305153070807,.4507790682336133E-003,-.1369714632517385E-003,371.7234704779800,99.98744834779029,.1851458570171669E-002,.3352960653903673E-002,.4900775610932700E-002,-.1766740813557644E-002,-.5349941828457470E-003
12000.24011061030,1241.983759281857,22.74094708142712,9.998592384510367,.1981801756794643E-003,.1741212656321133E-003,517.1634008480862,99.97326763527695,.1909434943239610E-002,.3339837887413973E-002,.2385753665534019E-002,.1315676461820679E-002,-.5893165058756310E-003
12000.24011061030,1249.999999999995,24.33726844686049,9.999791693605953,-.7556445930163266E-003,-.3018308606723686E-003,592.3149934193074,99.99754897981347,.2143153561567148E-002,.3558391758279078E-002,-.7211577264213846E-002,-.3388631990531157E-002,-.6272096034684546E-003
12000.24011061030,1250.000000000008,24.33726844686074,9.999791693606046,-.7556445930163335E-003,-.3018308606723722E-003,592.3149934193132,99.99754897981445,.2143153561567170E-002,.3558391758279113E-002,-.7211577264213956E-002,-.3388631990531233E-002,-.6272096034684602E-003
12000.24011061030,1258.016240718153,25.93785148592906,9.999676535687225,-.1283943209725361E-002,.7567445022270696E-004,672.7840789395916,99.99490787221418,.1901407899974047E-002,.3337030127676694E-002,-.1242579926513181E-001,.3121191278969756E-003,-.6215704009075358E-003
12000.24011061030,1275.518738660422,29.45775030837699,9.999917408353557,-.9396777797633589E-003,-.5956668347035501E-004,867.7702400436980,99.99963497263136,.1833495930291488E-002,.3323731460790163E-002,-.8947110195546025E-002,-.1080130887613925E-002,-.6528337486060469E-003
12000.24011061030,1299.418798881096,34.31254321342637,9.999304561972128,-.7335567097617523E-003,.5421542000275353E-004,1177.360890273379,99.98734840487231,.1807070067619355E-002,.3319757784882687E-002,-.6832701166419671E-002,.2648434982543968E-004,-.6824562667908758E-003
12000.24011061030,1325.581201118905,39.69179769490164,9.999018943966053,-.8293650839948507E-003,-.5421291145839171E-004,1575.448224321514,99.98160908980729,.1786027556431241E-002,.3311869332411075E-002,-.7751821330584554E-002,-.1104755672942607E-002,-.6887698930003714E-003
12000.24011061030,1349.481261339568,44.66402409235857,9.998786311844775,-.5633468716219584E-003,.5964900089739929E-004,1994.883824903318,99.97693566662957,.1817604513349552E-002,.3295825930915795E-002,-.5088579923129185E-002,.1253472189797697E-004,-.6934506971240924E-003
12000.24011061030,1366.983759281844,48.34087368681189,9.997993040905232,-.4748414661986083E-003,-.7595191079399891E-004,2336.848450632625,99.96111126006628,.1840460188207110E-002,.3302565951659384E-002,-.4229369879640368E-002,-.1367759730495669E-002,-.6849953074243209E-003
12000.24011061030,1375.000000000005,50.03402516871402,9.999393172573026,-.1477215728270512E-002,.1221640530929436E-003,2503.411928889856,99.98937206638954,.2064469607884136E-002,.3505586749352588E-002,-.1431081220466216E-001,.6720879390341734E-003,-.7013216134827485E-003
12000.24011061030,1375.000000000025,50.03402516871478,9.999393172573182,-.1477215728270530E-002,.1221640530929477E-003,2503.411928889894,99.98937206639111,.2064469607884166E-002,.3505586749352641E-002,-.1431081220466236E-001,.6720879390342393E-003,-.7013216134827594E-003
12000.24011061030,1383.016240718153,51.73463843927529,9.999036237270341,-.1853731199667640E-002,-.2411484567110323E-004,2676.480902260424,99.98192213930800,.1821804463946027E-002,.3299430376926976E-002,-.1804098918994980E-001,-.8582379203803114E-003,-.6809489447907093E-003
12000.24011061030,1400.518738660420,55.46858749347454,9.999230894512824,-.1406337091324902E-002,.1892665830055648E-004,3076.772039918856,99.98572607806589,.1755203860590283E-002,.3273466063974211E-002,-.1359791708103792E-001,-.4316387808013401E-003,-.6656611350530236E-003
12000.24011061030,1424.418798881092,60.61690352000307,9.998870805035711,-.7826062141769942E-003,-.1718680265398102E-004,3674.416592927235,99.97847333589493,.1715562065767735E-002,.3244919843603498E-002,-.7385422353019470E-002,-.7913559879601240E-003,-.6593605841159818E-003
12000.24011061030,1450.581201118911,66.31643203111651,9.998987820025253,-.1276219618277775E-002,.1719326052027677E-004,4397.876609881277,99.98080168797431,.1719675109465021E-002,.3206514581592291E-002,-.1232417645247367E-001,-.4303296749212024E-003,-.6572575655429240E-003
12000.24011061030,1474.481261339574,71.58207394497273,9.998821520288718,-.5666694459793000E-003,-.1887964576474709E-004,5124.000699138218,99.97748729744150,.1760458159894379E-002,.3189227997360950E-002,-.5206881633469218E-002,-.7849677023248694E-003,-.6735617164818506E-003
12000.24011061030,1491.983759281850,75.47316450460539,9.998328495086660,-.1041384293534194E-002,.2398241905605491E-004,5696.205934217048,99.96766995776069,.1809099294034364E-002,.3199537575545600E-002,-.9967068503752695E-002,-.3399724175222052E-003,-.6768683992122424E-003
12000.24011061030,1499.999999999997,77.26542368241422,9.999052452141253,-.1029949354630101E-002,-.3472042305360844E-004,5969.953095741818,99.98238503229071,.1999118346770143E-002,.3390343887874608E-002,-.9862884779151586E-002,-.8836606245391909E-003,-.6988277568600057E-003
12000.24011061030,1500.000000000005,77.26542368241472,9.999052452141314,-.1029949354630102E-002,-.3472042305360714E-004,5969.953095741856,99.98238503229138,.1999118346770155E-002,.3390343887874630E-002,-.9862884779151593E-002,-.8836606245391978E-003,-.6988277568600104E-003
12000.24011061030,1508.016240718153,79.06365181522418,9.999548691577282,-.2199210265910888E-002,.4962298756367584E-005,6251.068424660286,99.99206190177856,.1818441748696841E-002,.3211761824357300E-002,-.2153672741300396E-001,-.5312214244074121E-003,-.6852960558370201E-003
12000.24011061030,1525.518738660410,83.01268670680186,9.999323618053388,-.1551165211094550E-002,-.3914219677383967E-005,6891.113586980827,99.98748365950183,.1760228771494578E-002,.3208544000563151E-002,-.1505385310419049E-001,-.6323110407356700E-003,-.6847989877767391E-003
12000.24011061030,1549.418798881102,88.45385003899381,9.998885353890902,-.1391343681184680E-002,.3578812965435597E-005,7824.091105897350,99.97869232766661,.1749378472659396E-002,.3204527214686937E-002,-.1346619508716831E-001,-.5595112513876819E-003,-.6890028827093169E-003
12000.24011061030,1575.581201118908,94.47447909915392,9.998946247099088,-.1223554495676361E-002,-.3572729429480006E-005,8925.434845878781,99.97989871720813,.1711156298395209E-002,.3195225586272390E-002,-.1179617511874802E-001,-.6481060676852765E-003,-.6768996162165161E-003
12000.24011061030,1599.481261339566,100.0330513216003,9.998669084031855,-.1216311701509391E-002,.3949769773088424E-005,10006.61914013690,99.97435274270538,.1707609250843500E-002,.3180020103033769E-002,-.1173768634352240E-001,-.5824347181405364E-003,-.6661784004329786E-003
12000.24011061030,1616.983759281847,104.1389641377368,9.998303874806364,-.5717270286328766E-003,-.5058751203260896E-005,10844.93175106963,99.96708991836991,.1691288592774728E-002,.3181816300894948E-002,-.5299341525606190E-002,-.6863141828186790E-003,-.6478190038086104E-003
12000.24011061030,1624.999999999999,106.0291984907765,9.999291960883831,-.2365944717968245E-002,-.2129393137108825E-006,11242.19890859497,99.98707769856759,.1832190389283181E-002,.3346623374191131E-002,-.2328163273871616E-001,-.5716662406154358E-003,-.6582389658684162E-003
12000.24011061030,1625.000000000008,106.0291984907767,9.999291960883852,-.2365944717968250E-002,-.2129393137145687E-006,11242.19890859500,99.98707769856782,.1832190389283185E-002,.3346623374191139E-002,-.2328163273871618E-001,-.5716662406154375E-003,-.6582389658684180E-003
12000.24011061030,1633.016240718139,107.9260119720933,9.999526561347668,-.1564289970468779E-002,.5535913891033251E-005,11648.03209008636,99.99151719303191,.1650965795469959E-002,.3169735677200385E-002,-.1524405587310227E-001,-.5834719073850910E-003,-.6256249328298605E-003
12000.24011061030,1650.518738660408,112.0895683205760,9.999213759881005,-.1629746690905886E-002,-.4365361980573001E-005,12564.07953850734,99.98521092205370,.1568481168171223E-002,.3127887597993365E-002,-.1590821755964165E-001,-.7035419498756228E-003,-.5898210795445308E-003
12000.24011061030,1674.418798881097,117.8239798538103,9.998684776896615,-.3038767877967755E-003,.3985404586625890E-005,13882.49874010563,99.97460562892464,.1514985780327543E-002,.3047631450513625E-002,-.2670719123748930E-002,-.6241137095964605E-003,-.5423063721788084E-003
12000.24011061030,1700.581201118914,124.1653483023573,9.999361166814447,-.1116371389043049E-002,-.3982526078421741E-005,15417.04262624649,99.98812533884350,.1499746095086150E-002,.2926100971539206E-002,-.1082958334118862E-001,-.7034139433179515E-003,-.4816364302377414E-003
12000.24011061030,1724.481261339552,130.0171544130739,9.998418199814498,.2768666353087949E-003,.4398482980212540E-005,16904.46979339197,99.96928585928117,.1550707046846459E-002,.2767574068819278E-002,.3087974756572825E-002,-.6160559516080822E-003,-.4268506230216201E-003
12000.24011061030,1741.983759281854,134.3374121903592,9.999345860421506,-.6887709001373544E-003,-.5642764366742465E-005,18046.54999584336,99.98787931866147,.1636831334158935E-002,.2641098924609841E-002,-.6580499662872351E-002,-.6949656729419926E-003,-.3965964998801460E-003
12000.24011061030,1749.999999999983,136.3258741311961,9.997805177124992,.1150813212827199E-002,.1967509017186501E-004,18584.75385576060,99.95725977870646,.1751130282090541E-002,.2703459512457341E-002,.1179771181526246E-001,-.4118852481965318E-003,-.3853745166308189E-003
12000.24011061030,1750.000000000017,136.3258741311986,9.997805177125180,.1150813212827228E-002,.1967509017186773E-004,18584.75385576095,99.95725977870831,.1751130282090573E-002,.2703459512457388E-002,.1179771181526280E-001,-.4118852481965456E-003,-.3853745166308260E-003
12000.24011061030,1758.016240718161,138.3205707674920,10.00076480780509,-.1802773694896481E-002,-.1017046969516004E-004,19132.59034079777,100.0162697262484,.1735956948155342E-002,.2489432328867283E-002,-.1771002861695951E-001,-.7253465878122893E-003,-.3668231372046935E-003
12000.24011061030,1775.518738660420,142.6985321408919,9.997901870267503,-.6993252509862108E-003,.7963161114268999E-005,20362.88157491361,99.95904257277849,.1828622627609475E-002,.2243739675911895E-002,-.6657019849036744E-002,-.5663811862453398E-003,-.3253785791552879E-003
12000.24011061030,1799.418798881107,148.7258784375825,10.00087067723670,-.6150266176948270E-004,-.7229046214722893E-005,22119.39799322224,100.0184826995050,.2050076001431420E-002,.1880848248778397E-002,-.2300487994373046E-003,-.6881090585803386E-003,-.3038473321991339E-003
12000.24011061030,1825.581201118914,155.3880354096077,9.992628899531095,.1526987248814801E-003,.7230292841119406E-005,24145.45325094634,99.85407875376262,.2422744496372887E-002,.1409725231210231E-002,.1973969364175085E-002,-.5597383417650591E-003,-.2795946962218037E-003
12000.24011061030,1849.481261339561,161.5328314237637,9.993668926050228,-.1520844578972898E-002,-.7943158052964815E-005,26092.86770645731,99.87471860738685,.1980841766552298E-002,.9864099938774245E-003,-.1481646029327884E-001,-.5694239403234210E-003,-.2310843070869042E-003
12000.24011061030,1866.983759281861,166.0681347199382,9.996976887881578,-.1323198922931178E-002,.1010345803815479E-004,27578.63759219133,99.94056388004390,.1423826417680726E-002,.6961738433075714E-003,-.1296405803916754E-001,-.1810705814270634E-003,-.1632135778736975E-003
12000.24011061030,1874.999999999985,168.1553790571078,9.998249412666450,-.6427659818744841E-003,-.1626116426888587E-004,28276.24373065743,99.96579471741146,.1128547891042851E-002,.6367761726696363E-003,-.6246777997999213E-002,-.3237501226435384E-003,-.1256972316741415E-003
12000.24011061030,1875.000000000024,168.1553790571111,9.998249412666649,-.6427659818745027E-003,-.1626116426888590E-004,28276.24373065798,99.96579471741346,.1128547891042873E-002,.6367761726696489E-003,-.6246777997999324E-002,-.3237501226435366E-003,-.1256972316741440E-003
12000.24011061030,1883.016240718141,170.2488029451450,9.998798254653735,-.5890026539613520E-003,.3332970176233717E-005,28984.66713695775,99.97663677222953,.9489471627139266E-003,.4731928917846311E-003,-.5699780356593843E-002,-.1214179325450589E-003,-.9099629507682526E-004
12000.24011061030,1900.518738660420,174.8418763224878,9.999571342205627,-.2410583810602083E-003,-.2621439815083266E-005,30569.69387715074,99.99182196318924,.5736893016479960E-003,.2948810181940455E-003,-.2312191557075481E-002,-.8200598627940495E-004,-.3623828715344527E-004
12000.24011061030,1924.418798881097,181.1623946691265,9.999925125709515,-.4800550014716722E-004,.2385236038048981E-005,32819.82532620135,99.99881925088022,.4369108168853230E-003,.1510964535281541E-003,-.4045217773788884E-003,.5041583259179569E-005,-.1393735748673500E-004
12000.24011061030,1950.581201118912,188.1454941711726,9.999959237515467,-.2875391941001499E-004,-.2385093751403178E-005,35398.73896846485,99.99945418088215,.3789482683327119E-003,.5674281286049687E-004,-.2344851550555790E-003,-.2527918170840712E-004,-.2026452121588449E-005
12000.24011061030,1974.481261339550,194.5834387243982,10.00001114320783,.8364528716607676E-005,.2622631670284089E-005,37862.72661202756,100.0005212360083,.4001804908012815E-003,.1486726981778181E-004,.1441087557265738E-003,.2578673997539614E-004,-.1398046770749235E-005
12000.24011061030,1991.983759281852,199.3335222328838,9.999972162590058,-.1204417113683637E-004,-.3337361788548468E-005,39733.86503576116,99.99971236525271,.3716657118354237E-003,.2514996530377202E-005,-.7512940106707555E-004,-.3181552932538534E-004,-.1088618817091286E-005
12000.24011061030,1999.999999999968,201.5190419449937,9.999999999999938,.000000000000000E+000,.000000000000000E+000,40609.93640924520,99.99999999999955,.000000000000000E+000,.000000000000000E+000,.000000000000000E+000,.000000000000000E+000,.000000000000000E+000
12500.51623823574,.000000000000000E+000,-111.0300101156043,3.973979743521342,1.505090194619927,.000000000000000E+000,12327.92610594674,16.04103736913454,2.584571425663675,.000000000000000E+000,5.945636495379379,.000000000000000E+000,.000000000000000E+000
12500.51623823574,8.016240718149545,-110.6494306679520,4.333634542179153,1.639047253129575,.5353632093903492E-004,12243.55770664430,19.08868334217686,3.060732784796212,.1831169749546937E-002,7.068148012070387,-.1068125406714011E-001,-.3152483369807577E-002
12500.51623823574,25.51873866042869,-109.8649041305386,5.014343260936669,1.882752201240901,-.4330432379237321E-004,12070.56017345229,25.57646428230301,4.002866712793001,.1965311395145202E-001,9.421048688356350,-.4811444455561628E-001,-.1447241330469958E-001
12500.51623823574,49.41879888109523,-108.8782369276337,5.654383166731447,2.102927814347839,.3914188406099316E-004,11854.73823175886,32.46763140263278,4.930133024500126,.6778526216337236E-001,11.88049036617524,-.9826134309712964E-001,-.2891481531962950E-001
12500.51623823574,75.58120111890503,-107.8810154050832,6.011416661998814,2.227630425647162,-.4007967215882528E-004,11638.57887190127,36.58641423479251,5.453711782889378,.1323363694690959,13.37608701213192,-.1220049098181341,-.3528165881697673E-001
12500.51623823574,99.48126133957076,-107.0079791329518,6.157135000952687,2.285036795267580,.4164000871868800E-004,11450.96230963204,38.29921462006157,5.662967620919824,.1891904912257101,14.05528170080713,-.1235231080609289,-.3652951934136503E-001
12500.51623823574,116.9837592818501,-106.3790811549932,6.209963182179395,2.309218548111259,-.5245991571238562E-004,11316.75151147248,38.91722659334028,5.736925337060699,.2260768254371461,14.33148031386052,-.1201600212988067,-.3688972007046182E-001
12500.51623823574,124.9999999999995,-106.0897898225695,6.225970339520591,2.317344161673882,.2995051110431688E-003,11255.27947394119,39.10275166980026,5.758474928903098,.2411014742645428,14.42187032376473,-.1159055843484732,-.3623820009808128E-001
12500.51623823574,124.9999999999989,-106.0897898225689,6.225970339520559,2.317344161673870,.2995051110431801E-003,11255.27947394113,39.10275166980006,5.758474928903068,.2411014742645415,14.42187032376465,-.1159055843484727,-.3623820009808110E-001
12500.51623823574,133.0162407181498,-105.8041798200990,6.237533681104736,2.323744435715582,-.2058766889850494E-003,11194.75345167348,39.23451991280007,5.773293212046918,.2551615534790827,14.49144365626403,-.1161836615899243,-.3730293280730256E-001
12500.51623823574,150.5187386604267,-105.1739071135545,6.254484032917905,2.334819757959040,.1638026291282974E-003,11061.76355005158,39.42260161657705,5.795374850875189,.2815967260820699,14.60519064997656,-.1078721021752342,-.3626273489587088E-001
12500.51623823574,174.4187988810964,-104.3120724128281,6.265295751475408,2.345812614322009,-.1517659123335393E-003,10881.20026868430,39.53193438387694,5.813754935252323,.3094887389814854,14.70318220486059,-.1011331779646972,-.3649258659720732E-001
12500.51623823574,200.5812011189036,-103.3594996635312,6.272084280167827,2.354374395855862,.1500985356721503E-003,10683.35995097712,39.59600830255657,5.825987846103008,.3301212350293743,14.77522210445017,-.9017815264719861E-001,-.3484687193568377E-001
12500.51623823574,224.4812613395718,-102.4844212233204,6.276359138053707,2.357525686234778,-.1656043483341859E-003,10503.21902776024,39.63463033266615,5.822465318563953,.3411548728885395,14.80617726251470,-.8447364409261675E-001,-.3431041526105186E-001
12500.51623823574,241.9837592818481,-101.8370189704578,6.277496017503949,2.355983165412121,.1998003701032969E-003,10370.93441347633,39.63897644916180,5.807132426498809,.3448790517415541,14.79884884456044,-.7707280619599868E-001,-.3203352791428694E-001
12500.51623823574,249.9999999999999,-101.5429458716175,6.277278519452854,2.354147215415080,-.8241734524279658E-003,10311.12309156356,39.63235109689201,5.796973845195800,.3454426954798339,14.78619094909305,-.8114053378529226E-001,-.3363834319127803E-001
12500.51623823574,249.9999999999981,-101.5429458716168,6.277278519452811,2.354147215415062,-.8241734524279450E-003,10311.12309156350,39.63235109689172,5.796973845195759,.3454426954798314,14.78619094909295,-.8114053378529165E-001,-.3363834319127781E-001
12500.51623823574,258.0162407181497,-101.2407073362549,6.277169689793595,2.351614458822828,.5012453215886229E-003,10249.83161437312,39.62748857584619,5.784698154401068,.3451444663351670,14.76910745341027,-.7062345028303918E-001,-.2957040274969336E-001
12500.51623823574,275.5187386604276,-100.5887772890639,6.277043892823879,2.343860676449553,-.4040743283184045E-003,10118.24763511839,39.62036068003061,5.751683452877892,.3418527649882904,14.71610111310280,-.7166448984090577E-001,-.2940007312866551E-001
12500.51623823574,299.4187988810972,-99.68479778836513,6.278835526638018,2.329144064170582,.3683925480228670E-003,9937.198701089896,39.63817472491885,5.695326793476581,.3311239042662957,14.61976540348332,-.6105655388596710E-001,-.2378249694874478E-001
12500.51623823574,325.5812011189054,-98.68935747221640,6.285949792684109,2.307762157679484,-.3689879516756232E-003,9739.724502250530,39.72594267831194,5.618238378346410,.3114904717655854,14.49365516727305,-.6007962634981233E-001,-.2103042762863200E-001
12500.51623823574,349.4812613395671,-97.76624671151714,6.300531738641766,2.283187105529547,.4028257540048177E-003,9558.371721301311,39.91335989469717,5.531338809655922,.2871186328448359,14.36740288715574,-.5020444744605927E-001,-.1511150457071752E-001
12500.51623823574,366.9837592818539,-97.08871617152769,6.316909469245969,2.263005583134127,-.4932478521125043E-003,9426.350314690329,40.12542032917614,5.461649994678364,.2659070420305558,14.27369207053247,-.5215721962016225E-001,-.1422115116267306E-001
12500.51623823574,375.0000000000026,-96.76863955091704,6.325949198879099,2.253140899127497,.1895117340098457E-002,9364.301161885433,40.24263619801970,5.428222953596793,.2555182173382886,14.22999456758500,-.3505964004702720E-001,-.7569960311532981E-002
12500.51623823574,375.0000000000005,-96.76863955091639,6.325949198879059,2.253140899127483,.1895117340098443E-002,9364.301161885378,40.24263619801946,5.428222953596759,.2555182173382871,14.22999456758490,-.3505964004702688E-001,-.7569960311532870E-002
12500.51623823574,383.0162407181469,-96.46293079473497,6.336680072570003,2.241936496236741,-.1142037491577291E-002,9305.228435847941,40.38163093627917,5.388481091833876,.2446013834893110,14.18099584096068,-.5294356655134216E-001,-.1306617100664319E-001
12500.51623823574,400.5187386604230,-95.76595985067364,6.364365044133967,2.215490975751182,.9168984818494243E-003,9171.252066084984,40.73967312890838,5.294938988358640,.2202216844057959,14.07030990615091,-.3499629830165703E-001,-.6361956179757110E-002
12500.51623823574,424.4187988810962,-94.81659067817478,6.418697250735510,2.170762521785512,-.8383805255878481E-003,8990.325927587153,41.44215984393753,5.126085061444768,.1858178121266477,13.90036855204069,-.4044850240532259E-001,-.6694221366990801E-002
12500.51623823574,450.5812011189073,-93.74714564308717,6.521061541437400,2.104985055605606,.8416629403418612E-003,8788.685181358735,42.78587071843164,4.852806608968557,.1511897705438520,13.69707036400710,-.2169895917252045E-001,.3005572958951885E-003
12500.51623823574,474.4812613395653,-92.75023219721939,6.677239468700931,2.024720229795138,-.9241945053852338E-003,8602.790451950696,44.89217867586672,4.501226009630598,.1255701073041463,13.49000418874394,-.2692248991367160E-001,.1336011139634261E-003
12500.51623823574,491.9837592818488,-91.98225621964995,6.858305634732385,1.943379285349015,.1152824563780304E-002,8460.947288276544,47.41326694959967,4.151686557788210,.1148923020619297,13.28204436930677,-.7300501488676763E-002,.5890938296640572E-002
12500.51623823574,499.9999999999977,-91.63173360208683,6.954303816550252,1.904695833084259,-.4142061701078161E-002,8396.604781782371,48.78820958405993,3.989770636643684,.1128601533707340,13.18383635547734,-.4518796396389199E-001,-.1831439948621642E-002
12500.51623823574,499.9999999999993,-91.63173360208711,6.954303816550274,1.904695833084264,-.4142061701078175E-002,8396.604781782396,48.78820958406008,3.989770636643693,.1128601533707344,13.18383635547738,-.4518796396389212E-001,-.1831439948621665E-002
12500.51623823574,508.0162407181474,-91.24558871706574,7.098354810728798,1.841764974808644,.2095489331999671E-002,8326.005087211051,50.85716718615978,3.733731378092393,.1143293710284211,12.99005113217942,.2741915542023106E-002,.9327363200296953E-002
12500.51623823574,525.5187386604250,-90.37863038560877,7.441755843555006,1.700232576052324,-.1654541666520311E-002,8168.605533306014,55.97276976895780,3.199508810501582,.1267750772097251,12.49467420462537,-.2031009589739798E-001,.3617401951583741E-002
12500.51623823574,549.4187988810925,-88.99484384595974,8.124762208100602,1.386633846552083,.1516986089023858E-002,7920.562213109562,66.76566378422662,2.242421483463138,.1689840642902328,10.96262820215926,.1054934087475900E-001,.7330772106860338E-002
12500.51623823574,575.5812011189098,-87.03994850383745,9.058294598623803,.8760623756761250,-.1514445312464409E-002,7576.884147493201,82.70023772233418,1.126993379796342,.2287647370267887,7.579917429591633,-.1225705161481763E-001,.8940665347513522E-003
12500.51623823574,599.4812613395654,-84.61609129745148,9.799688075792666,.3664910668874427,.1666404996998899E-002,7161.463609060379,96.32470971448632,.3916719704380486,.2495333558485700,3.431788376417280,.2123243779734220E-001,-.3619339781424514E-003
12500.51623823574,616.9837592818517,-82.43987731038781,10.06115293967433,.1049865934275375,-.2153785004835541E-002,6798.225790295730,101.3714091725726,.1497916564907952,.2251583714975425,1.027514167960665,-.1915049886436184E-001,-.7980832013913422E-003
12500.51623823574,625.0000000000007,-81.36038350186801,10.14192720820654,.2228649258823572E-001,.5119605458357667E-002,6621.433871891969,102.9884447178139,.1065240728654976,.2076268790643154,.2170362391848002,.5230751531581580E-001,-.3935971732616640E-003
12500.51623823574,625.0000000000039,-81.36038350186836,10.14192720820659,.2228649258823582E-001,.5119605458357683E-002,6621.433871891995,102.9884447178143,.1065240728654981,.2076268790643163,.2170362391848010,.5230751531581602E-001,-.3935971732616722E-003
12500.51623823574,633.0162407181493,-80.23562846222438,10.14419802961259,-.1882573285944248E-001,-.1818218223373107E-002,6439.629915009204,103.0069068340769,.7124058187144860E-001,.1864611943011984,-.1875927984304211,-.1536460248482501E-001,-.8620505855130665E-003
12500.51623823574,650.5187386604227,-77.72333555596595,10.14106554422015,-.5869428201854292E-001,.1423697980164490E-002,6042.534144133327,102.9303570643764,.4891532667579034E-001,.1440889744929908,-.6006298995679495,.1493666863640944E-001,-.7765373741362258E-004
12500.51623823574,674.4187988810944,-74.22704316445052,10.09331544026112,-.4608676602810535E-001,-.1295343615713908E-002,5510.854118002438,101.9388803324374,.3560182555491870E-001,.1019405313806406,-.4764071704529284,-.1173797987607160E-001,-.3660360737576043E-003
12500.51623823574,700.5812011189064,-70.39119013901592,10.05205675508322,-.2216860420422370E-001,.1293361955612947E-002,4955.770261299353,101.0890391441355,.2423854133934731E-001,.7134958093903961E-001,-.2320071181332236,.1240332103450443E-001,.6824340553713464E-004
12500.51623823574,724.4812613395709,-66.86997763277421,10.00905491685159,.3697245171711210E-002,-.1418408392637861E-002,4472.223067114028,100.2135830176779,.1757096984659209E-001,.5348069529415701E-001,.3024931359544467E-001,-.1352797685279082E-001,-.4195910240145659E-003
12500.51623823574,741.9837592818463,-64.28506101023878,10.00197385637098,.7626529711306446E-002,.1791754032732729E-002,4133.088968546355,100.0645208380653,.1416612772309854E-001,.4402118191474935E-001,.7215780784363288E-001,.1703926308572784E-001,.1561483417357980E-003
12500.51623823574,750.0000000000015,-63.07663965055914,10.00659560442226,.4809562677263769E-002,-.3255456042528001E-002,3979.144962393289,100.1566425137041,.1443733833990678E-001,.4155197150093611E-001,.4414689832327301E-001,-.3223815174272966E-001,-.4227148690323911E-003
12500.51623823574,750.0000000000056,-63.07663965055947,10.00659560442232,.4809562677263800E-002,-.3255456042528018E-002,3979.144962393310,100.1566425137047,.1443733833990686E-001,.4155197150093634E-001,.4414689832327324E-001,-.3223815174272987E-001,-.4227148690323932E-003
12500.51623823574,758.0162407181422,-61.87854172057692,10.00982934259240,.1991772923855235E-002,.1003512981490250E-002,3829.402057541889,100.2155230325531,.1137863912510467E-001,.3759491109100035E-001,.1698807969192536E-001,.1008650691643190E-001,-.8154951037774635E-004
12500.51623823574,775.5187386604150,-59.20863677697803,10.01893676188697,-.2409869296267652E-002,-.7963564175183705E-003,3506.046084174501,100.3958937484155,.9646735853366114E-002,.3185780798348598E-001,-.2717725336891198E-001,-.8210343759894746E-002,-.9153327583588319E-006
12500.51623823574,799.4187988810949,-55.51995710014027,10.00435931427702,.8835345453981353E-003,.7262605418990341E-003,3082.769194371346,100.1015730230905,.8097550584591219E-002,.2520057491867012E-001,.5982533153929995E-002,.7129621642456438E-002,.2823057771848093E-004
12500.51623823574,825.5812011189107,-51.41885839274039,10.00069293195589,.3372474075529666E-002,-.7268075042486607E-003,2644.136716839874,100.0242841129401,.6294222493926831E-002,.2005054561187339E-001,.3171740519755255E-001,-.7551412662300985E-002,.4562860388963597E-004
12500.51623823574,849.4812613395625,-47.61702604175645,10.00291512525092,.4427444955781901E-002,.7998676265408849E-003,2267.573076207610,100.0671430489099,.5229772008593692E-002,.1646291379774807E-001,.4259519481253676E-001,.7905650623416648E-002,.3180292954411057E-004
12500.51623823574,866.9837592818446,-44.79690728937467,9.997952446644991,.4686340910531250E-002,-.1019058611998262E-002,2006.926606693642,99.96709936144464,.4768509939443737E-002,.1448124229511497E-001,.4540385838267721E-001,-.1044119098037545E-001,-.1648216065180534E-004
12500.51623823574,874.9999999999990,-43.50205866969460,10.00105775175650,.2127862125629054E-002,.2023605458591319E-002,1892.581775062472,100.0296551135333,.5433399025636680E-002,.1391353812091959E-001,.1983370393522421E-001,.2014310245408331E-001,-.3772438844549625E-005
12500.51623823574,875.0000000000010,-43.50205866969470,10.00105775175653,.2127862125629055E-002,.2023605458591327E-002,1892.581775062477,100.0296551135336,.5433399025636700E-002,.1391353812091964E-001,.1983370393522423E-001,.2014310245408336E-001,-.3772438844549733E-005
12500.51623823574,883.0162407181449,-42.19139611699087,10.00159304011050,.2220205008137108E-002,-.6363152851906377E-003,1780.256772880542,100.0385335480701,.4138784978493206E-002,.1293166380052413E-001,.2103367889800424E-001,-.6503546314984072E-002,-.3270177223355927E-004
12500.51623823574,900.5187386604171,-39.31821851374002,10.00411766629401,.5881711913696477E-003,.4995168926695073E-003,1546.046332619983,100.0879417169119,.3654805404257750E-002,.1140229204827909E-001,.4855113487008428E-002,.4762521474623335E-002,.1515246683742961E-004
12500.51623823574,924.4187988810968,-35.33901233130254,10.00103139847898,.2751569715054998E-002,-.4540168132549033E-003,1248.948489736490,100.0252763903900,.3377092583449739E-002,.9785989848683476E-002,.2661704429390111E-001,-.4700878454089149E-002,-.2403789052611593E-004
12500.51623823574,950.5812011189056,-30.92358727032708,10.00153894373220,.2392279933219468E-002,.4539500798561201E-003,956.3522408905985,100.0344933189086,.3220274386937464E-002,.8329996349654849E-002,.2327863659448885E-001,.4300774093087439E-002,.5688189908963647E-004
12500.51623823574,974.4812613395675,-26.82833701310121,10.00016430174720,.3067520406388089E-002,-.4989462904563134E-003,719.8303833148776,100.0065810657934,.3310883830591247E-002,.7340328323281247E-002,.3013692607055780E-001,-.5129077562493453E-002,.3779620724302710E-004
12500.51623823574,991.9837592818476,-23.79806489752936,9.998789854964834,.3359537587053063E-002,.6340697808255021E-003,566.4102001140112,99.97889558537011,.3416972944463355E-002,.6692243886854651E-002,.3325985565184628E-001,.6111971649919013E-002,.9068211778912055E-004
12500.51623823574,999.9999999999980,-22.39687551774154,10.00071186209059,.2191929827214660E-002,-.1213225051666593E-002,501.6793429592069,100.0180088760478,.3969592502331918E-002,.6837641452203752E-002,.2150127111286050E-001,-.1216091201163548E-001,-.3419793545271451E-004
12500.51623823574,999.9999999999980,-22.39687551774153,10.00071186209059,.2191929827214658E-002,-.1213225051666593E-002,501.6793429592068,100.0180088760477,.3969592502331918E-002,.6837641452203750E-002,.2150127111286050E-001,-.1216091201163549E-001,-.3419793545271452E-004
12500.51623823574,1008.016240718138,-20.99557507110116,10.00156490656197,.1515954565375966E-002,.3704345682490116E-003,440.8700967233772,100.0340983250052,.3295988908306355E-002,.6243142222625783E-002,.1486822136329218E-001,.3511315404750933E-002,.5610568849700378E-004
12500.51623823574,1025.518738660421,-17.90450363376754,10.00170883658253,.1604139049377517E-002,-.2915950120299764E-003,320.6214196734181,100.0365799862576,.2953671598727285E-002,.5823692616403039E-002,.1583889888674167E-001,-.3134595480831811E-002,.2880850121921778E-004
12500.51623823574,1049.418798881096,-13.63659538344246,10.00169941811596,.1638134656657036E-002,.2653221493794250E-003,185.9999428233786,100.0361548473882,.2632575492069108E-002,.5310739041238011E-002,.1618678878701642E-001,.2389284140422016E-002,-.8621416883968641E-005
12500.51623823574,1075.581201118908,-8.897987381784493,10.00031018866324,.1682632828110937E-002,-.2653575981538393E-003,79.21119285451967,100.0080662024461,.2285069657668363E-002,.4933630383326467E-002,.1667854133232590E-001,-.2950842143640893E-002,-.5277977655121396E-004
12500.51623823574,1099.481261339562,-4.512501842929845,10.00108188822457,.1759864965521079E-002,.2918616062686349E-003,20.39486959883535,100.0234046819745,.2189474181859311E-002,.4650107523908593E-002,.1750779387438661E-001,.2574836788035231E-002,-.8129343976239017E-004
12500.51623823574,1116.983759281850,-1.264542693904101,9.998357365197524,.1931024194898965E-002,-.3715337023212925E-003,1.628219697980045,99.96891334558600,.2182296146763918E-002,.4526797162221831E-002,.1930223822139759E-001,-.4070727100255942E-002,-.1192622248235458E-003
12500.51623823574,1125.000000000006,.2299202101042314,10.00073045164211,-.2031441332095655E-003,.6825938548434848E-003,.8072295863405195E-001,100.0168195321272,.2513613311725988E-002,.4720689789411243E-002,-.2109267251497137E-002,.6521326269029164E-002,-.1390457793440047E-003
12500.51623823574,1125.000000000003,.2299202101042308,10.00073045164208,-.2031441332095690E-003,.6825938548434833E-003,.8072295863405173E-001,100.0168195321270,.2513613311725982E-002,.4720689789411230E-002,-.2109267251497078E-002,.6521326269029144E-002,-.1390457793440044E-003
12500.51623823574,1133.016240718150,1.735210371801018,10.00003994879856,.3768361625494801E-003,-.1890179241747329E-003,3.037645230089029,100.0023991082519,.2128479943989521E-002,.4417914477512651E-002,.3799448973357114E-002,-.2268595134598463E-002,-.1593278611362669E-003
12500.51623823574,1150.518738660425,5.038740351562596,10.00119578046549,.1292133858174843E-003,.1484448837331545E-003,25.41317564254870,100.0253642050138,.1984339948348872E-002,.4268467413279564E-002,.1375674208521395E-002,.1048966680509498E-002,-.1700129744601761E-003
12500.51623823574,1174.418798881095,9.601640205429693,10.00014681397053,.1221831631999976E-002,-.1349508044205922E-003,92.21292462396104,100.0042508327933,.1993723615086503E-002,.4091638670407570E-002,.1235212699696485E-001,-.1798178879817879E-002,-.1939894076262184E-003
12500.51623823574,1200.581201118908,14.65915329300570,10.00054679746532,.6271731381752438E-003,.1349421382557908E-003,214.9095213613657,100.0122015224525,.2081183337264534E-002,.3902109959602888E-002,.6477510842565898E-002,.8668076649647853E-003,-.1914001002765344E-003
12500.51623823574,1224.481261339567,19.33917840891813,9.999946125769508,.1532989169667034E-002,-.1483367744058517E-003,374.0205219940670,100.0002162833629,.2216365450991701E-002,.3756366607460034E-002,.1563326827988215E-001,-.1961784947263869E-002,-.2013410603685234E-003
12500.51623823574,1241.983759281857,22.80033703207284,9.999298859675182,.1393037435055837E-002,.1886067656532795E-003,519.8707399459764,99.98734206793515,.2306170564130558E-002,.3683967123277243E-002,.1429740247369098E-001,.1389885873040585E-002,-.1986413702184514E-003
12500.51623823574,1249.999999999995,24.39673746982372,10.00021879709199,.4910490223558606E-003,-.3406449295517131E-003,595.2156893522088,100.0061130440509,.2660112055571822E-002,.3915740769950767E-002,.5255065365348789E-002,-.3821257993188252E-002,-.2462635253657322E-003
12500.51623823574,1250.000000000008,24.39673746982396,10.00021879709208,.4910490223558649E-003,-.3406449295517049E-003,595.2156893522144,100.0061130440519,.2660112055571850E-002,.3915740769950805E-002,.5255065365348872E-002,-.3821257993188332E-002,-.2462635253657347E-003
12500.51623823574,1258.016240718153,25.99720531393605,10.00032921131822,-.1863578909335611E-004,.9291184433766770E-004,675.8690103497916,100.0079299265509,.2318075581779437E-002,.3642686707311783E-002,.2331247348713178E-003,.4340683424988098E-003,-.2200135042020388E-003
12500.51623823574,1275.518738660422,29.51710999480806,10.00063733649772,.1021047567510728E-003,-.7309728379254355E-004,871.2731531783445,100.0140220528316,.2294672688553913E-002,.3601461545557404E-002,.1472388231403929E-002,-.1247277882345889E-002,-.2367913813534535E-003
12500.51623823574,1299.418798881096,34.37176441606061,10.00002582300694,.2570001482171645E-003,.6650940059058780E-004,1181.430444236597,100.0017686867653,.2263892614113619E-002,.3564194911123761E-002,.3043221780196337E-002,.1503098328839089E-003,-.2634162428907701E-003
12500.51623823574,1325.581201118905,39.75093636372333,9.999748711651828,.4990052964747548E-004,-.6651056932417817E-004,1580.148230140118,99.99620171899201,.2234346964673207E-002,.3537407696543976E-002,.9626786567080506E-003,-.1186843763945011E-002,-.3137449368068432E-003
12500.51623823574,1349.481261339568,44.72297519212488,9.999675272660800,.6462687513162117E-004,.7316178055608545E-004,2000.155054522660,99.99472294111688,.2212113671597134E-002,.3528597400362234E-002,.1094808657879143E-002,.2050157261217454E-003,-.3652497027845629E-003
12500.51623823574,1366.983759281844,48.39981646499844,9.998557830467755,.2091553812834041E-003,-.9313880694489587E-004,2342.552298512931,99.97243676386775,.2209476551845289E-002,.3550811933745659E-002,.2516543196326420E-002,-.1478209015515899E-002,-.4129028722746619E-003
12500.51623823574,1375.000000000005,50.09284069154306,9.999969626693861,-.1369803662949636E-002,.1609425958422530E-003,2509.302556195761,100.0009459878835,.2426161334842632E-002,.3785973467412959E-002,-.1329529697135827E-001,.1135480661845670E-002,-.4477181743779137E-003
12500.51623823574,1375.000000000025,50.09284069154383,9.999969626694014,-.1369803662949665E-002,.1609425958422530E-003,2509.302556195802,100.0009459878850,.2426161334842671E-002,.3785973467413016E-002,-.1329529697135851E-001,.1135480661845718E-002,-.4477181743779205E-003
12500.51623823574,1383.016240718153,51.79350984418187,9.999780208107644,-.1381217766986453E-002,-.3895967678757854E-004,2682.577315524072,99.99684521967379,.2141149376183702E-002,.3569463469338016E-002,-.1339880975017026E-001,-.9572881237343636E-003,-.4521261931961018E-003
12500.51623823574,1400.518738660420,55.52742377000048,9.999854963316078,-.1257557053200948E-002,.3059715333969580E-004,3083.304030707070,99.99825773491682,.2079555531737600E-002,.3563841864484008E-002,-.1214822530621044E-001,-.3025261955818988E-003,-.4882799625543391E-003
12500.51623823574,1424.418798881092,60.67585739862554,9.999209502994496,-.5873414927315924E-003,-.2780709135181709E-004,3681.568402520666,99.98531160423607,.2043208923261351E-002,.3537294127104757E-002,-.5425491389833685E-002,-.9292640619977428E-003,-.5291813695481715E-003
12500.51623823574,1450.581201118911,66.37543426390729,9.999161001011217,-.1110342965208335E-002,.2781011768100781E-004,4405.706493058711,99.98431249708145,.2032560337684432E-002,.3490261617356492E-002,-.1063932104822122E-001,-.4231271024255530E-003,-.5584222098759644E-003
12500.51623823574,1474.481261339574,71.64114167367950,9.998874173142152,-.3080936695663448E-003,-.3056175280169568E-004,5132.461001768552,99.97854091478516,.2022499935046661E-002,.3445158357844787E-002,-.2629152423627351E-002,-.1028853266155851E-002,-.5724139240456307E-003
12500.51623823574,1491.983759281850,75.53220349360055,9.998183413701229,-.7284899105150717E-003,.3885426622294479E-004,5705.121321359915,99.96476945673587,.2028283038451316E-002,.3443524032247053E-002,-.6852252282475503E-002,-.3597078123904890E-003,-.5878974472951915E-003
12500.51623823574,1499.999999999997,77.32452035422929,9.999225885186233,-.9760808676886061E-003,-.6674854127884221E-004,5979.088942831137,99.98586208477161,.2195473632350346E-002,.3637605355272298E-002,-.9374034713388503E-002,-.1354212970570434E-002,-.6108624977264170E-003
12500.51623823574,1500.000000000005,77.32452035422978,9.999225885186302,-.9760808676886085E-003,-.6674854127884265E-004,5979.088942831177,99.98586208477225,.2195473632350360E-002,.3637605355272323E-002,-.9374034713388570E-002,-.1354212970570427E-002,-.6108624977264208E-003
12500.51623823574,1508.016240718153,79.12267706177387,9.999336977105006,-.2111858783138289E-002,.1634327129850215E-004,6260.405386199798,99.98778572065459,.1991351140122036E-002,.3439316779035269E-002,-.2070285417740742E-001,-.5900438808133200E-003,-.5944764584046568E-003
12500.51623823574,1525.518738660410,83.07172429873384,9.999205070361795,-.1488548462502007E-002,-.1284990103462072E-004,6900.918584406581,99.98507480148118,.1893797431693627E-002,.3411748124587242E-002,-.1448913410264690E-001,-.9008800487550865E-003,-.6027070445793603E-003
12500.51623823574,1549.418798881102,88.51285178782965,9.998732323393217,-.1290053472249554E-002,.1169899525335616E-004,7834.531991745831,99.97561329415227,.1849916220592090E-002,.3372316363577043E-002,-.1250596073796810E-001,-.6602280912102569E-003,-.6047870712363739E-003
12500.51623823574,1575.581201118908,94.53347503805922,9.998914509038171,-.1130513666731682E-002,-.1169633304120210E-004,8936.584902678413,99.97927590441476,.1843976161690835E-002,.3316981678305270E-002,-.1090193603684499E-001,-.8925049069388596E-003,-.6138609269824202E-003
12500.51623823574,1599.481261339566,100.0919883855680,9.998815443004371,-.1094877666962576E-002,.1287872250034126E-004,10018.41314270892,99.97733184483423,.1875248664486254E-002,.3269173132229945E-002,-.1054580716202059E-001,-.6330967865855221E-003,-.6242264761732526E-003
12500.51623823574,1616.983759281847,104.1978751424589,9.998389392957392,-.5380059497102686E-003,-.1642845370851257E-004,10857.20422800112,99.96887056601500,.1913235409746856E-002,.3269825939162388E-002,-.4977836557443972E-002,-.9236521539938113E-003,-.6283364286827002E-003
12500.51623823574,1624.999999999999,106.0880307467072,9.999769382746694,-.2349156406951542E-002,.2356181776243553E-004,11254.67735263178,99.99668393139771,.2060998676032913E-002,.3456406300505505E-002,-.2313160388446692E-001,-.4560434225657356E-003,-.6589308478845968E-003
12500.51623823574,1625.000000000008,106.0880307467074,9.999769382746720,-.2349156406951550E-002,.2356181776243943E-004,11254.67735263181,99.99668393139792,.2060998676032917E-002,.3456406300505512E-002,-.2313160388446690E-001,-.4560434225657078E-003,-.6589308478845989E-003
12500.51623823574,1633.016240718139,107.9848608499900,9.999727569057091,-.1805490328629068E-002,-.2646598121847001E-005,11660.73728306604,99.99560658901520,.1881089787953974E-002,.3274889795567650E-002,-.1766536187446392E-001,-.7887083235215628E-003,-.6343120481643218E-003
12500.51623823574,1650.518738660408,112.1483296110169,9.999512189310252,-.1987824271270072E-002,.2060341743676886E-005,12577.25505321019,99.99123759649747,.1793760201152091E-002,.3263710959769372E-002,-.1950113634280742E-001,-.7409353272721832E-003,-.6448033483243299E-003
12500.51623823574,1674.418798881097,117.8827038556171,9.998690425789846,-.7031882921599286E-003,-.1859991494162485E-005,13896.33928598708,99.97476400789243,.1686495501960702E-002,.3246649183117697E-002,-.6683466021614124E-002,-.7921772969245507E-003,-.6402968907163922E-003
12500.51623823574,1700.581201118914,124.2239798420605,9.999557246832289,-.1886853567387051E-002,.1859639199395342E-005,15431.60484462445,99.99209550365880,.1581051944634598E-002,.3205292132902630E-002,-.1853525603925391E-001,-.7574517943925631E-003,-.6477043154961350E-003
12500.51623823574,1724.481261339552,130.0757427724799,9.998145004694351,-.3309672245862865E-003,-.2027131486752190E-005,16919.70681830139,99.96386999492822,.1525476044600209E-002,.3114565185818220E-002,-.2993369249586219E-002,-.8078289283047404E-003,-.6282178010568650E-003
12500.51623823574,1741.983759281854,134.3959205224863,9.999439449891362,-.1561444218113218E-002,.2523971499266385E-005,18062.27160140575,99.98980990953623,.1545333875726728E-002,.3031516505097609E-002,-.1528941032970955E-001,-.7512074895101705E-003,-.6320746912911089E-003
12500.51623823574,1749.999999999983,136.3843732514932,9.996884506334581,.4691884413642055E-003,.2378496288235046E-005,18600.70556665408,99.93890577111021,.1658069960445761E-002,.3117813436295464E-002,.5011064657911252E-002,-.7162890945385577E-003,-.6232693220415822E-003
12500.51623823574,1750.000000000017,136.3843732514957,9.996884506334766,.4691884413642231E-003,.2378496288235263E-005,18600.70556665442,99.93890577111208,.1658069960445791E-002,.3117813436295519E-002,.5011064657911315E-002,-.7162890945385612E-003,-.6232693220415932E-003
12500.51623823574,1758.016240718161,138.3790148610077,10.00058283491137,-.2546751291991808E-002,-.4064275959923553E-005,19148.76011636335,100.0127049111448,.1573293341218961E-002,.2897968572405820E-002,-.2511836209724651E-001,-.8097055870357056E-003,-.6176066799884724E-003
12500.51623823574,1775.518738660420,142.7569617207671,9.997589158633733,-.1615055785509780E-002,.3160637451590960E-005,20379.55875997302,99.95284779643069,.1637676988273830E-002,.2635289615460905E-002,-.1575713355167296E-001,-.7621166395585105E-003,-.5762426113287203E-003
12500.51623823574,1799.418798881107,148.7843524805044,10.00044937058735,-.5347146404760734E-003,-.2862579207588535E-005,22136.79249598926,100.0101482580162,.1791935116191584E-002,.2213720482650468E-002,-.4887716461618605E-002,-.7828591807545575E-003,-.5495493659816999E-003
12500.51623823574,1825.581201118914,155.4466104499673,9.992263104386845,-.8676860746632510E-003,.2861972667868502E-005,24163.65799065011,99.84679490461525,.2162723175446603E-002,.1627628896956132E-002,-.8095892879245682E-002,-.7286208210373537E-003,-.5016188866854856E-003
12500.51623823574,1849.481261339561,161.5914208210280,9.993319512822616,-.2390168674117055E-002,-.3141207827800016E-005,26111.79671008783,99.86763825843767,.1953229303900729E-002,.1106214363380485E-002,-.2337803678287415E-001,-.5978116808997153E-003,-.3690192213385326E-003
12500.51623823574,1866.983759281861,166.1267382694502,9.996814707805179,-.1645528126034300E-002,.3992193709368233E-005,27598.10259183629,99.93717622186261,.1369963940907276E-002,.7636078058512602E-003,-.1609042122515408E-001,-.2803062019642441E-003,-.2285169327380432E-003
12500.51623823574,1874.999999999985,168.2139377380793,9.998000986925806,-.8697956099236554E-003,-.6323915585898737E-005,28295.93821895634,99.96077395969206,.1061426060429580E-002,.6993772894166155E-003,-.8471532579444167E-002,-.2478967094386264E-003,-.1685898596720027E-003
12500.51623823574,1875.000000000024,168.2139377380826,9.998000986925994,-.8697956099236706E-003,-.6323915585899334E-005,28295.93821895689,99.96077395969405,.1061426060429601E-002,.6993772894166299E-003,-.8471532579444278E-002,-.2478967094386290E-003,-.1685898596720061E-003
12500.51623823574,1883.016240718141,170.3073898957867,9.998737847896471,-.7211537187697412E-003,.1254067860117819E-005,29004.61637937688,99.97534714946204,.8654962012279816E-003,.5078826982071833E-003,-.6978275922821714E-002,-.1613280704202196E-003,-.1189316954492673E-003
12500.51623823574,1900.518738660420,174.9004358600226,9.999538033181743,-.2853890324051645E-003,-.9868372849725223E-006,30590.17162313622,99.99110979951783,.4998930736488476E-003,.3099798100603429E-003,-.2735352723792446E-002,-.7508339365897075E-004,-.4669348589961260E-004
12500.51623823574,1924.418798881097,181.2209687822122,9.999912331318221,-.5938636709098546E-004,.8983485885232444E-006,32841.04852138657,99.99852267937644,.3676271147459875E-003,.1550153014516985E-003,-.5048540516765163E-003,-.1226611332820829E-004,-.1638894042210317E-004
12500.51623823574,1950.581201118912,188.2040486251107,9.999958212966089,-.2990333186964045E-004,-.8982658589723870E-006,35420.77275365114,99.99939252946109,.3084109622048623E-003,.5732514779107781E-004,-.2359568885495107E-003,-.1110874105854408E-004,-.2630775035190953E-005
12500.51623823574,1974.481261339550,194.6420120701794,10.00000740104989,.6357613695413735E-005,.9877846409293403E-006,37885.52166346993,100.0004013521487,.3255931979097741E-003,.1498773640645826E-004,.1344378583379921E-003,.9584600001040478E-005,-.1457206892987170E-005
12500.51623823574,1991.983759281852,199.3920656742025,9.999975538352766,-.1069110210753397E-004,-.1256994078204670E-005,39757.20460344740,99.99973830315923,.3006893074820612E-003,.2889761200581250E-005,-.5258654534001303E-004,-.1072150723588892E-004,-.1119583433579132E-005
12500.51623823574,1999.999999999968,201.5776194971731,9.999999999999936,.000000000000000E+000,.000000000000000E+000,40633.54568124415,99.99999999999960,.000000000000000E+000,.000000000000000E+000,.000000000000000E+000,.000000000000000E+000,.000000000000000E+000
13000.32262301903,.000000000000000E+000,-111.7414936757385,3.900072310058424,1.581746316039170,.000000000000000E+000,12486.41943717007,15.44361276954698,2.813494332483286,.000000000000000E+000,6.147161848279496,.000000000000000E+000,.000000000000000E+000
13000.32262301903,8.016240718149545,-111.3453130852724,4.252466846655497,1.722730171015000,.5235912923440389E-004,12398.03511478384,18.37282249802886,3.333345884463128,.1853041231268086E-002,7.308043324581947,-.1020814434454420E-001,-.3548086943016869E-002
13000.32262301903,25.51873866042869,-110.5263926962541,4.921344930166867,1.981573589084887,-.4248531802543659E-004,12216.34127315867,24.62726896779488,4.372131815193653,.1989332695176505E-001,9.752566639891977,-.4648753391299919E-001,-.1619460535807176E-001
13000.32262301903,49.41879888109523,-109.4924702134281,5.553276368300407,2.219380177269235,.3845995616447227E-004,11988.86371301691,31.31968075846750,5.417107558006797,.6846839897938814E-001,12.33147419343137,-.9610340841173373E-001,-.3313880210954508E-001
13000.32262301903,75.58120111890503,-108.4414004535144,5.910823369088968,2.358492967595952,-.3930223385009658E-004,11759.80127301753,35.39016295625274,6.037900706171250,.1325856834179839,13.94131565221965,-.1206019515696126,-.4167148843378968E-001
13000.32262301903,99.48126133957076,-107.5163954554273,6.063717092768762,2.425837138448702,.4113597228829141E-004,11560.03539353392,37.16533191249189,6.309971981664038,.1870494696584294,14.70989523904015,-.1237466521043755,-.4322562907412029E-001
13000.32262301903,116.9837592818501,-106.8483416404036,6.125173745576877,2.456160365191056,-.5163333636497400E-004,11416.82224344226,37.87688597554986,6.419976015201646,.2212887971137636,15.04555567409738,-.1222874072519933,-.4267070810140308E-001
13000.32262301903,124.9999999999995,-106.5412983461395,6.145906692695811,2.467195469902418,.3002480838936602E-003,11351.29887399143,38.11588126089831,6.458451702012439,.2350409560793835,15.16442567831462,-.1189597199792028,-.4141006719397407E-001
13000.32262301903,124.9999999999989,-106.5412983461389,6.145906692695778,2.467195469902406,.3002480838936719E-003,11351.29887399138,38.11588126089809,6.458451702012405,.2350409560793822,15.16442567831454,-.1189597199792020,-.4141006719397378E-001
13000.32262301903,133.0162407181498,-106.2378073727751,6.162939700183800,2.476171525735609,-.2075772382603876E-003,11286.71806944316,38.31128295484804,6.488332543975186,.2479126085880751,15.26174624581536,-.1202619268255936,-.4178137371087146E-001
13000.32262301903,150.5187386604267,-105.5695191944353,6.192624886318210,2.492190153528515,.1654994876756576E-003,11145.15911382987,38.65112230590699,6.540269516144788,.2719504922622452,15.43393940340254,-.1140963805949416,-.3900047580704397E-001
13000.32262301903,174.4187988810964,-104.6568240402160,6.220415731531509,2.505340518896027,-.1532794312673145E-003,10953.26929244694,38.97004497982077,6.574356015090053,.2967842440435569,15.58417554435355,-.1097592578192204,-.3700813335795164E-001
13000.32262301903,200.5812011189036,-103.6491974138789,6.240360410525790,2.508407346106494,.1515528845678269E-003,10743.35475792370,39.19948773819911,6.562050321419388,.3133067765437076,15.65350729677472,-.1001299404584969,-.3317956346152040E-001
13000.32262301903,224.4812613395718,-102.7238712008072,6.250542750833880,2.503780234814703,-.1671824978880690E-003,10552.37453996344,39.31322913773134,6.520884758069260,.3197658239537999,15.65054229994408,-.9457488090128183E-001,-.3123492501983129E-001
13000.32262301903,241.9837592818481,-102.0403474269445,6.254313019728748,2.498224073605156,.2008829934255234E-003,10412.40143907006,39.35191249734841,6.486122683121817,.3200135868845519,15.62494552017311,-.8666946617645535E-001,-.2862280192618073E-001
13000.32262301903,249.9999999999999,-101.7298702434603,6.255014362152282,2.494949336220865,-.8454114702774139E-003,10349.13013069450,39.35693853322901,6.468572966500282,.3191867859074232,15.60566492735100,-.9047027115766854E-001,-.3046513836475291E-001
13000.32262301903,249.9999999999981,-101.7298702434596,6.255014362152234,2.494949336220847,-.8454114702774170E-003,10349.13013069443,39.35693853322873,6.468572966500239,.3191867859074209,15.60566492735089,-.9047027115766777E-001,-.3046513836475270E-001
13000.32262301903,258.0162407181497,-101.4117342868808,6.255596036177979,2.491477571420795,.5206848628508819E-003,10284.49905290436,39.36040283532746,6.451233541917434,.3174715658957479,15.58462302861635,-.7914557517665394E-001,-.2637013207588335E-001
13000.32262301903,275.5187386604276,-100.7259953099664,6.256683896259141,2.482363641968038,-.4203749633749001E-003,10145.87591287322,39.36630047239593,6.408998017118821,.3121453249834333,15.52769572583135,-.7876846359142245E-001,-.2723325806745169E-001
13000.32262301903,299.4187988810972,-99.77873832624954,6.261230812599490,2.466120034152564,.3835078771589950E-003,9955.936767736763,39.41613452090393,6.337657809773333,.3005174315734652,15.43194138480672,-.6488415416166371E-001,-.2353048852073899E-001
13000.32262301903,325.5812011189054,-98.73866627635816,6.274670686877483,2.439848005359937,-.3841988780645094E-003,9749.456582486124,39.58357100488743,6.224158030287166,.2820527342780925,15.29409272347434,-.6037028390355996E-001,-.2388324704469626E-001
13000.32262301903,349.4812613395671,-97.77582353848109,6.295978110869856,2.407101840750390,.4191653834004508E-003,9560.239117819634,39.85416250263724,6.085605680309806,.2591860736316194,15.13559351052366,-.4777300086207539E-001,-.2032955989988818E-001
13000.32262301903,366.9837592818539,-97.06915415980642,6.316453105259033,2.378974076820682,-.5124697285745767E-003,9422.545091756569,40.11576497122704,5.968239827665370,.2390309747807333,15.00507043533667,-.4903050355916744E-001,-.2098230034933630E-001
13000.32262301903,375.0000000000026,-96.73587490979295,6.327665891364344,2.364684611962271,.2001131929072563E-002,9357.953793891058,40.25904482926775,5.908927785845599,.2289078790471558,14.94083887804786,-.3104267861523162E-001,-.1433792728880798E-001
13000.32262301903,375.0000000000005,-96.73587490979234,6.327665891364304,2.364684611962256,.2001131929072561E-002,9357.953793891000,40.25904482926748,5.908927785845559,.2289078790471542,14.94083887804776,-.3104267861523145E-001,-.1433792728880788E-001
13000.32262301903,383.0162407181469,-96.41667128217524,6.340641827523827,2.349342143218583,-.1212951225789003E-002,9296.297700465071,40.42509153824497,5.844650003689003,.2185414190770822,14.87401235581152,-.5018853563541195E-001,-.2083131105062922E-001
13000.32262301903,400.5187386604230,-95.69081620188447,6.374810862546822,2.312323805293258,.9747020176328868E-003,9156.857123078649,40.86227267773340,5.688699162096073,.1946924539941107,14.71853830448120,-.3250038918114009E-001,-.1422384592264962E-001
13000.32262301903,424.4187988810962,-94.70348611137601,6.437008810648830,2.253419227448954,-.8920569140939365E-003,8968.881726046471,41.66276707110221,5.430499518999433,.1615580876403672,14.48401598179192,-.4138065208020579E-001,-.1537541043663891E-001
13000.32262301903,450.5812011189073,-93.59709028497034,6.537620385601503,2.176495870516744,.8948835866399010E-003,8760.562610952091,42.97574734267519,5.075238877502526,.1285867434549816,14.20685368091896,-.2492566557572242E-001,-.7707664344536767E-002
13000.32262301903,474.4812613395653,-92.57193826768993,6.681410224843498,2.099248338314603,-.9828489463803757E-003,8569.732081475442,44.89746197565916,4.715024322110024,.1044653951095263,13.99788735687319,-.3222117604510141E-001,-.6909761373256633E-002
13000.32262301903,491.9837592818488,-91.78742017917412,6.851862003269203,2.031535673010803,.1229469784128282E-002,8425.121171303776,47.24595446572599,4.411041737968975,.9429884191733551E-001,13.87740739395949,-.1125791408287762E-001,.6695481315809057E-003
13000.32262301903,499.9999999999977,-91.43010812857041,6.941277826509920,2.000488530115336,-.4413481885398427E-002,8359.668979501172,48.51285196098559,4.277350017392925,.9223614978687605E-001,13.83172949701607,-.5103723208819362E-001,-.8287967480180788E-002
13000.32262301903,499.9999999999993,-91.43010812857068,6.941277826509940,2.000488530115342,-.4413481885398438E-002,8359.668979501199,48.51285196098574,4.277350017392935,.9223614978687628E-001,13.83172949701611,-.5103723208819378E-001,-.8287967480180831E-002
13000.32262301903,508.0162407181474,-91.03863021224086,7.077918590787387,1.945698977209810,.2228450366300462E-002,8288.251329118448,50.45687543947555,4.047775739506627,.9230659368047114E-001,13.70352872826023,.8687299890403023E-003,.5139816514269225E-002
13000.32262301903,525.5187386604250,-90.16359951795556,7.400638490536982,1.818940832666216,-.1757693671990440E-002,8129.739681328983,55.22884172828802,3.557141468263464,.9988934090297943E-001,13.33537021970472,-.2286352250473417E-001,-.1584104682379126E-002
13000.32262301903,549.4187988810925,-88.78871143355768,8.058133552227943,1.514896189257573,.1609170982801576E-002,7883.818480052561,65.56350613467799,2.568439311969078,.1313557975745723,11.94648209547047,.9651957428873835E-002,.4406200251337557E-002
13000.32262301903,575.5812011189098,-86.87326076540062,9.002331687380007,.9808969427994667,-.1608302413391317E-002,7547.661738247645,81.64097082193095,1.297035669648456,.1808141313833020,8.492253438385582,-.1461513593270752E-001,-.4334975064335286E-003
13000.32262301903,599.4812613395654,-84.49921925406565,9.796355195337062,.4117312467824928,.1769938958188840E-002,7141.322956425845,96.23483339558310,.4203644057734557,.2022466928666287,3.875049941495686,.2078809875292981E-001,-.5006719900099285E-003
13000.32262301903,616.9837592818517,-82.34568469024629,10.08380687326539,.1095855408435364,-.2278260006565892E-002,6782.280805499477,101.8008627177429,.1389871809989894,.1833133621696436,1.081176947136526,-.2201110611608371E-001,-.8872450009522101E-003
13000.32262301903,625.0000000000007,-81.27183232999354,10.15755115430496,.1766159396860181E-001,.5301884725841310E-002,6606.604643744262,103.2775649981942,.9322156287879836E-001,.1689627784806647,.1766974591020993,.5398856695017602E-001,-.7485423801823374E-003
13000.32262301903,625.0000000000039,-81.27183232999388,10.15755115430500,.1766159396860191E-001,.5301884725841342E-002,6606.604643744289,103.2775649981946,.9322156287879875E-001,.1689627784806653,.1766974591021001,.5398856695017622E-001,-.7485423801823427E-003
13000.32262301903,633.0162407181493,-80.15076726727099,10.16133530850766,-.2788133713435746E-001,-.1890474918803526E-002,6425.602242142016,103.3343553752880,.6061481342368125E-001,.1509941207155606,-.2761786230082388,-.1734165756351535E-001,-.1052750529786979E-002
13000.32262301903,650.5187386604227,-77.64325366225539,10.15048166476001,-.6715752007484155E-001,.1481590935037495E-002,6029.725117663339,103.1052778216662,.4306377540235948E-001,.1158512125674313,-.6827831013399258,.1520682121256085E-001,-.4909958336862791E-003
13000.32262301903,674.4187988810944,-74.15120811505500,10.10093327589049,-.5327304614119548E-001,-.1348485380657669E-002,5499.329851824557,102.0804439935080,.3072449366628711E-001,.8169653383070685E-001,-.5444715301592833,-.1284215553389737E-001,-.6009842377184475E-003
13000.32262301903,700.5812011189064,-70.31733810273877,10.05904979739345,-.2847595561509985E-001,.1346633249905226E-002,4945.187144209069,101.2207462550946,.2075549808496850E-001,.5719600067308755E-001,-.2920761171802597,.1293451743148527E-001,-.3233916337158817E-004
13000.32262301903,724.4812613395709,-66.79778506412804,10.01737879783975,-.1281853357576890E-002,-.1476946291243687E-002,4462.432561225295,100.3740485831412,.1533375487954475E-001,.4299862955869090E-001,-.1733502316493713E-001,-.1452458108124374E-001,-.4692183281974397E-003
13000.32262301903,741.9837592818463,-64.21437399032585,10.00582237065380,.3938228252733593E-002,.1866298917200686E-002,4123.889733324268,100.1363100265887,.1245806981460362E-001,.3550948429287784E-001,.3680549368428126E-001,.1769609807811549E-001,.2099225152581591E-003
13000.32262301903,750.0000000000015,-63.00709527703982,10.00962249471418,.2556434646998168E-002,-.3359623208693436E-002,3970.270219933238,100.2121871863563,.1252928383853026E-001,.3364225236783319E-001,.2293335223074942E-001,-.3359865397405883E-001,-.3476204880679977E-003
13000.32262301903,750.0000000000056,-63.00709527704016,10.00962249471424,.2556434646998185E-002,-.3359623208693447E-002,3970.270219933261,100.2121871863568,.1252928383853033E-001,.3364225236783339E-001,.2293335223074953E-001,-.3359865397405906E-001,-.3476204880680001E-003
13000.32262301903,758.0162407181422,-61.80973412201045,10.01188296054681,.1571022971104288E-002,.1012588960576463E-002,3820.792823682454,100.2525885844328,.1000763447208548E-001,.3049809586814037E-001,.1402657140351943E-001,.9961020521137778E-002,-.9004884820286218E-004
13000.32262301903,775.5187386604150,-59.14119886113272,10.02039020948803,-.1707463168406418E-002,-.8034037191881810E-003,3497.982133273308,100.4212926017842,.8222712147176764E-002,.2599029351829917E-001,-.1881752238718992E-001,-.8410415758410783E-002,-.1623700869591597E-003
13000.32262301903,799.4187988810949,-55.45369493830596,10.00556650494746,.1087193993701248E-002,.7326685303111992E-003,3075.351534002860,100.1230086645311,.6881593548239088E-002,.2076928574938602E-001,.9118894528133355E-002,.7073558056945184E-002,-.2826182973030209E-003
13000.32262301903,825.5812011189107,-51.35386658773642,10.00080474942949,.2745018112020110E-002,-.7332094595509234E-003,2637.408501311592,100.0243594262822,.5514354312889496E-002,.1668974640159574E-001,.2627179143876638E-001,-.7723934149759716E-002,-.3071132648396275E-003
13000.32262301903,849.4812613395625,-47.55274016487638,10.00315727212173,.4043319284625443E-002,.8068928982976653E-003,2261.416381364410,100.0703617764634,.4921737042096582E-002,.1384358648209857E-001,.3943726099728555E-001,.7905534028994136E-002,-.3618982907970684E-003
13000.32262301903,866.9837592818446,-44.73310694193567,9.998309419923142,.3996720411267253E-002,-.1027837803355901E-002,2001.182047488309,99.97270498742479,.4509094644430937E-002,.1223485642439107E-001,.3930087888306764E-001,-.1057209865117817E-001,-.3049769037569879E-003
13000.32262301903,874.9999999999990,-43.43856107657908,10.00104091102130,.1645110679599142E-002,.1997897249884104E-002,1887.031107754089,100.0280901716781,.5140352314443989E-002,.1191666047490165E-001,.1568525475575299E-001,.1989603492213012E-001,-.3695274660929913E-003
13000.32262301903,875.0000000000010,-43.43856107657919,10.00104091102134,.1645110679599150E-002,.1997897249884109E-002,1887.031107754096,100.0280901716784,.5140352314444006E-002,.1191666047490169E-001,.1568525475575303E-001,.1989603492213013E-001,-.3695274660929928E-003
13000.32262301903,883.0162407181449,-42.12825018532717,10.00179497705262,.1258951954305386E-002,-.6072886467563387E-003,1774.904246347553,100.0413276836783,.3994230956929639E-002,.1104668062573937E-001,.1204350356962276E-001,-.6248849841271263E-002,-.3559207251252676E-003
13000.32262301903,900.5187386604171,-39.25550786041292,10.00437898066500,.1768862022616213E-003,.4767808910966137E-003,1541.094549817729,100.0922512898305,.3549955175199087E-002,.9898214361856998E-002,.1265843241609369E-002,.4551305990997029E-002,-.3294146949620984E-003
13000.32262301903,924.4187988810968,-35.27650191552401,10.00166965914710,.2417148659060015E-002,-.4333504795563328E-003,1244.513905593622,100.0372520985895,.3211982425399700E-002,.8620537860101894E-002,.2381816344565472E-001,-.4536024969356834E-002,-.3728478855563646E-003
13000.32262301903,950.5812011189056,-30.86124138927379,10.00142508707398,.2100860813213788E-002,.4332900296648776E-003,952.4832253284867,100.0316962011409,.2859604785668088E-002,.7537409878598380E-002,.2082915945647363E-001,.4067772452478868E-002,-.3756765552491124E-003
13000.32262301903,974.4812613395675,-26.76634402781239,10.00065312411234,.2671653751290089E-002,-.4762264023985605E-003,716.4932853571310,100.0158914963377,.2694576291977553E-002,.6752757169906993E-002,.2659007140060254E-001,-.5043730746426518E-002,-.4256400538871388E-003
13000.32262301903,991.9837592818476,-23.73627291891079,9.998647831473470,.3341021637677924E-002,.6051550814298371E-003,563.4599081620735,99.97573335943244,.2624146183293058E-002,.6293144556784815E-002,.3336553088836389E-001,.5720515793678427E-002,-.4076299838371836E-003
13000.32262301903,999.9999999999980,-22.33532153315374,10.00058395477322,.2411250411271014E-002,-.1121794133316678E-002,498.9133338870047,100.0149870324400,.3034848629790613E-002,.6398022627854408E-002,.2398609364219035E-001,-.1146653966505031E-001,-.4260235716306944E-003
13000.32262301903,999.9999999999980,-22.33532153315374,10.00058395477322,.2411250411271013E-002,-.1121794133316678E-002,498.9133338870046,100.0149870324400,.3034848629790613E-002,.6398022627854407E-002,.2398609364219035E-001,-.1146653966505031E-001,-.4260235716306944E-003
13000.32262301903,1008.016240718138,-20.93406610280410,10.00128098479939,.1418980309394960E-002,.3241745290805269E-003,438.2791736369610,100.0280653166411,.2366195470779854E-002,.5944094758911297E-002,.1418456891251853E-001,.2941748892370824E-002,-.4172033640160259E-003
13000.32262301903,1025.518738660421,-17.84330301214741,10.00223128598403,.1665081711577580E-002,-.2552442838186883E-003,318.4228153540527,100.0467494431589,.2190723346807635E-002,.5580743193151025E-002,.1663913889314137E-001,-.2891858214125087E-002,-.3915245649231841E-003
13000.32262301903,1049.418798881096,-13.57535690624994,10.00168884931374,.1806330989195841E-002,.2322701728628579E-003,184.3240226584470,100.0357014205273,.2244727322677038E-002,.5154355542334585E-002,.1805498184134779E-001,.2014198619126139E-002,-.3830728889086912E-003
13000.32262301903,1075.581201118908,-8.836745015505050,10.00070647300100,.1827225906008388E-002,-.2323047139532546E-003,78.11674991790960,100.0158747089455,.2410910813328731E-002,.4761293572841461E-002,.1833285674043546E-001,-.2625560001211108E-002,-.3684870673925732E-003
13000.32262301903,1099.481261339562,-4.451234750984817,10.00138733220517,.2325364882385174E-002,.2555268999568831E-003,19.83832122807173,100.0294391710829,.2542262193793589E-002,.4466544179397493E-002,.2333451779824317E-001,.2294364273482907E-002,-.3842211490851758E-003
13000.32262301903,1116.983759281850,-1.203482719936805,9.999146443571153,.2581895123351299E-002,-.3253311461006140E-003,1.470809155214233,99.98462107055761,.2624406545413310E-002,.4301031792338316E-002,.2591984112085058E-001,-.3518527824356812E-002,-.3898737295563459E-003
13000.32262301903,1125.000000000006,.2910783171197738,10.00112109459832,.7193953603453797E-003,.5675109181985864E-003,.1061589214566910,100.0245182201883,.2985338599035168E-002,.4493023148031667E-002,.7214968983873749E-002,.5493559454486618E-002,-.4223982969713874E-003
13000.32262301903,1125.000000000003,.2910783171197731,10.00112109459829,.7193953603453832E-003,.5675109181985832E-003,.1061589214566907,100.0245182201880,.2985338599035159E-002,.4493023148031654E-002,.7214968983873749E-002,.5493559454486567E-002,-.4223982969713862E-003
13000.32262301903,1133.016240718150,1.796144339545999,10.00108333569965,.1518062390191619E-002,-.1402542642561468E-003,3.246687958450042,100.0232224296670,.2615307753000770E-002,.4180831841152611E-002,.1525625388525814E-001,-.1643526094992924E-002,-.3958560763669132E-003
13000.32262301903,1150.518738660425,5.099672018486380,10.00214600803180,.1119750320636145E-002,.1101082845360059E-003,26.02540433126304,100.0442863669583,.2506374197264203E-002,.4053187450458207E-002,.1128448930451051E-001,.8311506382625167E-003,-.4020919651027759E-003
13000.32262301903,1174.418798881095,9.662416247502623,10.00100148500429,.2156660914055910E-002,-.1000801171703382E-003,93.37900519844841,100.0212994882115,.2415495442082780E-002,.3932233938743965E-002,.2169911228677041E-001,-.1270368900947017E-002,-.4525573453880470E-003
13000.32262301903,1200.581201118908,14.71989139159225,10.00109879639084,.1381162587693659E-002,.1000724441687849E-003,216.6900877761804,100.0231993065078,.2283676562200121E-002,.3874106269705560E-002,.1406141106984594E-001,.6789263670594209E-003,-.5094520435901312E-003
13000.32262301903,1224.481261339567,19.39969668518863,10.00031293990615,.1915292347607955E-002,-.1099896776758007E-003,376.3618020443812,100.0074950361523,.2224042683045278E-002,.3835466202623516E-002,.1947390069989514E-001,-.1431326968743586E-002,-.5859295465921199E-003
13000.32262301903,1241.983759281857,22.86079200628734,9.999671786570191,.1807053427300683E-002,.1398128244454229E-003,522.6285222504473,99.99474611158169,.2233327404837540E-002,.3845645437769140E-002,.1843398858733757E-001,.1023075377041528E-002,-.6199594865333026E-003
13000.32262301903,1249.999999999995,24.45700492317057,10.00016732470052,.1135559955635084E-002,-.2262896647485962E-003,598.1575175314260,100.0050013560154,.2426332601294024E-002,.4062152639324872E-002,.1164627985631510E-001,-.2563676407188081E-002,-.6670010736015280E-003
13000.32262301903,1250.000000000008,24.45700492317081,10.00016732470062,.1135559955635100E-002,-.2262896647486010E-003,598.1575175314316,100.0050013560163,.2426332601294047E-002,.4062152639324910E-002,.1164627985631518E-001,-.2563676407188168E-002,-.6670010736015350E-003
13000.32262301903,1258.016240718153,26.05753716939763,10.00082559533368,.1507510806340743E-003,.4756572496672983E-004,679.0072893637439,100.0177458694417,.2120858789294563E-002,.3849865758981260E-002,.1862422680891734E-002,.8073041871123690E-004,-.6586068207303317E-003
13000.32262301903,1275.518738660422,29.57728473152365,10.00103948423364,.4997991046052086E-003,-.3745515627484955E-004,874.8271983702501,100.0219157219388,.1985034310589811E-002,.3829350725247480E-002,.5340268443074905E-002,-.8064307939919402E-003,-.6893957551363820E-003
13000.32262301903,1299.418798881096,34.43201786047813,10.00057195079950,.6557270709799884E-003,.3409916786105307E-004,1185.574493151563,100.0125295380546,.1916176461059262E-002,.3799367969460769E-002,.6911527024514821E-002,-.1475657412883923E-003,-.7273202839097224E-003
13000.32262301903,1325.581201118905,39.81126460182803,9.999918243816410,.4644164536060178E-003,-.3409873846915170E-004,1584.946708465393,99.99944946926854,.1899497363320049E-002,.3735368430885278E-002,.5056252785831883E-002,-.8744467345156801E-003,-.7468454989520728E-003
13000.32262301903,1349.481261339568,44.78342807105744,10.00017457976937,.6016276435243128E-003,.3752655334592861E-004,2005.564783282164,100.0046630778116,.1973064924295845E-002,.3689467299189598E-002,.6508184932139616E-002,-.1820817612925400E-003,-.7547987196469503E-003
13000.32262301903,1366.983759281844,48.46022108905066,9.998841427006690,.8948369104442740E-003,-.4780411508893299E-004,2348.402024507255,99.97809370238099,.2045916924957781E-002,.3669830714501984E-002,.9479680003621148E-002,-.1051897668651309E-002,-.7468796651942146E-003
13000.32262301903,1375.000000000005,50.15330055924180,10.00043109635933,-.5439541260828359E-003,.5364692228777379E-004,2515.362428709437,100.0102055066363,.2256417874718439E-002,.3890896287114111E-002,-.4925038847699958E-002,.1652951753243655E-004,-.7763559733489077E-003
13000.32262301903,1375.000000000025,50.15330055924258,10.00043109635948,-.5439541260828429E-003,.5364692228777769E-004,2515.362428709475,100.0102055066378,.2256417874718475E-002,.3890896287114172E-002,-.4925038847700106E-002,.1652951753248685E-004,-.7763559733489200E-003
13000.32262301903,1383.016240718153,51.85388445878492,10.00012512278241,-.8004242427800735E-003,.4101365400060314E-005,2688.834048194600,100.0037733134041,.2070522080941444E-002,.3670225981003233E-002,-.7452303643760302E-002,-.5316927848625225E-003,-.7473619284926150E-003
13000.32262301903,1400.518738660420,55.58775785372539,10.00056320329778,-.7042779183703963E-003,-.3245047325065769E-005,3090.007276238202,100.0124788246391,.2033754927917276E-002,.3666876779650737E-002,-.6491081014337173E-002,-.6267218343106694E-003,-.7513466719355093E-003
13000.32262301903,1424.418798881092,60.73610196518739,9.999848480339313,-.8137054487068968E-004,.2973155258685005E-005,3688.882223416751,99.99817719236223,.2032650858471880E-002,.3647876589209542E-002,-.2474530992662496E-003,-.5782909272495796E-003,-.7564385035500482E-003
13000.32262301903,1450.581201118911,66.43564577263433,9.999733151813039,-.9159596432862850E-003,-.2969312271663190E-005,4413.702862550923,99.99586644082075,.2049367351785374E-002,.3642434032387657E-002,-.8565401370613783E-002,-.6552537652702549E-003,-.7696215454863262E-003
13000.32262301903,1474.481261339574,71.70130356630354,9.999517080520773,-.2121133558929582E-003,.3287447971645060E-005,5141.084492901483,99.99154507513370,.2045799751725579E-002,.3631472816649794E-002,-.1513622655894158E-002,-.6071947698137754E-003,-.7729400168349915E-003
13000.32262301903,1491.983759281850,75.59238997878609,9.998857173905295,-.6208480406782449E-003,-.4221081587577730E-005,5714.216788224574,99.97841311822231,.2035965962801370E-002,.3664552479519449E-002,-.5597649468220424E-002,-.6965140473367461E-003,-.7709458946803025E-003
13000.32262301903,1499.999999999997,77.38462444065362,9.999805115382507,-.1072379876288076E-002,.3002195130801422E-004,5988.387395917691,99.99758580579257,.2192338055223196E-002,.3853732535907223E-002,-.1016114678859264E-001,-.3116630785472384E-003,-.7828617642303735E-003
13000.32262301903,1500.000000000005,77.38462444065411,9.999805115382575,-.1072379876288083E-002,.3002195130801335E-004,5988.387395917731,99.99758580579319,.2192338055223210E-002,.3853732535907249E-002,-.1016114678859269E-001,-.3116630785472349E-003,-.7828617642303779E-003
13000.32262301903,1508.016240718153,79.18285907403873,9.999898675874279,-.2009254104258557E-002,-.2021210457181662E-004,6269.932368218677,99.99918923293781,.1991938569970641E-002,.3691102944707007E-002,-.1949022579330219E-001,-.8737835515801751E-003,-.7657690760477162E-003
13000.32262301903,1525.518738660410,83.13186161050811,9.999808742496036,-.1475843267813601E-002,.1587844748662240E-004,6910.913452724580,99.99729273909936,.1908243984158228E-002,.3691387118693048E-002,-.1416864615914600E-001,-.5523382901580411E-003,-.7515487120054198E-003
13000.32262301903,1549.418798881102,88.57307245516267,9.999212496499702,-.1172516427618270E-002,-.1442413776863523E-004,7845.196037799285,99.98529250977325,.1876043977910325E-002,.3697431051400054E-002,-.1116075103980958E-001,-.8893936646213879E-003,-.7427222712489338E-003
13000.32262301903,1575.581201118908,94.59369070035532,9.999071181978167,-.8535643735887374E-003,.1442772419521000E-004,8947.973082580838,99.98237911559428,.1903228517182824E-002,.3671102623774938E-002,-.8005971473499934E-002,-.6460217246515498E-003,-.7335582324019728E-003
13000.32262301903,1599.481261339566,100.1522533825079,9.998868149245483,-.1036875660032575E-002,-.1584432430403192E-004,10030.48058729434,99.97827538623773,.1981213750358646E-002,.3641533436135198E-002,-.9864413763026908E-002,-.9654310670797707E-003,-.7312868313098023E-003
13000.32262301903,1616.983759281847,104.2580677403712,9.998208988191154,-.3188917649606078E-003,.2011390452199375E-004,10869.75142220089,99.96511769184551,.2048143886439886E-002,.3634111775553722E-002,-.2706114157065384E-002,-.6179822774330405E-003,-.7201828919891336E-003
13000.32262301903,1624.999999999999,106.1483105270169,9.999889139318348,-.2682281412519343E-002,-.5485479026411165E-004,11267.47059794258,99.99892057362135,.2223454275819625E-002,.3814409999186315E-002,-.2638343699306707E-001,-.1299895782207981E-002,-.7409196182756542E-003
13000.32262301903,1625.000000000008,106.1483105270170,9.999889139318373,-.2682281412519346E-002,-.5485479026411599E-004,11267.47059794260,99.99892057362155,.2223454275819630E-002,.3814409999186323E-002,-.2638343699306715E-001,-.1299895782207999E-002,-.7409196182756562E-003
13000.32262301903,1633.016240718139,108.0450605060590,9.999330234616485,-.1785392223634044E-002,.2538463259496414E-004,11673.74187027577,99.98750110040905,.2065039770392426E-002,.3628522553154542E-002,-.1739229380885759E-001,-.5591171008358861E-003,-.7010513841800834E-003
13000.32262301903,1650.518738660408,112.2085861953445,9.999544607202914,-.2207020945734284E-002,-.1996461785398924E-004,12590.77366937284,99.99173456241644,.2036346934518847E-002,.3598495344919685E-002,-.2163281763863596E-001,-.1006076185607577E-002,-.6884946685792974E-003
13000.32262301903,1674.418798881097,117.9429413416564,9.998440249568112,-.7590521002844887E-003,.1817123966755727E-004,13910.54442315710,99.96964456087824,.2000312370331661E-002,.3539113571326379E-002,-.7178255588032881E-002,-.6228050647895909E-003,-.6553053796743381E-003
13000.32262301903,1700.581201118914,124.2842965649500,9.999680149205183,-.2061125062409230E-002,-.1817064857102878E-004,15446.59364187787,99.99446982921651,.1945082440069826E-002,.3461092322342076E-002,-.2023747400331759E-001,-.9661987859248562E-003,-.6399441107363287E-003
13000.32262301903,1724.481261339552,130.1359629736836,9.998149767570993,-.4621739766671479E-003,.2000046627243228E-004,16935.37643396444,99.96390835657459,.1898580621845392E-002,.3364861021747456E-002,-.4280473957691176E-002,-.5977557177337606E-003,-.6144188828077954E-003
13000.32262301903,1741.983759281854,134.4561089209511,9.999665418636157,-.1621959466470477E-002,-.2550606930779118E-004,18078.45305236206,99.99426153534770,.1920402868568471E-002,.3296272647600955E-002,-.1591339849421962E-001,-.1035511325595035E-002,-.6196030053843964E-003
13000.32262301903,1749.999999999983,136.4444161938014,9.996937365659102,-.2045525363992984E-003,.5713820252390811E-004,18617.08668009898,99.93991010236516,.1958685653817441E-002,.3386973502823982E-002,-.1724478333168293E-002,-.1922015000927974E-003,-.6169720778175727E-003
13000.32262301903,1750.000000000017,136.4444161938040,9.996937365659283,-.2045525363993071E-003,.5713820252390681E-004,18617.08668009931,99.93991010236701,.1958685653817477E-002,.3386973502824046E-002,-.1724478333168321E-002,-.1922015000927761E-003,-.6169720778175839E-003
13000.32262301903,1758.016240718161,138.4391346487311,10.00082027559722,-.2742885984512177E-002,-.2109562908825073E-004,19165.40210161795,100.0173793842938,.1924395999071916E-002,.3188052100717152E-002,-.2713011178042754E-001,-.9977186547567322E-003,-.6061050696976426E-003
13000.32262301903,1775.518738660420,142.8169340495690,9.997621920209003,-.2168920109111331E-002,.1654405522460772E-004,20396.68509277822,99.95340702796506,.1895380589842462E-002,.2950916820154317E-002,-.2138492770052743E-001,-.6619157359146755E-003,-.5864535462877617E-003
13000.32262301903,1799.418798881107,148.8443094164036,10.00039900222722,-.7688874045431258E-003,-.1503209667699421E-004,22154.63735467841,100.0090608227459,.2010536385651634E-002,.2536308960099029E-002,-.7371777007105368E-002,-.9649642999109490E-003,-.5706178885878380E-003
13000.32262301903,1825.581201118914,155.5064792174608,9.991814987851534,-.1750186608319392E-002,.1503175757357422E-004,24182.27445319138,99.83773486544989,.2312728687884684E-002,.1894325917889352E-002,-.1705418701379397E-001,-.6890281390416432E-003,-.5483805815311613E-003
13000.32262301903,1849.481261339561,161.6513053119548,9.992457108097341,-.3324392738426308E-002,-.1652148560728705E-004,26131.15417379751,99.85038908260807,.2025884116436249E-002,.1287912365841573E-002,-.3281537857921258E-001,-.8192180747443453E-003,-.4233612022321419E-003
13000.32262301903,1866.983759281861,166.1865903916827,9.996237935781899,-.2113374457272300E-002,.2101523276289998E-004,27617.99254217352,99.92568052024275,.1487391987663008E-002,.8816412673516890E-003,-.2085239676468473E-001,-.1680404938917733E-003,-.2617635351313336E-003
13000.32262301903,1874.999999999985,168.2738843175887,9.997622352705374,-.1304380296126735E-002,-.3461332183033470E-004,28316.10987596787,99.95322531631356,.1183207476577792E-002,.7895988957803029E-003,-.1288060175649130E-001,-.5763679123107941E-003,-.2001455580406892E-003
13000.32262301903,1875.000000000024,168.2738843175920,9.997622352705569,-.1304380296126755E-002,-.3461332183033518E-004,28316.10987596842,99.95322531631548,.1183207476577815E-002,.7895988957803183E-003,-.1288060175649157E-001,-.5763679123107924E-003,-.2001455580406931E-003
13000.32262301903,1883.016240718141,170.3672375229663,9.998482228254609,-.8957232051837144E-003,.7542068035288805E-005,29025.00529236088,99.97026168196484,.9669974544019714E-003,.5793789982830856E-003,-.8791337851223172E-002,-.1260459760751018E-003,-.1332473358727255E-003
13000.32262301903,1900.518738660420,174.9603456533826,9.999459829009639,-.3342302502561509E-003,-.5930118036929426E-005,30611.13212375380,99.98955148067938,.5786474796088022E-003,.3493402772527070E-003,-.3273289786716368E-002,-.1369503068100481E-003,-.5678788541438048E-004
13000.32262301903,1924.418798881097,181.2808293625410,9.999890254938895,-.7925630714688951E-004,.5394216764632431E-005,32862.74852645048,99.99808324942165,.4202486246074125E-003,.1720274454534856E-003,-.7475909247701834E-003,.2930154229320190E-004,-.1838646327025022E-004
13000.32262301903,1950.581201118912,188.2639557964052,9.999953573446565,-.3090294449958723E-004,-.5394314351315089E-005,35443.32637691093,99.99929843966368,.3594613068958872E-003,.6309604397640491E-004,-.2870175627555215E-003,-.5689287812109755E-004,-.3997068346788442E-005
13000.32262301903,1974.481261339550,194.7018707364712,10.00000530149513,.7052204064339224E-006,.5931506717949746E-005,37908.82775603789,100.0003611632958,.3723190916858016E-003,.1631879218027095E-004,.3534093694130321E-004,.5898377543052716E-004,-.1131187495738391E-005
13000.32262301903,1991.983759281852,199.4519764190634,9.999975864785409,-.5001655382234297E-005,-.7547627779487073E-005,39781.10016352564,99.99974347746604,.3510713192649356E-003,.2889764373789846E-005,-.3577450321715601E-004,-.7352258277349753E-004,-.1288551419712974E-005
13000.32262301903,1999.999999999968,201.6374081840150,9.999999999999938,.000000000000000E+000,.000000000000000E+000,40657.65382932706,99.99999999999960,.000000000000000E+000,.000000000000000E+000,.000000000000000E+000,.000000000000000E+000,.000000000000000E+000
13500.59875064576,.000000000000000E+000,-112.4430565539166,3.891203861405516,1.678440671146239,.000000000000000E+000,12643.69657067550,15.37236440174956,3.112285562649844,.000000000000000E+000,6.500773662263604,.000000000000000E+000,.000000000000000E+000
13500.59875064576,8.016240718149545,-112.0315148843143,4.242769608461355,1.827580057350110,.4502420541112058E-004,12551.31400575938,18.28768242084315,3.686495641368913,.1902014161712330E-002,7.726420862526704,-.1064059659524555E-001,-.3910354107542929E-002
13500.59875064576,25.51873866042869,-111.1791331687342,4.912288830369539,2.099566053882868,-.3673894320463714E-004,12361.05369694227,24.53780139969864,4.832897451529916,.2042231804341080E-001,10.30543095018714,-.4830005212673411E-001,-.1749007572990424E-001
13500.59875064576,49.41879888109523,-110.1014038786634,5.551389562063452,2.346528317525252,.3304333250881667E-004,12122.57504199505,31.30747557433215,5.980592958313991,.7031209236025032E-001,13.02751982907222,-.1007789745080590,-.3446302891062368E-001
13500.59875064576,75.58120111890503,-109.0028913138356,5.922871019045969,2.489642555648480,-.3431435048324195E-004,11881.88315857980,35.55299424715620,6.669873123635906,.1356783054043515,14.73897631218545,-.1297614988380865,-.4179781636897192E-001
13500.59875064576,99.48126133957076,-108.0353197760682,6.080938679846428,2.556287044732731,.3506758714527094E-004,11671.87620113882,37.39654162387924,6.969077802831672,.1911160839043616,15.53596028404114,-.1371012640879627,-.4274044909607518E-001
13500.59875064576,116.9837592818501,-107.3367606955658,6.137341591276943,2.584113657746233,-.4444130591984164E-004,11521.41999615445,38.04648076769497,7.078967702701627,.2267515910405695,15.85325124637366,-.1375624537817957,-.4224028613627431E-001
13500.59875064576,124.9999999999995,-107.0163236473326,6.153648242489941,2.593878471320227,.2630282164214678E-003,11452.73043705017,38.23112068782877,7.114380713995042,.2413909970864127,15.95703321948008,-.1352668333903138,-.4116542117885420E-001
13500.59875064576,124.9999999999989,-107.0163236473321,6.153648242489909,2.593878471320213,.2630282164214756E-003,11452.73043705012,38.23112068782857,7.114380713995004,.2413909970864113,15.95703321947999,-.1352668333903130,-.4116542117885401E-001
13500.59875064576,133.0162407181498,-106.6988968532032,6.164691955181366,2.601823980865182,-.1840716809902387E-003,11384.88846556320,38.35279708726331,7.140913452962561,.2553102381695380,16.03607488374684,-.1366810475542757,-.4173890002091449E-001
13500.59875064576,150.5187386604267,-106.0012437555239,6.179185088828651,2.616145555913231,.1467900159812740E-003,11236.49120954948,38.50411369136720,7.184992638756484,.2820754566660728,16.16558161765412,-.1314140752562115,-.3977391365262831E-001
13500.59875064576,174.4187988810964,-105.0479215931815,6.186819920379501,2.630153041153844,-.1362500085043839E-003,11035.28503339216,38.56779547962795,7.219160581072339,.3113621756540094,16.27705396338855,-.1273648910866915,-.3917094277825425E-001
13500.59875064576,200.5812011189036,-103.9962311784378,6.189708986028021,2.637808603790035,.1345026872936550E-003,10815.42722320585,38.57813866206539,7.224542103246291,.3336748061248100,16.33619466864963,-.1187630765658310,-.3746267201346049E-001
13500.59875064576,224.4812613395718,-103.0298966619388,6.190834474144616,2.636163729046017,-.1483687403821777E-003,10615.36361196304,38.57440295566737,7.195199963112309,.3453183868760743,16.33153677279349,-.1135481978508350,-.3738680326949746E-001
13500.59875064576,241.9837592818481,-102.3158547886367,6.193260864099214,2.629506612851951,.1770056471543545E-003,10468.73250077641,38.59419001358726,7.150867841474895,.3484862837573942,16.29668104394067,-.1061959908143531,-.3563139380937695E-001
13500.59875064576,249.9999999999999,-101.9904903730268,6.195010575275770,2.625085106985626,-.7604777266170125E-003,10402.25530175873,38.61183607695844,7.124935264221522,.3485332670483790,16.27299070417292,-.1094303726731360,-.3749467877587835E-001
13500.59875064576,249.9999999999981,-101.9904903730260,6.195010575275725,2.625085106985608,-.7604777266169939E-003,10402.25530175866,38.61183607695816,7.124935264221474,.3485332670483766,16.27299070417280,-.1094303726731351,-.3749467877587807E-001
13500.59875064576,258.0162407181497,-101.6582830969097,6.197921716896188,2.619895010658724,.4742396916058138E-003,10334.59880305016,38.64437376728961,7.096038367354938,.3475272041733419,16.24704826443942,-.9918424170224427E-001,-.3361734887882206E-001
13500.59875064576,275.5187386604276,-100.9394109278306,6.206430317361333,2.606794468471936,-.3840840230595658E-003,10188.94914541389,38.74386597355451,7.027212819546777,.3424613473964713,16.18344450283670,-.9909575817654720E-001,-.3399435075965584E-001
13500.59875064576,299.4187988810972,-99.94596468856105,6.223235237978585,2.584683799094843,.3502081219427938E-003,9989.370057121441,38.94862106469095,6.919703602396302,.3290605531380539,16.08154464382952,-.8719993310533915E-001,-.2877602072264751E-001
13500.59875064576,325.5812011189054,-98.85407969888844,6.247846245082438,2.554444118870816,-.3512755072816590E-003,9772.293181935300,39.25645551464547,6.779827209676217,.3071979695672697,15.94583066974912,-.8374635360293518E-001,-.2566862388925587E-001
13500.59875064576,349.4812613395671,-97.84615728833717,6.277146237709383,2.520339450516242,.3825519200105544E-003,9574.028276863721,39.62630165052356,6.625533507758519,.2821785404230678,15.79609230182741,-.7184964099411047E-001,-.1869218478376239E-001
13500.59875064576,366.9837592818539,-97.10760102636566,6.303151661699580,2.490637598913279,-.4662764969944042E-003,9430.041118824056,39.95694728890737,6.491980814040096,.2614845543001020,15.66666824930693,-.7191159142424927E-001,-.1687113375363336E-001
13500.59875064576,375.0000000000026,-96.76129225104074,6.316875717985097,2.475806599676959,.1848135065741376E-002,9362.902679613313,40.13198108696209,6.425292544180097,.2515483427394553,15.60408373036759,-.5443852854393444E-001,-.9306474525905266E-002
13500.59875064576,375.0000000000005,-96.76129225104012,6.316875717985052,2.475806599676944,.1848135065741360E-002,9362.902679613257,40.13198108696186,6.425292544180057,.2515483427394537,15.60408373036748,-.5443852854393415E-001,-.9306474525905193E-002
13500.59875064576,383.0162407181469,-96.42744141608352,6.332016018318845,2.459772566908626,-.1133706283360460E-002,9298.405904268162,40.32593166865996,6.352303813463003,.2412179462702288,15.53708676142248,-.7131624200659827E-001,-.1468097629290006E-001
13500.59875064576,400.5187386604230,-95.67334481088892,6.369854555568413,2.422583179022045,.9122870273180809E-003,9153.545702026757,40.81147446928890,6.183058908175607,.2179748022175903,15.38847484138624,-.5190628361768246E-001,-.5961239159231050E-002
13500.59875064576,424.4187988810962,-94.64610435615187,6.433130554194863,2.363208260965018,-.8352089290014459E-003,8958.048360791769,41.62884011101945,5.911638493138520,.1843126955976391,15.15560927451608,-.5546927840872341E-001,-.4909475859232196E-002
13500.59875064576,450.5812011189073,-93.49610888771238,6.532734843085089,2.284878590145461,.8375698545964055E-003,8741.699065945562,42.93501798730366,5.554831038737876,.1479844549984128,14.87705199868235,-.3516095667484854E-001,.3665042835923916E-002
13500.59875064576,474.4812613395653,-92.43131610407815,6.671228879831467,2.200845848137411,-.9204464617844233E-003,8543.742884412110,44.78771475003740,5.171605339470455,.1195377583940816,14.63310284660072,-.3962505137736078E-001,.3249446565612432E-002
13500.59875064576,491.9837592818488,-91.62164378451016,6.831887369831717,2.124251457705067,.1152701165444200E-002,8394.739937012117,46.99747767974554,4.827442716578252,.1060345704436485,14.45998836094992,-.1940483299470516E-001,.9553897466533070E-002
13500.59875064576,499.9999999999977,-91.25201408347002,6.917428989373134,2.089519341810042,-.4145589853485610E-002,8327.156700183756,48.20992352842021,4.676421971731961,.1025191890189459,14.39393169398178,-.5682374814912351E-001,.3328406748574857E-003
13500.59875064576,499.9999999999993,-91.25201408347030,6.917428989373154,2.089519341810049,-.4145589853485622E-002,8327.156700183783,48.20992352842036,4.676421971731977,.1025191890189461,14.39393169398183,-.5682374814912368E-001,.3328406748574859E-003
13500.59875064576,508.0162407181474,-90.85311750108008,7.049419601929360,2.032408024598043,.2062096244414312E-002,8254.528926350609,50.08557128253467,4.428287048548709,.1014401967449550,14.25976126847396,-.8857803740061908E-002,.1334016280360714E-001
13500.59875064576,525.5187386604250,-89.96111996498266,7.364352234460075,1.905038207756537,-.1626292469738413E-002,8093.286080738279,54.73863351522292,3.911084739873869,.1079244239023519,13.91067075844383,-.3158435100624342E-001,.7276354698806133E-002
13500.59875064576,549.4187988810925,-88.57590337091267,8.014792764125396,1.613576520903091,.1489201052304235E-002,7846.089657954370,64.92768574882341,2.905355499451733,.1405917881612701,12.67067979155851,-.2074830718208958E-002,.1367861022854607E-001
13500.59875064576,575.5812011189098,-86.67350505455724,8.942079130168363,1.090472273189819,-.1487442043642306E-002,7513.010107304590,80.63133966856175,1.559834261109352,.1936912615143509,9.381429579955739,-.2354665055945111E-001,.8230581795342480E-002
13500.59875064576,599.4812613395654,-84.34844728472571,9.715519201473899,.4983725003798113,.1635617259248473E-002,7115.911562884080,94.72497895629112,.5542199100657668,.2190466220845475,4.630112918757764,.1338727557679140E-001,.5730485901175385E-002
13500.59875064576,616.9837592818517,-82.23938058278064,10.02642895894367,.1596581216468253,-.2104859816872189E-002,6764.900600933514,100.6732072522925,.1939208218611594,.2040398906029693,1.546697070836775,-.2185851552407537E-001,.2229926895420886E-002
13500.59875064576,625.0000000000007,-81.18295395435581,10.11867048863680,.5080657116050689E-001,.4765081319109951E-002,6592.316570214293,102.5040154980326,.1257287069132099,.1895892863988166,.4933573384752434,.4714746550986809E-001,.1463124944976742E-002
13500.59875064576,625.0000000000039,-81.18295395435619,10.11867048863684,.5080657116050711E-001,.4765081319109983E-002,6592.316570214323,102.5040154980331,.1257287069132104,.1895892863988174,.4933573384752455,.4714746550986829E-001,.1463124944976749E-002
13500.59875064576,633.0162407181493,-80.07453125172719,10.14086168699559,-.1162165647944423E-001,-.1660851971139875E-002,6413.566976223794,102.9249542546231,.8011389038285109E-001,.1722020683889814,-.1178590108994529,-.1542366468848198E-001,.5162304970649523E-003
13500.59875064576,650.5187386604227,-77.58011679548937,10.14962533498190,-.6865895031098500E-001,.1302125981973750E-002,6020.127763004438,103.0933626032066,.5135538070666344E-001,.1343007005099222,-.6992131300663439,.1346271900503684E-001,.4833784545444720E-004
13500.59875064576,674.4187988810944,-74.08799705539336,10.10647544371898,-.5827358172547831E-001,-.1185395411259180E-002,5490.135726408089,102.2002031830720,.3691017993341103E-001,.9590250428780531E-001,-.5982144180281175,-.1099390219625917E-001,-.3856688929906320E-003
13500.59875064576,700.5812011189064,-70.24910851627369,10.06379329758708,-.3163645462485961E-001,.1183459935943597E-002,4935.733119306429,101.3214800410559,.2553066634860110E-001,.6797059857615212E-001,-.3261376107393483,.1155669259378235E-001,-.2264936142620795E-003
13500.59875064576,724.4812613395709,-66.72572246806112,10.02450851926968,-.6904339465730300E-002,-.1297409217540809E-002,4452.919690475133,100.5207603062320,.1932637608231434E-001,.5177747190826981E-001,-.7541919794866256E-001,-.1255457814919783E-001,-.5744337737294809E-003
13500.59875064576,741.9837592818463,-64.13916102812044,10.01012684066217,.2023979160847194E-003,.1636316352104438E-002,4114.330501665342,100.2252884442685,.1562037215876481E-001,.4307391153835249E-001,-.1804649200486057E-002,.1572310161449070E-001,-.1536794542256380E-003
13500.59875064576,750.0000000000015,-62.93227240894528,10.01410688294933,-.7495000301672864E-003,-.2824023085787690E-002,3960.936869649426,100.3047307642273,.1594765776669416E-001,.4091237230263416E-001,-.1153536422333015E-001,-.2817423749652169E-001,-.4694924231682954E-003
13500.59875064576,750.0000000000056,-62.93227240894561,10.01410688294938,-.7495000301672950E-003,-.2824023085787713E-002,3960.936869649446,100.3047307642279,.1594765776669423E-001,.4091237230263438E-001,-.1153536422333017E-001,-.2817423749652193E-001,-.4694924231682970E-003
13500.59875064576,758.0162407181422,-61.73356866778067,10.01276924166275,-.5702232062489085E-003,.8121645453240189E-003,3811.467819111152,100.2724859293915,.1296858871784160E-001,.3723041856357692E-001,-.8689145246462551E-002,.8164355045532746E-002,-.3790235317393316E-003
13500.59875064576,775.5187386604150,-59.06581515691260,10.02019084159823,-.2399817176947407E-002,-.6460951309050225E-003,3489.147499720594,100.4189368780860,.1089512958112231E-001,.3197983243611952E-001,-.2703847473979637E-001,-.6716819944459575E-002,-.2911741452179363E-003
13500.59875064576,799.4187988810949,-55.37725907797005,10.00643703983169,.1780578379508093E-002,.5897647039569107E-003,3066.944964731706,100.1418768928809,.8820460169022276E-002,.2580893573255232E-001,.1499794303819151E-001,.5834286847965813E-002,-.3545391512904553E-003
13500.59875064576,825.5812011189107,-51.27674130159218,10.00104688018839,.3333735696700117E-002,-.5903517664544360E-003,2629.547393129730,100.0303952224354,.7086954113732937E-002,.2090269244122014E-001,.3130021214747053E-001,-.6106181432667498E-002,-.3107559148089531E-003
13500.59875064576,849.4812613395625,-47.47511670760613,10.00294755726085,.4039015139588268E-002,.6499400735086580E-003,2254.086245484571,100.0672757574720,.6365144721044059E-002,.1738785248709850E-001,.3855946541169913E-001,.6461141146986292E-002,-.3904852906723246E-003
13500.59875064576,866.9837592818446,-44.65554130309661,9.998455329188486,.4261044102022531E-002,-.8287326396856449E-003,1994.289692533317,99.97663213114501,.5995962278890849E-002,.1537289555429002E-001,.4118483931686605E-001,-.8541975716445457E-002,-.3232149980880923E-003
13500.59875064576,874.9999999999990,-43.36021650190506,10.00044417650204,.2227085314385859E-002,.1552488906003680E-002,1880.269763690519,100.0169348306263,.6559836797397885E-002,.1485545875136013E-001,.2090172555141572E-001,.1543849804777901E-001,-.3875218817002908E-003
13500.59875064576,875.0000000000010,-43.36021650190518,10.00044417650207,.2227085314385860E-002,.1552488906003689E-002,1880.269763690525,100.0169348306266,.6559836797397909E-002,.1485545875136017E-001,.2090172555141571E-001,.1543849804777907E-001,-.3875218817002922E-003
13500.59875064576,883.0162407181449,-42.05049220326228,10.00244145308362,.1692861976095295E-002,-.4362175685339081E-003,1768.395939264788,100.0551862442217,.5480155464698108E-002,.1382638476599481E-001,.1576574750326094E-001,-.4527497878411223E-002,-.3186767085047548E-003
13500.59875064576,900.5187386604171,-39.17738510387437,10.00482268212540,.6478004094041690E-003,.3420723621810073E-003,1535.000799655960,100.1019755335025,.4872416657462659E-002,.1233038089703275E-001,.5516582053094105E-002,.3133322774087235E-002,-.2656497902921749E-003
13500.59875064576,924.4187988810968,-35.19849191399296,10.00184927435478,.3043760950998270E-002,-.3107680840086512E-003,1239.045578079664,100.0417327092651,.4261313298546786E-002,.1068174377694722E-001,.2969415928724830E-001,-.3359278525528827E-002,-.2539136660001184E-003
13500.59875064576,950.5812011189056,-30.78297584121993,10.00167388377838,.2868175970499160E-002,.3106824637217329E-003,947.6838483080456,100.0372500834396,.3553950347189067E-002,.9284470354119835E-002,.2818360650147654E-001,.2822879548304911E-002,-.2371043876390904E-003
13500.59875064576,974.4812613395675,-26.68825088155355,10.00109921908195,.3669164741963197E-002,-.3413690453703925E-003,712.3408446966898,100.0253775091074,.3222475645592818E-002,.8298427031947091E-002,.3625082571084466E-001,-.3596982562004238E-002,-.2809578308366727E-003
13500.59875064576,991.9837592818476,-23.65781718753964,9.998766669496582,.3596397234853870E-002,.4334366360131663E-003,559.7611233947390,99.97847939728780,.3198530628266319E-002,.7716829359425574E-002,.3569308384604225E-001,.4091292861593822E-002,-.2561598921583109E-003
13500.59875064576,999.9999999999980,-22.25736155408789,10.00133398637875,.2980292486076905E-002,-.7415001594707691E-003,495.4556550027813,100.0303543007590,.3689701675465925E-002,.7777146896502898E-002,.2942246203780868E-001,-.7520648467963093E-002,-.3445763477723334E-003
13500.59875064576,999.9999999999980,-22.25736155408788,10.00133398637875,.2980292486076905E-002,-.7415001594707682E-003,495.4556550027812,100.0303543007590,.3689701675465925E-002,.7777146896502897E-002,.2942246203780868E-001,-.7520648467963092E-002,-.3445763477723334E-003
13500.59875064576,1008.016240718138,-20.85544249424252,10.00094222937453,.1488280255548562E-002,.1835493835734012E-003,435.0111706790403,100.0216734644087,.3106999126942474E-002,.7282000718014872E-002,.1467814829317897E-001,.1623101061265512E-002,-.2960483175375704E-003
13500.59875064576,1025.518738660421,-17.76479942491292,10.00270594608772,.1186507481943476E-002,-.1447689084585439E-003,315.6433118004196,100.0565948612693,.3039162290976954E-002,.6835382127510729E-002,.1168655243459318E-001,-.1696108219527885E-002,-.2986879737836560E-003
13500.59875064576,1049.418798881096,-13.49658395274190,10.00172362243536,.2002005811856150E-002,.1318208115957057E-003,182.2050508593511,100.0367345596863,.2965764703837605E-002,.6287965164502767E-002,.1995843994772863E-001,.1068071581021532E-002,-.3207257554939411E-003
13500.59875064576,1075.581201118908,-8.758211959852661,10.00142970903146,.2263148638871507E-002,-.1318596057247644E-003,76.74661850539457,100.0306243789972,.2798424765698127E-002,.5773075436411622E-002,.2267446397436515E-001,-.1628195218048157E-002,-.3692675316045355E-003
13500.59875064576,1099.481261339562,-4.372584422214850,10.00165214003098,.2983582698695964E-002,.1450985023217566E-003,19.15448928483407,100.0350221729855,.2639822140074137E-002,.5387785317482931E-002,.2993332589396692E-001,.1106087042635541E-002,-.4218082320575754E-003
13500.59875064576,1116.983759281850,-1.125164768171722,9.999732774295445,.3070060436677717E-002,-.1848859439203524E-003,1.297759683471825,99.99663577712320,.2632301373769601E-002,.5147858678988604E-002,.3082182503496450E-001,-.2223062689464660E-002,-.4723482453812725E-003
13500.59875064576,1125.000000000006,.3698975544848634,10.00156580995102,.1577250625987483E-002,.2672166926863191E-003,.1670899435516845,100.0337349007166,.2886709748914151E-002,.5324935449017811E-002,.1583729204974517E-001,.2332515825262746E-002,-.5058634774470908E-003
13500.59875064576,1125.000000000003,.3698975544848625,10.00156580995099,.1577250625987480E-002,.2672166926863183E-003,.1670899435516841,100.0337349007163,.2886709748914143E-002,.5324935449017797E-002,.1583729204974507E-001,.2332515825262709E-002,-.5058634774470893E-003
13500.59875064576,1133.016240718150,1.874418732241651,10.00125739434668,.1786648775451948E-002,-.3294411664613419E-004,3.542586492000737,100.0270132855448,.2450712026267479E-002,.4967299216603316E-002,.1799783119204190E-001,-.7360843298602517E-003,-.5042381959234738E-003
13500.59875064576,1150.518738660425,5.178164326849274,10.00257037296103,.1084593663124034E-002,.2572518479441348E-004,26.83996101354171,100.0531211307130,.2282127638924211E-002,.4768165949913309E-002,.1103523216592559E-001,-.2085709383330345E-003,-.5191228410734780E-003
13500.59875064576,1174.418798881095,9.740789421978135,10.00144058918604,.2548366886355806E-002,-.2332545685290385E-004,94.90663205317580,100.0304147865737,.2192997336200775E-002,.4469626384664820E-002,.2574006417543804E-001,-.7065728880944408E-003,-.5194234791774369E-003
13500.59875064576,1200.581201118908,14.79852670453156,10.00176286373479,.1826974421064383E-002,.2331527740481601E-004,219.0172590159466,100.0367723856144,.2055583467514331E-002,.4228156852756938E-002,.1855397223693742E-001,-.2631549327665114E-003,-.4853404523421642E-003
13500.59875064576,1224.481261339567,19.47825884771217,10.00107332271375,.2523925838707469E-002,-.2558040137736590E-004,379.4213504623955,100.0229016378567,.2073045888879354E-002,.4065686923128235E-002,.2553040544203879E-001,-.7391220547887569E-003,-.4794066684915732E-003
13500.59875064576,1241.983759281857,22.93958756180071,10.00006874644672,.2265987265283563E-002,.3240212250398499E-004,526.2420699245008,100.0028489588728,.2107980721951471E-002,.4030437826334643E-002,.2296323091870383E-001,-.1784469510279114E-003,-.4653263908973114E-003
13500.59875064576,1249.999999999995,24.53542793169129,10.00151818135446,.1488658261897041E-002,.1370152188861443E-006,602.0041160179774,100.0321475849920,.2403769736660211E-002,.4215487798478097E-002,.1513345092750782E-001,-.4190992020901285E-003,-.4986130938825064E-003
13500.59875064576,1250.000000000008,24.53542793169153,10.00151818135456,.1488658261897051E-002,.1370152188870117E-006,602.0041160179833,100.0321475849930,.2403769736660235E-002,.4215487798478140E-002,.1513345092750797E-001,-.4190992020901303E-003,-.4986130938825111E-003
13500.59875064576,1258.016240718153,26.13634176027562,10.00116358200390,.6241622099237133E-003,-.3135879084748038E-004,683.1246466114314,100.0246542774360,.2115382078646612E-002,.4010766620222020E-002,.6586859883123557E-002,-.8260757118927833E-003,-.4711982636434065E-003
13500.59875064576,1275.518738660422,29.65588359373759,10.00174986307786,.1070181079887348E-002,.2456560967071175E-004,879.4866632521132,100.0362520474999,.2058858530842360E-002,.3980119183497872E-002,.1106763874532117E-001,-.2789611395860262E-003,-.4736666067530776E-003
13500.59875064576,1299.418798881096,34.51081321997242,10.00136263380207,.1196533327608455E-002,-.2229872237207234E-004,1191.010153197652,100.0284442326329,.2016083886673654E-002,.3959266121623181E-002,.1234854852758753E-001,-.7733717929553630E-003,-.5001316022220728E-003
13500.59875064576,1325.581201118905,39.88992645268426,10.00065818628338,.1167035797174889E-002,.2229981643672154E-004,1591.218926537849,100.0142662394890,.1988145488302280E-002,.3936847964206571E-002,.1201718918672901E-001,-.3719369685755858E-003,-.5335460590657523E-003
13500.59875064576,1349.481261339568,44.86221463214426,10.00101524121693,.1241520666246308E-002,-.2448233956315357E-004,2012.630030163117,100.0213660234317,.1996434187684846E-002,.3950583531531137E-002,.1271038232391438E-001,-.8733929416060143E-003,-.5875933580878457E-003
13500.59875064576,1366.983759281844,48.53884625768379,9.999336937734503,.1401613432842525E-002,.3108200355341297E-004,2356.030704432535,99.98784548590203,.2033361417340362E-002,.3975773699858716E-002,.1428984913008518E-001,-.3514197265564456E-003,-.6186680145244619E-003
13500.59875064576,1375.000000000005,50.23221123904368,10.00098856735650,-.9520140854147631E-005,-.1099267642177576E-003,2523.285917128290,100.0211541215221,.2220931600892520E-002,.4202051562832487E-002,.1190950024053464E-003,-.1712617707601552E-002,-.6593052231615402E-003
13500.59875064576,1375.000000000025,50.23221123904442,10.00098856735666,-.9520140854152835E-005,-.1099267642177613E-003,2523.285917128330,100.0211541215236,.2220931600892554E-002,.4202051562832551E-002,.1190950024053603E-003,-.1712617707601602E-002,-.6593052231615502E-003
13500.59875064576,1383.016240718153,51.93250936171980,10.00084450136690,-.1963123327607657E-003,.6006530178622317E-004,2696.996140220676,100.0179566716342,.2025198861065612E-002,.4011226447447110E-002,-.1670201099454899E-002,-.8883112764259196E-004,-.6495608819897385E-003
13500.59875064576,1400.518738660420,55.66653652695128,10.00099537870227,-.5089282615183387E-004,-.4724616692431197E-004,3098.773446987451,100.0209396966016,.1986790662153555E-002,.4027927003182614E-002,-.1886083012160242E-003,-.1206754586454063E-002,-.6716210232920448E-003
13500.59875064576,1424.418798881092,60.81480205522703,10.00034179831209,.5436941471021932E-003,.4299507545254687E-004,3698.449804690125,100.0078899222387,.2006791023844586E-002,.4021876979142410E-002,.5832590147729619E-002,-.3311964629690162E-003,-.7069344358585708E-003
13500.59875064576,1450.581201118911,66.51449072826563,10.00002111348476,-.2865893070003308E-003,-.4299121432280303E-004,4424.186723093529,100.0015295923647,.2071358996264541E-002,.4013294846310012E-002,-.2379609714295225E-002,-.1234430034014052E-002,-.7435139405986778E-003
13500.59875064576,1474.481261339574,71.77999849498607,9.999791934124406,.2139301088235450E-003,.4730020331222503E-004,5152.377173579708,99.99699807512491,.2141792956554786E-002,.3990299567493176E-002,.2688713038696111E-002,-.3435443890409794E-003,-.7783542938915996E-003
13500.59875064576,1491.983759281850,75.67114812220103,9.999103098088607,-.4167670194547947E-003,-.6022778204112407E-004,5726.131518314830,99.98330090348955,.2209619192474295E-002,.4016488760446031E-002,-.3593977338735982E-002,-.1433599888784543E-002,-.8081279520724716E-003
13500.59875064576,1499.999999999997,77.46313828402441,10.00004124801730,-.8026877624930885E-003,.1440142318170951E-003,6000.546636233545,100.0022999792614,.2372855746743105E-002,.4181841696287769E-002,-.7484940807382413E-002,.6634790500366534E-003,-.8335831507096550E-003
13500.59875064576,1500.000000000005,77.46313828402494,10.00004124801736,-.8026877624930954E-003,.1440142318171018E-003,6000.546636233583,100.0022999792621,.2372855746743120E-002,.4181841696287797E-002,-.7484940807382455E-002,.6634790500366569E-003,-.8335831507096597E-003
13500.59875064576,1508.016240718153,79.26153695533574,10.00027399874060,-.1848744274497246E-002,-.5797979249459902E-004,6282.400037887832,100.0067081693157,.2184741613871457E-002,.4044735557478103E-002,-.1789891690352992E-001,-.1422414190814009E-002,-.8309917024642225E-003
13500.59875064576,1525.518738660410,83.21034708584479,10.00018408580839,-.1432733126990910E-002,.4555174691389760E-004,6923.970638682607,100.0048489160975,.2117225068937867E-002,.4056748182408220E-002,-.1373411779249450E-001,-.3945783374757917E-003,-.8474546046643887E-003
13500.59875064576,1549.418798881102,88.65155569911978,9.999753598953706,-.1195842419228971E-002,-.4140593366364705E-004,7859.107133199563,99.99622900166352,.2071997468096096E-002,.4094466653505054E-002,-.1137336444239982E-001,-.1282088551294926E-002,-.8736694816839619E-003
13500.59875064576,1575.581201118908,94.67203285125098,9.999485537474612,-.8587520277465486E-003,.4141030480494363E-004,8962.802691716988,99.99087247227899,.2056355033477937E-002,.4111641928369309E-002,-.8001329430773363E-002,-.4778462073090958E-003,-.8905262335257562E-003
13500.59875064576,1599.481261339566,100.2306065497556,9.999428287869856,-.1051221080619204E-002,-.4551238753360107E-004,10046.18347892721,99.98974031411083,.2082604001954426E-002,.4140876730619135E-002,-.9936659595324531E-002,-.1366711166912797E-002,-.9098448342747977E-003
13500.59875064576,1616.983759281847,104.3362749136422,9.998431357307275,-.4712658476730105E-003,.5786971069376057E-004,10886.06732500651,99.96985207721586,.2094071557866281E-002,.4178569809322639E-002,-.4141827421000635E-002,-.3640200722603865E-003,-.9133693479567922E-003
13500.59875064576,1624.999999999999,106.2266636037608,10.00041680158872,-.2964380625382451E-002,-.1290062845659560E-003,11284.11318538214,100.0097722436962,.2232457797308967E-002,.4370376879276644E-002,-.2910395937145518E-001,-.2180523054177722E-002,-.9421181639665645E-003
13500.59875064576,1625.000000000008,106.2266636037610,10.00041680158875,-.2964380625382459E-002,-.1290062845659502E-003,11284.11318538216,100.0097722436964,.2232457797308973E-002,.4370376879276654E-002,-.2910395937145529E-001,-.2180523054177725E-002,-.9421181639665665E-003
13500.59875064576,1633.016240718139,108.1232256702366,9.999317871619187,-.1822612493611640E-002,.4869570720636136E-004,11690.64107190556,99.98754373487456,.2059010099310708E-002,.4221703495855024E-002,-.1765685681341713E-001,-.4755595527180401E-003,-.9279429293489526E-003
13500.59875064576,1650.518738660408,112.2867668003474,9.999752956220368,-.2383165465447155E-002,-.3829076711262653E-004,12608.32725571565,99.99619654158315,.1987889857302167E-002,.4236760258402378E-002,-.2327841295764417E-001,-.1374544571955604E-002,-.9413062199644807E-003
13500.59875064576,1674.418798881097,118.0210058462133,9.998231234328554,-.9531036955858308E-003,.3483880030742377E-004,13928.96724119926,99.96575449373796,.1933284341655563E-002,.4198831724038679E-002,-.8977265685919066E-002,-.6770842368248944E-003,-.9464091061138686E-003
13500.59875064576,1700.581201118914,124.3624049025592,9.999636292990001,-.2427121646562298E-002,-.3483743971289730E-004,15466.01738870980,99.99386084827209,.1918190152153134E-002,.4104793685380182E-002,-.2372983479047737E-001,-.1376746849190184E-002,-.9527736559935681E-003
13500.59875064576,1724.481261339552,130.2140053443420,9.997977976429322,-.7321285183186366E-003,.3832781177613736E-004,16955.69703645641,99.96074244313998,.1942557268816334E-002,.3971168017196157E-002,-.6773337253325025E-002,-.6543333096434515E-003,-.9427288203331744E-003
13500.59875064576,1741.983759281854,134.5341995864271,9.999675145235344,-.1743608985473194E-002,-.4881895864696000E-004,18099.46086228884,99.99471163025156,.1991759700149527E-002,.3886949325094050E-002,-.1690442079475931E-001,-.1500900881821589E-002,-.9446695140998388E-003
13500.59875064576,1749.999999999983,136.5223792666182,9.996869236225582,-.7820649417192957E-003,.1004941652535197E-003,18638.37013781448,99.93880532434557,.2059402009754617E-002,.3961838822196082E-002,-.7277080663816278E-002,.1372055861069898E-004,-.9461379452216045E-003
13500.59875064576,1750.000000000017,136.5223792666206,9.996869236225768,-.7820649417193057E-003,.1004941652535250E-003,18638.37013781483,99.93880532434736,.2059402009754656E-002,.3961838822196152E-002,-.7277080663816451E-002,.1372055861069811E-004,-.9461379452216213E-003
13500.59875064576,1758.016240718161,138.5172169588480,10.00066066320699,-.3032856355176090E-002,-.3350794581217354E-004,19187.02956556214,100.0144348847410,.2020503550857266E-002,.3777311942031110E-002,-.2978285093268809E-001,-.1331286156494045E-002,-.9287677783820473E-003
13500.59875064576,1775.518738660420,142.8949631404537,9.997477836615811,-.3075972473370283E-002,.2630194819224147E-004,20418.98088682071,99.95079441592370,.1992203101437267E-002,.3533090089255788E-002,-.3017645512958691E-001,-.7494393555628602E-003,-.8929332168941041E-003
13500.59875064576,1799.418798881107,148.9224231352046,10.00005713754049,-.1252787792935449E-002,-.2390592846546907E-004,22177.89881870558,100.0024789043683,.2110545269482307E-002,.3063465717997374E-002,-.1192483255811654E-001,-.1207343568996183E-002,-.8393927191464525E-003
13500.59875064576,1825.581201118914,155.5845913221598,9.991267294795151,-.2980527193683526E-002,.2390631046390781E-004,24206.57609078423,99.82703226927846,.2568031871091453E-002,.2273224269257850E-002,-.2902223958109778E-001,-.7143356472526529E-003,-.7790914532425502E-003
13500.59875064576,1849.481261339561,161.7294738091421,9.991783027906793,-.4672402805321929E-002,-.2627937247588150E-004,26156.43390201169,99.83701039739124,.2260448071212984E-002,.1508365131474143E-002,-.4610075647146793E-001,-.9907722850825721E-003,-.5635049437937152E-003
13500.59875064576,1866.983759281861,166.2647193575838,9.995905061270930,-.2641037298867657E-002,.3343186311733257E-004,27643.96809008873,99.91902233878741,.1564054522541538E-002,.1010086827898164E-002,-.2604971105152546E-001,-.8078958868231552E-004,-.3320466760899260E-003
13500.59875064576,1874.999999999985,168.3520815666883,9.997440242397239,-.1673023111169130E-002,-.5505213763067811E-004,28342.43454022772,99.94957466287261,.1208321034676986E-002,.8735126595841927E-003,-.1650111884322282E-001,-.8169534353747320E-003,-.2450436830830878E-003
13500.59875064576,1875.000000000024,168.3520815666916,9.997440242397436,-.1673023111169156E-002,-.5505213763067941E-004,28342.43454022829,99.94957466287460,.1208321034677010E-002,.8735126595842098E-003,-.1650111884322319E-001,-.8169534353747519E-003,-.2450436830830927E-003
13500.59875064576,1883.016240718141,170.4453414956409,9.998346620276138,-.1103199906385118E-002,.1195565331491973E-004,29051.62552873673,99.96753399436660,.9757030920594907E-003,.6507715627362982E-003,-.1081906460610910E-001,-.9854467124985745E-004,-.1662459522361169E-003
13500.59875064576,1900.518738660420,175.0384932880123,9.999431235725901,-.3965381302200523E-003,-.9399054896208723E-005,30638.48509035887,99.98897388604698,.5587228329300342E-003,.3853198780047874E-003,-.3863565336174466E-002,-.1795367357099612E-003,-.6839653788548092E-004
13500.59875064576,1924.418798881097,181.3589324213344,9.999875493635990,-.9455258534348844E-004,.8549069364593634E-005,32891.07315596146,99.99777812561163,.3893609902136060E-003,.1857763401336532E-003,-.8788947389251414E-003,.5882123933633084E-004,-.2224640097739957E-004
13500.59875064576,1950.581201118912,188.3420930753883,9.999953786214112,-.3611353783719356E-004,-.8549088299707893E-005,35472.75468631983,99.99929496039078,.3221527708715779E-003,.6724446031302160E-004,-.3191367524208351E-003,-.8926355775161921E-004,-.4486508364882434E-005
13500.59875064576,1974.481261339550,194.7799689612630,10.00000135807003,.6028022537241107E-006,.9400489948341126E-005,37939.24692475058,100.0002685777707,.3325248138555148E-003,.1711731953338466E-004,.5179673805277146E-004,.9352978774702166E-004,-.1330719445574104E-005
13500.59875064576,1991.983759281852,199.5301121434783,9.999980480578229,-.6875970509625292E-005,-.1196154893836855E-004,39812.27624492024,99.99982605518622,.3099169618734942E-003,.2531001187951438E-005,-.3553892015330240E-004,-.1179261903022279E-003,-.1322669612442772E-005
13500.59875064576,1999.999999999968,201.7154488243321,9.999999999999932,.000000000000000E+000,.000000000000000E+000,40689.13303192160,99.99999999999949,.000000000000000E+000,.000000000000000E+000,.000000000000000E+000,.000000000000000E+000,.000000000000000E+000
14000.17026400823,.000000000000000E+000,-113.1533843927739,3.905551902235271,1.755677162844476,.000000000000000E+000,12803.95559001594,15.49047732623300,3.375803638736733,.000000000000000E+000,6.827783363528271,.000000000000000E+000,.000000000000000E+000
14000.17026400823,8.016240718149545,-112.7262061752268,4.259195149446134,1.912511198425266,.4010247628724752E-004,12707.46270964171,18.43563659593683,4.002248839439667,.1850318513037726E-002,8.119790016910381,-.1157036972048334E-001,-.4187755736824188E-002
14000.17026400823,25.51873866042869,-111.8392755702010,4.929200180235989,2.200673297143818,-.3276141420001258E-004,12508.28743064911,24.72253050760719,5.265702735450445,.1993563913299373E-001,10.84351895052970,-.5162545800451956E-001,-.1869169290885492E-001
14000.17026400823,49.41879888109523,-110.7152800916796,5.557064245739529,2.467086737697769,.2938350760606310E-004,12258.13397639642,31.39599115339905,6.558492323317919,.6923156376696453E-001,13.71972216842215,-.1065027277625496,-.3791403700297185E-001
14000.17026400823,75.58120111890503,-109.5692096697763,5.909548943532689,2.623744719002254,-.3032644385477868E-004,12005.66125676592,35.41712914847160,7.357064577669552,.1355930568256777,15.50444377968813,-.1348020424180605,-.4779603679038640E-001
14000.17026400823,99.48126133957076,-108.5617710405013,6.062138640976365,2.697133461512189,.3084057753231220E-004,11785.89503585607,37.18525874006939,7.721512580471170,.1945056578960631,16.34116351980980,-.1415309438457960,-.5013399252911709E-001
14000.17026400823,116.9837592818501,-107.8354743008318,6.121512338970870,2.728457852152404,-.4026000233942496E-004,11628.71935432294,37.86279245272119,7.862721828641448,.2341396177075239,16.69322568685298,-.1420222630856144,-.5027535914842881E-001
14000.17026400823,124.9999999999995,-107.5028833300011,6.140260048227948,2.738886382680204,.2255770152048558E-003,11557.09723090565,38.07323152444216,7.904798476943988,.2508619664848373,16.80973711062366,-.1400930573269841,-.4947083594859628E-001
14000.17026400823,124.9999999999989,-107.5028833300006,6.140260048227917,2.738886382680190,.2255770152048515E-003,11557.09723090560,38.07323152444197,7.904798476943947,.2508619664848359,16.80973711062357,-.1400930573269834,-.4947083594859604E-001
14000.17026400823,133.0162407181498,-107.1729142423172,6.154067157914579,2.746954929068237,-.1549711084951420E-003,11486.25907190945,38.22530469447311,7.933860727115091,.2669531530030598,16.89902580776643,-.1411340276552489,-.4998354064084934E-001
14000.17026400823,150.5187386604267,-106.4491045063398,6.175575934227448,2.759495874476871,.1227461385549964E-003,11331.63518818567,38.45872803670746,7.969853245793503,.2987104001428965,17.04102007350816,-.1365325916791777,-.4800303592264277E-001
14000.17026400823,174.4187988810964,-105.4603853630309,6.192097313254295,2.767504517385748,-.1144213066018593E-003,11122.11634811722,38.63042242523736,7.968623169413327,.3352701047058988,17.14503002855506,-.1327061536650928,-.4612079110470549E-001
14000.17026400823,200.5812011189036,-104.3693400571674,6.204588459302517,2.767551489254703,.1127185716396587E-003,10893.18204126129,38.75832985250536,7.923975041439838,.3646156067284101,17.18655514474918,-.1251113544555427,-.4203595977736804E-001
14000.17026400823,224.4812613395718,-103.3633982511706,6.214063754275438,2.760119067328121,-.1245837852988166E-003,10684.20833738659,38.85952299617064,7.855269386749042,.3797588657368845,17.16776381452002,-.1210320165287025,-.3889649301750785E-001
14000.17026400823,241.9837592818481,-102.6181788555072,6.220147062288613,2.749929353004873,.1485966763753880E-003,10530.69809915145,38.92852789113287,7.787459223170592,.3833570980882689,17.11892991762172,-.1155454744096471,-.3504813176932075E-001
14000.17026400823,249.9999999999999,-102.2772671639158,6.222303861257295,2.743707497738931,-.6236588662615868E-003,10460.84207537478,38.95367383518411,7.750254725025943,.3830165716693971,17.08389123404218,-.1185385334616888,-.3565380642319939E-001
14000.17026400823,249.9999999999981,-102.2772671639150,6.222303861257252,2.743707497738913,-.6236588662615833E-003,10460.84207537471,38.95367383518382,7.750254725025890,.3830165716693945,17.08389123404206,-.1185385334616881,-.3565380642319908E-001
14000.17026400823,258.0162407181497,-101.9303836690229,6.224479604309026,2.736585804061921,.3853305554923957E-003,10390.00112557519,38.97978803907721,7.709648559048388,.3814423214555124,17.04255475881479,-.1104969671770338,-.3138639796223400E-001
14000.17026400823,275.5187386604276,-101.1767358218272,6.228766535588186,2.717644577840548,-.3123484464017806E-003,10236.91949480655,39.03265330090725,7.607675605021683,.3743577172941958,16.92732299700297,-.1108080712312446,-.2998464706723325E-001
14000.17026400823,299.4187988810972,-100.1356043863706,6.235240376945917,2.684737707526295,.2846303206605581E-003,10027.31483280666,39.11475185438508,7.441809186960399,.3574900288752668,16.72533620403883,-.1009779085975731,-.2379209757221400E-001
14000.17026400823,325.5812011189054,-98.98947856849585,6.247879371873470,2.641069861442910,-.2854555165423016E-003,9799.082540029636,39.27573099741105,7.235851183699316,.3309916312328521,16.47209253388640,-.9689294601261672E-001,-.2045105930084900E-001
14000.17026400823,349.4812613395671,-97.93243688523944,6.268086084654996,2.595008064871909,.3107872797607162E-003,9590.923151182385,39.53083071783742,7.026933953907520,.3018063302204826,16.22758277905035,-.8570417151904319E-001,-.1461303241537202E-001
14000.17026400823,366.9837592818539,-97.15792839614238,6.289421994525235,2.558245851255137,-.3774750606943831E-003,9439.823300837921,39.80000906316698,6.861995599201970,.2787446335508549,16.04781514198096,-.8462512868174074E-001,-.1320042591721692E-001
14000.17026400823,375.0000000000026,-96.79668143867907,6.301574056357135,2.540673266710717,.1504721414176543E-002,9369.758542651029,39.95393050135920,6.783602980834815,.2680327322888822,15.96696382074487,-.7021839088321188E-001,-.6967193010463786E-002
14000.17026400823,375.0000000000005,-96.79668143867846,6.301574056357097,2.540673266710702,.1504721414176539E-002,9369.758542650969,39.95393050135894,6.783602980834775,.2680327322888806,15.96696382074478,-.7021839088321161E-001,-.6967193010463777E-002
14000.17026400823,383.0162407181469,-96.44577035858268,6.315060070660384,2.522630976781060,-.9310061748059812E-003,9301.948419322593,40.12552662484025,6.702603269187069,.2569458406006677,15.88610831137591,-.8362336633177184E-001,-.1138321048710952E-001
14000.17026400823,400.5187386604230,-95.65856495351163,6.349236819933604,2.484048042422760,.7503290414489169E-003,9150.726756517550,40.56201772149130,6.530154769822461,.2327239841532149,15.72597632810711,-.6760125908787323E-001,-.4000590217621862E-002
14000.17026400823,424.4187988810962,-94.58571747404341,6.407656171072741,2.431501692788009,-.6875254722450040E-003,8946.632478197715,41.31658591596450,6.291794602110968,.1988077982412015,15.53227225362296,-.7045850682573780E-001,-.2378527044311497E-002
14000.17026400823,450.5812011189073,-93.38818578977855,6.503553401748139,2.366916071113952,.6903843094157010E-003,8721.543619645967,42.57653376115877,5.991825537445670,.1633468970623661,15.34403204749143,-.5341453769375392E-001,.6257243311549709E-002
14000.17026400823,474.4812613395653,-92.27842553171263,6.642645278765265,2.295127359366958,-.7586517785758784E-003,8515.518264910186,44.44844045988206,5.647467968013734,.1358634658038702,15.19370285963304,-.5560667090317994E-001,.8098899784979224E-002
14000.17026400823,491.9837592818488,-91.43649907833625,6.805104149455776,2.224349729801625,.9492929230697029E-003,8360.863398182926,46.69966807534638,5.311260079535479,.1230585561275338,15.07567219069388,-.3769564771529155E-001,.1465582924621606E-001
14000.17026400823,499.9999999999977,-91.05013040002881,6.892521217683736,2.191565137914828,-.3476516356522587E-002,8290.369171024748,47.94485919442198,5.160166946314591,.1197071327585095,15.03256805350829,-.6805166947937372E-001,.7445039343239234E-002
14000.17026400823,499.9999999999993,-91.05013040002908,6.892521217683757,2.191565137914835,-.3476516356522595E-002,8290.369171024773,47.94485919442213,5.160166946314609,.1197071327585098,15.03256805350834,-.6805166947937397E-001,.7445039343239254E-002
14000.17026400823,508.0162407181474,-90.63828638864004,7.022116381894226,2.136839508460660,.1695609419075844E-002,8215.554493910580,49.79293766990531,4.910520795880699,.1189468868162529,14.91793308172794,-.2769724848496381E-001,.1864268206894557E-001
14000.17026400823,525.5187386604250,-89.71535466847573,7.337162846636309,2.014663136295859,-.1334470433472554E-002,8049.147632704586,54.46165722139819,4.386365171683878,.1262065832531293,14.62955205804369,-.4378808251535099E-001,.1346219875503516E-001
14000.17026400823,549.4187988810925,-88.30153138577840,7.956153263898962,1.727695859189315,.1223764874710544E-002,7797.603942521067,64.14375876425217,3.336925201154060,.1616659568385393,13.42766086824771,-.1600830641513954E-001,.1813683473955800E-001
14000.17026400823,575.5812011189098,-86.40719750201478,8.803609581276348,1.217862716174680,-.1221605512817361E-002,7467.047692881868,78.34480187443836,1.921594740404999,.2239272460659624,10.26259548099421,-.2751954529247359E-001,.1260281046565251E-001
14000.17026400823,599.4812613395654,-84.15045095074709,9.555659671869988,.6366950528940137,.1344236981292951E-002,7082.841408174416,91.80459094567146,.7968090148901981,.2630370001755985,5.767886865070681,.6341787560804217E-002,.9974717327024527E-002
14000.17026400823,616.9837592818517,-82.11647469609937,9.919334499908050,.2711545102740430,-.1737436247871745E-002,6745.177035023305,98.63224313693843,.3177656673802824,.2583913681881714,2.563154586191609,-.2036323594173256E-001,.5420242835743124E-002
14000.17026400823,625.0000000000007,-81.09074833811815,10.04214033185233,.1416204957685766,.3944772757585114E-002,6577.922352392059,101.0266239633687,.2062890010021885,.2467817912226959,1.349566446749474,.3678216294503937E-001,.4870080782581308E-002
14000.17026400823,625.0000000000039,-81.09074833811846,10.04214033185236,.1416204957685772,.3944772757585131E-002,6577.922352392088,101.0266239633691,.2062890010021894,.2467817912226969,1.349566446749480,.3678216294503968E-001,.4870080782581328E-002
14000.17026400823,633.0162407181493,-80.00749904331373,10.09318373099170,.5340056425170774E-001,-.1348772690153988E-002,6403.480896402118,101.9968707431626,.1296102205405071,.2306544755599075,.5071800611562138,-.1323736645812336E-001,.2642253975518771E-002
14000.17026400823,650.5187386604227,-77.54012965392013,10.14088174119092,-.4864744247678936E-001,.1055844349648397E-002,6014.637146408871,102.9283365197627,.7467763174119407E-001,.1885668835832066,-.5071475163847383,.1069523703910161E-001,.1082845729527513E-002
14000.17026400823,674.4187988810944,-74.04952461468960,10.10955857795349,-.6165648198940388E-001,-.9618900586732756E-003,5485.050943816534,102.2758483449861,.5910782636813253E-001,.1385426646136768,-.6453096852682785,-.8515742935417873E-002,-.1563791812163058E-003
14000.17026400823,700.5812011189064,-70.19973661863439,10.06907002777002,-.3740148052306488E-001,.9590152605816749E-003,4929.261371377854,101.4379894938088,.4311734928440339E-001,.9973938940715904E-001,-.3956049741209108,.8984083051859833E-002,.3143003385164963E-003
14000.17026400823,724.4812613395709,-66.66674666009945,10.03060523298749,-.1143667698421133E-001,-.1050966704605153E-002,4445.408300067907,100.6513935037592,.3272056417169454E-001,.7663890999702590E-001,-.1295206030690870,-.1023745722613250E-001,-.4864715584587369E-004
14000.17026400823,741.9837592818463,-64.07393291886933,10.01633523857634,-.1854899829458251E-002,.1320858181415641E-002,4106.266741621670,100.3568944623886,.2654189135829228E-001,.6407268287421182E-001,-.2937002029072046E-001,.1202508784443123E-001,.5466320723026833E-003
14000.17026400823,750.0000000000015,-62.86605065678006,10.01783540624944,-.1160247827708106E-002,-.2136811578045414E-002,3952.885820313299,100.3872845084726,.2645459840299750E-001,.6046369574833099E-001,-.2218339765312401E-001,-.2144392003947627E-001,-.3577993366798895E-004
14000.17026400823,750.0000000000056,-62.86605065678042,10.01783540624949,-.1160247827708110E-002,-.2136811578045428E-002,3952.885820313320,100.3872845084732,.2645459840299764E-001,.6046369574833130E-001,-.2218339765312428E-001,-.2144392003947648E-001,-.3577993366798933E-004
14000.17026400823,758.0162407181422,-61.66500253052426,10.01528261109552,-.6462117219396130E-004,.5876382623235916E-003,3803.267065715901,100.3288588616005,.2215255777978287E-001,.5538588192914215E-001,-.9152634011591741E-002,.5602946776227240E-002,.1733166909102949E-003
14000.17026400823,775.5187386604150,-58.99623403681353,10.02006418783195,-.1320855521209331E-002,-.4703728660258808E-003,3481.159539419320,100.4213112168853,.1846803255382545E-001,.4751912597390825E-001,-.2085750919240403E-001,-.5188392719988329E-002,.4402851445387392E-004
14000.17026400823,799.4187988810949,-55.30495833886132,10.00707373133713,.1012368132384622E-002,.4303318653780418E-003,3059.128181624977,100.1581087293388,.1505552796424766E-001,.3847366195780053E-001,.3363699796011171E-002,.4039071821327707E-002,-.8865185991228236E-004
14000.17026400823,825.5812011189107,-51.20182637820984,10.00158376430047,.4058545491661686E-002,-.4309949238533300E-003,2622.019394112529,100.0437832082815,.1196630846282262E-001,.3105516074046084E-001,.3567867115115157E-001,-.4890493795182670E-002,-.7413062072337980E-004
14000.17026400823,849.4812613395625,-47.39873783981159,10.00202375658769,.5367417132459345E-002,.4749470659981642E-003,2246.963091338006,100.0509116271544,.1008662672931522E-001,.2582656582780980E-001,.4962993166317371E-001,.4425136504758833E-002,-.2387648217060723E-003
14000.17026400823,866.9837592818446,-44.57910639721683,9.999107612148151,.4570614183915038E-002,-.6069101618455762E-003,1987.576300973023,99.99181911399810,.9057600728784917E-002,.2275042664145051E-001,.4220894284351658E-001,-.6588148384368568E-002,-.2447319875444739E-003
14000.17026400823,874.9999999999990,-43.28250863458740,10.00110089221204,.2843586459921975E-002,.1126852264210394E-002,1873.637124354849,100.0322218749650,.9389355825453395E-002,.2185279118167236E-001,.2515590360636175E-001,.1092947137787482E-001,-.2996226630918155E-003
14000.17026400823,875.0000000000010,-43.28250863458753,10.00110089221207,.2843586459921998E-002,.1126852264210399E-002,1873.637124354854,100.0322218749654,.9389355825453419E-002,.2185279118167243E-001,.2515590360636192E-001,.1092947137787481E-001,-.2996226630918161E-003
14000.17026400823,883.0162407181449,-41.97338894173475,10.00216988813762,.1198675020184480E-002,-.3015779344437905E-003,1762.011930456483,100.0514219573415,.7846960028038492E-002,.2037504751713212E-001,.9143645350890376E-002,-.3386220609227344E-002,-.3136009655629963E-003
14000.17026400823,900.5187386604171,-39.09948458339698,10.00436259315587,-.1624024400543997E-003,.2357676295212038E-003,1528.985943172728,100.0942611376213,.7009043368257081E-002,.1810655120709621E-001,-.4242097229268927E-002,.1917007073137932E-002,-.3083654430239942E-003
14000.17026400823,924.4187988810968,-35.12026945386795,10.00233584112407,.1855732090606910E-002,-.2139600936838743E-003,1233.614438453156,100.0528243425594,.6030795134128066E-002,.1546947752871542E-001,.1633790473953057E-001,-.2446616692701645E-002,-.3101414716804034E-003
14000.17026400823,950.5812011189056,-30.70353162566939,10.00183806457904,.2320050144509110E-002,.2138477399714853E-003,942.8556950800071,100.0417742472502,.5077532355724955E-002,.1316041522398052E-001,.2155241753693709E-001,.1740253413882937E-002,-.2405571859734395E-003
14000.17026400823,974.4812613395675,-26.60849371356789,10.00132408883395,.3005999173747110E-002,-.2348564936259043E-003,708.1373113202046,100.0310108978610,.4654583736478442E-002,.1148227828097217E-001,.2872253873044959E-001,-.2682470614787765E-002,-.2949679937708267E-003
14000.17026400823,991.9837592818476,-23.57737385314992,9.999462992643480,.3731225282438748E-002,.2979036527682175E-003,556.0026893545230,99.99348463631627,.4513484261457185E-002,.1047462562384674E-001,.3624984728072000E-001,.2552933380989438E-002,-.2639628372988821E-003
14000.17026400823,999.9999999999980,-22.17733698157742,10.00153662884465,.2999695151290259E-002,-.4802836107393484E-003,491.9388511493109,100.0356617487257,.4913130259043568E-002,.1039617606792351E-001,.2891079966941696E-001,-.5055441640614906E-002,-.3492605723584492E-003
14000.17026400823,999.9999999999980,-22.17733698157742,10.00153662884465,.2999695151290257E-002,-.4802836107393482E-003,491.9388511493109,100.0356617487257,.4913130259043568E-002,.1039617606792350E-001,.2891079966941698E-001,-.5055441640614907E-002,-.3492605723584490E-003
14000.17026400823,1008.016240718138,-20.77479582801393,10.00141262522096,.1888509282213601E-002,.1041330452088522E-003,431.6905840922090,100.0320399079537,.4183542164182654E-002,.9721796349275565E-002,.1803944112732028E-001,.6389085368774285E-003,-.2784094727507627E-003
14000.17026400823,1025.518738660421,-17.68431804449800,10.00329630194990,.1231771304783749E-002,-.8235669648320012E-004,312.8230073706994,100.0692909279265,.3895247887273500E-002,.8976639180546536E-002,.1160404117569559E-001,-.1280110344393799E-002,-.2987165073859805E-003
14000.17026400823,1049.418798881096,-13.41566081148076,10.00217079859302,.2483985382425919E-002,.7506802958395201E-004,180.0550383080259,100.0464128121638,.3557909076253651E-002,.8099616052614890E-002,.2426048005660680E-001,.2684083453092598E-003,-.3017994021823418E-003
14000.17026400823,1075.581201118908,-8.677174632296534,10.00168546792589,.2681775298155772E-002,-.7510363140687424E-004,75.35716851057674,100.0362617072729,.3239870632470184E-002,.7306856996351464E-002,.2639591429791725E-001,-.1248527875433942E-002,-.2980693130645287E-003
14000.17026400823,1099.481261339562,-4.291238062297627,10.00211376008034,.3346557302009357E-002,.8270045145502224E-004,18.46983371458371,100.0446385691785,.3126626068117221E-002,.6723545704675966E-002,.3313269799800595E-001,.3499430202043765E-003,-.2798792482222553E-003
14000.17026400823,1116.983759281850,-1.043968089273535,10.00010538946624,.3579462825231991E-002,-.1055187733632519E-003,1.139600997400003,100.0044532170780,.3000748772863183E-002,.6394354639515605E-002,.3558956836041705E-001,-.1532009169034353E-002,-.2641448523353393E-003
14000.17026400823,1125.000000000006,.4514696983085452,10.00071225478004,.2118397588578189E-002,.1193677823993753E-003,.2511969680243628,100.0170098259891,.3249459677994118E-002,.6530376327854397E-002,.2097285529266955E-001,.8207707138378328E-003,-.2960986938116146E-003
14000.17026400823,1125.000000000003,.4514696983085438,10.00071225478001,.2118397588578181E-002,.1193677823993736E-003,.2511969680243622,100.0170098259889,.3249459677994109E-002,.6530376327854381E-002,.2097285529266951E-001,.8207707138378362E-003,-.2960986938116141E-003
14000.17026400823,1133.016240718150,1.955612876960838,10.00213579476578,.2144138579494417E-002,.9648172173230005E-005,3.869826205759340,100.0448909284573,.2826317669973006E-002,.6145864533659113E-002,.2135892909215932E-001,-.3646344109443454E-003,-.2730254345405381E-003
14000.17026400823,1150.518738660425,5.259494667157192,10.00289621457773,.1761279529783716E-002,-.7765316640474980E-005,27.70348420648882,100.0599309691595,.2635725351371297E-002,.5888442401738386E-002,.1762530467436085E-001,-.5698522634437157E-003,-.2774946037291335E-003
14000.17026400823,1174.418798881095,9.822035044507814,10.00196884937169,.2800344079093787E-002,.7139128220495393E-005,96.50862235209840,100.0412583712585,.2493239941605393E-002,.5576523976060861E-002,.2813133955261792E-001,-.4387034670605226E-003,-.3335606896493394E-003
14000.17026400823,1200.581201118908,14.87999980527504,10.00170630578043,.2035665531068391E-002,-.7144287521069397E-005,221.4459257523282,100.0358771072145,.2383149575287241E-002,.5297292148704330E-002,.2054308957027852E-001,-.6179596290859946E-003,-.3854143621737306E-003
14000.17026400823,1224.481261339567,19.55962373652363,10.00150505387628,.3169136821293174E-002,.7914533291763755E-005,382.6068098028356,100.0318185188596,.2338867323937159E-002,.5059716820157078E-002,.3192045306487105E-001,-.4772469610655750E-003,-.4191454863717079E-003
14000.17026400823,1241.983759281857,23.02111993199900,10.00025014706222,.3036694786938439E-002,-.1018845663658787E-004,529.9975139561454,100.0067607765414,.2413021524887806E-002,.4917136559950443E-002,.3064755712301166E-001,-.6762573506452407E-003,-.4468178347791334E-003
14000.17026400823,1249.999999999995,24.61668501380002,10.00190969001071,.2720318278831397E-002,.6998370302654662E-004,606.0058286171512,100.0403188016148,.2729240419190723E-002,.5097552366957902E-002,.2746441956563592E-001,.2257686821133375E-003,-.4930943026651639E-003
14000.17026400823,1250.000000000008,24.61668501380025,10.00190969001080,.2720318278831421E-002,.6998370302654499E-004,606.0058286171568,100.0403188016158,.2729240419190750E-002,.5097552366957949E-002,.2746441956563620E-001,.2257686821133358E-003,-.4930943026651687E-003
14000.17026400823,1258.016240718153,26.21786827280319,10.00179827111076,.1689500371110558E-002,-.4641100405326077E-004,687.4002658189161,100.0377212784849,.2423654781144104E-002,.4815120627659762E-002,.1723205367061945E-001,-.1045036843561498E-002,-.4754386971394002E-003
14000.17026400823,1275.518738660422,29.73724710749814,10.00237576217260,.2120196847214430E-002,.3640862281371600E-004,884.3256926153289,100.0491594319334,.2447474658107013E-002,.4708379607468080E-002,.2160924874409079E-001,-.2369782450276896E-003,-.5173578658873866E-003
14000.17026400823,1299.418798881096,34.59224141928647,10.00213168112345,.2248807065895003E-002,-.3306679016383952E-004,1196.642783270268,100.0442206863483,.2480642804059306E-002,.4592546590032177E-002,.2295174876085134E-001,-.9569940653655525E-003,-.5775013683329250E-003
14000.17026400823,1325.581201118905,39.97123769033455,10.00129739323888,.1991056390942501E-002,.3307360176250099E-004,1597.717409809403,100.0274499864016,.2493897115962000E-002,.4520841628139925E-002,.2039514257663745E-001,-.3321889923287875E-003,-.6485369312842918E-003
14000.17026400823,1349.481261339568,44.94353504061504,10.00164272017879,.2028779819478359E-002,-.3632541207520233E-004,2019.937303450824,100.0342809587442,.2513281786469071E-002,.4511190835284654E-002,.2077559713875836E-001,-.1050031118879198E-002,-.7086460535035946E-003
14000.17026400823,1366.983759281844,48.62001956238075,9.999990745155499,.2185203273309101E-002,.4616213412791221E-004,2363.921230008224,100.0012715087480,.2497330374079184E-002,.4541447908628447E-002,.2232551061385048E-001,-.2534967037683342E-003,-.7511648515301425E-003
14000.17026400823,1375.000000000005,50.31353627022663,10.00160871602185,.5893096868430682E-003,-.1245916202651337E-003,2531.466442086776,100.0339031431795,.2683733578175588E-002,.4779235879528752E-002,.6336738258269622E-002,-.1903618608754860E-002,-.7932172961221382E-003
14000.17026400823,1375.000000000025,50.31353627022737,10.00160871602201,.5893096868430777E-003,-.1245916202651335E-003,2531.466442086814,100.0339031431811,.2683733578175629E-002,.4779235879528825E-002,.6336738258269692E-002,-.1903618608754831E-002,-.7932172961221499E-003
14000.17026400823,1383.016240718153,52.01360961556136,10.00131716142791,.4065630048353929E-003,.5702369914585510E-004,2705.429661491191,100.0277291357096,.2420358284623890E-002,.4592930894366095E-002,.4550639123052605E-002,-.1684313316334318E-003,-.7863924314741944E-003
14000.17026400823,1400.518738660420,55.74764358711147,10.00163315634130,.3158251856068195E-003,-.4484905396120493E-004,3107.813021072046,100.0339362464596,.2290638844607322E-002,.4633505816786548E-002,.3631135156343168E-002,-.1216800509224343E-002,-.8261473144323691E-003
14000.17026400823,1424.418798881092,60.89575724644454,10.00095757344125,.1095440769982264E-002,.4081807342139329E-004,3708.305526100712,100.0203398089798,.2171483415597245E-002,.4670375696577547E-002,.1139615493115267E-001,-.3854024610517835E-003,-.8575638670904196E-003
14000.17026400823,1450.581201118911,66.59542989895041,10.00069333573796,.1809376422305499E-003,-.4081018123557978E-004,4434.962646479257,100.0150099296055,.2075691362568880E-002,.4695018068939661E-002,.2233324386160633E-002,-.1228571898817261E-002,-.8862166475510183E-003
14000.17026400823,1474.481261339574,71.86083440082288,10.00045141918711,.1007780092315804E-002,.4490481480743541E-004,5163.990172909635,100.0101411988429,.2037013111284180E-002,.4710436654133263E-002,.1050239386429585E-001,-.3801550644781911E-003,-.9031367452950561E-003
14000.17026400823,1491.983759281850,75.75202618632261,9.999755242929595,.4047758332187160E-003,-.5717055922058818E-004,5738.379656592071,99.99626265509082,.2042431146987185E-002,.4762733700854732E-002,.4479470399001279E-002,-.1416689507194460E-002,-.9256208677837065E-003
14000.17026400823,1499.999999999997,77.54392857253299,10.00033133867186,.8829832080540600E-004,.1253474690121640E-003,6013.070872286969,100.0080332128393,.2173671750029561E-002,.4954855633537543E-002,.1276380240562744E-002,.4639845228578809E-003,-.9365395815985439E-003
14000.17026400823,1500.000000000005,77.54392857253349,10.00033133867193,.8829832080540687E-004,.1253474690121626E-003,6013.070872287008,100.0080332128399,.2173671750029576E-002,.4954855633537572E-002,.1276380240562754E-002,.4639845228578349E-003,-.9365395815985497E-003
14000.17026400823,1508.016240718153,79.34242808368379,10.00092894827847,-.1147453198672693E-002,-.4570303133989316E-004,6295.230704387166,100.0196994742380,.1994480230046402E-002,.4813647924299357E-002,-.1102276353081047E-001,-.1305366396222892E-002,-.9362578016742698E-003
14000.17026400823,1525.518738660410,83.29123612757057,10.00057170811568,-.7582828604986693E-003,.3591017090091993E-004,6937.439474597923,100.0124833247864,.1913871134721129E-002,.4843817555256770E-002,-.7110249896006153E-002,-.5096142534535943E-003,-.9468551330927251E-003
14000.17026400823,1549.418798881102,88.73255655257481,10.00028253148611,-.7787734423447988E-003,-.3263496534883399E-004,7873.475663619172,100.0066817447276,.1899305383275168E-002,.4870438753125751E-002,-.7275845838918733E-002,-.1204371684541242E-002,-.9712022826095434E-003
14000.17026400823,1575.581201118908,94.75311497164840,9.999832557652766,-.5218691745942018E-003,.3264248029501604E-004,8978.161576166473,99.99769939314028,.1978857488060184E-002,.4833872065944671E-002,-.4659945426855199E-002,-.5722309128087738E-003,-.9743720435599703E-003
14000.17026400823,1599.481261339566,100.3117499411425,10.00010542895301,-.8373910647623104E-003,-.3586669149231871E-004,10062.45580143379,100.0031790944254,.2127518998185872E-002,.4780314693061300E-002,-.7781667654655156E-002,-.1259534937890925E-002,-.9884346511256309E-003
14000.17026400823,1616.983759281847,104.4174160571644,9.999122667311388,-.2377829454843156E-003,.4559417665116970E-004,10903.00534847092,99.98357929169924,.2241928533711732E-002,.4774908962106396E-002,-.1764376569148227E-002,-.4691666763047102E-003,-.9891901941727003E-003
14000.17026400823,1624.999999999999,106.3078337890342,10.00128549451673,-.2305037610253695E-002,-.9661387212053324E-004,11301.36410707585,100.0270595925399,.2420157199464291E-002,.4946283350059954E-002,-.2246913204732571E-001,-.1828180407530695E-002,-.1025083233741064E-002
14000.17026400823,1625.000000000008,106.3078337890344,10.00128549451675,-.2305037610253692E-002,-.9661387212053465E-004,11301.36410707588,100.0270595925401,.2420157199464296E-002,.4946283350059965E-002,-.2246913204732574E-001,-.1828180407530736E-002,-.1025083233741066E-002
14000.17026400823,1633.016240718139,108.2043726904442,10.00011866500452,-.1579054848871948E-002,.3434060465728193E-004,11708.19484214122,100.0034879193098,.2287895391658251E-002,.4786358184926981E-002,-.1517495526460914E-001,-.6078348584677893E-003,-.9934338259113633E-003
14000.17026400823,1650.518738660408,112.3679118224105,10.00074049645350,-.2088526300695908E-002,-.2700942918920798E-004,12626.55622882095,100.0158637013808,.2263140026917721E-002,.4787414089800301E-002,-.2027353436664184E-001,-.1250301761708544E-002,-.1010043359274560E-002
14000.17026400823,1674.418798881097,118.1021984659635,9.998913213527274,-.6828087927170266E-003,.2458255067823006E-004,13948.13803406982,99.97932152824592,.2243508500639319E-002,.4764139123482539E-002,-.6230225051350548E-002,-.8007508722573794E-003,-.1021309461043575E-002
14000.17026400823,1700.581201118914,124.4436351364190,10.00017506925483,-.2082635012198756E-002,-.2457880886248674E-004,15486.22729630900,100.0045929369774,.2273213764903310E-002,.4696862118946302E-002,-.2022047885091392E-001,-.1349056426448346E-002,-.1046746830401043E-002
14000.17026400823,1724.481261339552,130.2952125618176,9.998157247251983,-.5465445805991152E-003,.2704864949730043E-004,16976.85165572299,99.96434042663373,.2318737492346597E-002,.4609408727026646E-002,-.4837366078398145E-002,-.8977135224204737E-003,-.1066284926542145E-002
14000.17026400823,1741.983759281854,134.6153331236083,9.999764931456859,-.1637617401273762E-002,-.3445705304360588E-004,18121.29735386620,99.99657129525664,.2334007759735040E-002,.4579642238651285E-002,-.1573602260381536E-001,-.1528898896235757E-002,-.1084308036753707E-002
14000.17026400823,1749.999999999983,136.6035536331493,9.996404888025525,-.1172646152172504E-002,.7104011527385434E-004,18660.54044746274,99.92958240565295,.2433105378445782E-002,.4687745259020544E-002,-.1108441963915295E-001,-.4626819065530969E-003,-.1103707006713209E-002
14000.17026400823,1750.000000000017,136.6035536331519,9.996404888025705,-.1172646152172537E-002,.7104011527385703E-004,18660.54044746309,99.92958240565480,.2433105378445825E-002,.4687745259020630E-002,-.1108441963915323E-001,-.4626819065530864E-003,-.1103707006713230E-002
14000.17026400823,1758.016240718161,138.5983317021867,10.00030655483029,-.3238363562351322E-002,-.2367928832014416E-004,19209.50722222835,100.0074487376046,.2356010008879348E-002,.4520390381363701E-002,-.3171327043664186E-001,-.1438273681794125E-002,-.1090795567820109E-002
14000.17026400823,1775.518738660420,142.9759938424679,9.997280466622600,-.3736204918840422E-002,.1858483859642797E-004,20442.14479230093,99.94696072544410,.2331545970186616E-002,.4305076397193149E-002,-.3667401863607071E-001,-.1064966275413852E-002,-.1091327379673110E-002
14000.17026400823,1799.418798881107,149.0033513307504,9.999410901526183,-.1663898128611914E-002,-.1688792848047053E-004,22202.00908408668,99.98968334841334,.2501890650127406E-002,.3805323201965038E-002,-.1589201360665118E-001,-.1400875406234587E-002,-.1089291266202362E-002
14000.17026400823,1825.581201118914,155.6655885366685,9.989815642325336,-.4916913881066652E-002,.1688981938891491E-004,24231.78625772786,99.79818830724358,.2894367731827266E-002,.2833004616146811E-002,-.4821269339459540E-001,-.1051698426969918E-002,-.1042787952870589E-002
14000.17026400823,1849.481261339561,161.8104036862826,9.990207953786665,-.6749632227642372E-002,-.1856294404703662E-004,26182.61774756293,99.80574496260952,.2427306408160277E-002,.1848508071984638E-002,-.6665365936949028E-001,-.1107581232051376E-002,-.7634967166253805E-003
14000.17026400823,1866.983759281861,166.3456651954235,9.995027053744835,-.3705751940060977E-002,.2361562048946368E-004,27670.89133090942,99.90165123280578,.1747451630699790E-002,.1218387167980234E-002,-.3649284701555737E-001,-.2862800566275890E-003,-.4449180981063742E-003
14000.17026400823,1874.999999999985,168.4329484619990,9.996937476615926,-.2247161936678569E-002,-.3925466750034454E-004,28369.66908539872,99.93965481656099,.1335364820473092E-002,.1038452302259117E-002,-.2210192132378788E-001,-.7297797933586503E-003,-.3178413260135464E-003
14000.17026400823,1875.000000000024,168.4329484620023,9.996937476616127,-.2247161936678612E-002,-.3925466750034413E-004,28369.66908539929,99.93965481656291,.1335364820473118E-002,.1038452302259137E-002,-.2210192132378831E-001,-.7297797933586846E-003,-.3178413260135524E-003
14000.17026400823,1883.016240718141,170.5262557191242,9.997966204370629,-.1500072344554154E-002,.8761087283003965E-005,29079.21478693614,99.96005408282947,.1110697379802602E-002,.7757739087333236E-003,-.1464866446207197E-001,-.1831775650773730E-003,-.2201544197773331E-003
14000.17026400823,1900.518738660420,175.1193713910340,9.999314190796659,-.5292205828258550E-003,-.6887960827499639E-005,30666.80496257955,99.98670031725345,.6322376201558338E-003,.4544185725199397E-003,-.5119727015250096E-002,-.1726286199446553E-003,-.8707938664744878E-004
14000.17026400823,1924.418798881097,181.4398391107911,9.999852780293299,-.1182909211420516E-003,.6265562893941211E-005,32920.42574874275,99.99737370541837,.4484992602768620E-003,.2166942534703894E-003,-.1062498409279352E-002,.2981706332887027E-004,-.2866094006712665E-004
14000.17026400823,1950.581201118912,188.4229747620678,9.999943876805141,-.4804023305178095E-004,-.6265481896085314E-005,35503.22778967563,99.99913408432843,.3666496310485792E-003,.7791854235689438E-004,-.3973044937527733E-003,-.6704480353742761E-004,-.5076935994237437E-005
14000.17026400823,1974.481261339550,194.8608836774761,10.00000378603770,.3853216098312481E-005,.6889423757727538E-005,37970.77430952117,100.0003580815147,.3843259876517777E-003,.1971412079623233E-004,.1318185467359453E-003,.6787385057079124E-004,-.1927182015229106E-005
14000.17026400823,1991.983759281852,199.6109851258810,9.999974739609012,-.1228749089343380E-004,-.8766544919223639E-005,39844.55566646600,99.99974483088128,.3513085519617564E-003,.2715563911103077E-005,-.5159035945431420E-004,-.8593360517729725E-004,-.1305935998405015E-005
14000.17026400823,1999.999999999968,201.7963818301613,9.999999999999936,.000000000000000E+000,.000000000000000E+000,40721.79017785957,99.99999999999949,.000000000000000E+000,.000000000000000E+000,.000000000000000E+000,.000000000000000E+000,.000000000000000E+000
14500.15510990854,.000000000000000E+000,-113.8819934303174,3.923293126210811,1.844917163915653,.000000000000000E+000,12969.36471443091,15.65530215380058,3.708002493762352,.000000000000000E+000,7.201024029343048,.000000000000000E+000,.000000000000000E+000
14500.15510990854,8.016240718149545,-113.4389651606974,4.278803680101888,2.010159418165984,.3988718064199331E-004,12868.65285523290,18.63415288886909,4.398819877623747,.1773290548811900E-002,8.565752466662499,-.1138979951762315E-001,-.4203184247739295E-002
14500.15510990854,25.51873866042869,-112.5177881173354,4.955124182058147,2.317763703011768,-.3233931650393476E-004,12660.50566122274,25.01844260188878,5.819581174168233,.1918713566465506E-001,11.47160463798824,-.5116801062299268E-001,-.1930417351435647E-001
14500.15510990854,49.41879888109523,-111.3478282086872,5.594558894513712,2.608747855345971,.2905934312369515E-004,12398.59063831826,31.85233997097426,7.324672557199596,.6760783243280458E-001,14.59694301609156,-.1072580735891309,-.4125944327359520E-001
14500.15510990854,75.58120111890503,-110.1559238385426,5.950379634746879,2.779798788674622,-.2983231393269368E-004,12134.57444977635,35.91678152054642,8.253895828613468,.1355984876425028,16.52627195456147,-.1359667018966417,-.5380598936831063E-001
14500.15510990854,99.48126133957076,-109.1101059664682,6.094336609769971,2.855962331005603,.3076399280807886E-004,11905.25739646565,37.57111947694568,8.642290825910699,.1981341537319965,17.37579679103035,-.1409108319314921,-.5735093252045233E-001
14500.15510990854,116.9837592818501,-108.3562176517584,6.145405767289672,2.885042612744860,-.4050145271991719E-004,11741.30966419045,38.14400515422130,8.768223716007785,.2406388142735382,17.69714261518379,-.1394170462209596,-.5834734045435043E-001
14500.15510990854,124.9999999999995,-108.0108575167718,6.160898367385716,2.893371195680962,.2118676068206251E-003,11666.58376990347,38.31444680561609,8.796362590272768,.2586651522261025,17.79412372540940,-.1366370836268965,-.5774555794717205E-001
14500.15510990854,124.9999999999989,-108.0108575167712,6.160898367385685,2.893371195680946,.2118676068206477E-003,11666.58376990341,38.31444680561589,8.796362590272725,.2586651522261012,17.79412372540931,-.1366370836268958,-.5774555794717181E-001
14500.15510990854,133.0162407181498,-107.6681188844238,6.172208249259959,2.899054844320359,-.1419808858340883E-003,11592.66124597914,38.43616745206290,8.809660280185952,.2759506895476835,17.86369282292575,-.1367411227630471,-.5864290329791184E-001
14500.15510990854,150.5187386604267,-106.9156134921743,6.189456686438577,2.904238267545161,.1119447188963176E-003,11431.18284168869,38.61847155440957,8.798054673516935,.3098499840432597,17.95268434632404,-.1307228008930478,-.5741002353232409E-001
14500.15510990854,174.4187988810964,-105.8854163535723,6.201770055431188,2.897850833135240,-.1043956408006332E-003,11211.95152475229,38.74260239125827,8.711903101127156,.3475300562427789,17.96136407757265,-.1251854759608595,-.5646345291691209E-001
14500.15510990854,200.5812011189036,-104.7468834925498,6.208380989121425,2.877276664862353,.1026585057584835E-003,10972.13449800457,38.80445307378977,8.553617628670704,.3765141188752674,17.86505440871522,-.1161004524941963,-.5315169278482151E-001
14500.15510990854,224.4812613395718,-103.6980867196440,6.212359139594171,2.850261318576868,-.1136997251785813E-003,10753.51119105630,38.84173662246815,8.377295273942639,.3921534098738635,17.71441820284184,-.1098411819102564,-.5031010215990249E-001
14500.15510990854,241.9837592818481,-102.9226453042868,6.215797952583194,2.828180073066157,.1369536741253909E-003,10593.28180970533,38.87954846442759,8.244513434975509,.3975577771247659,17.58827395256208,-.1028142898386974,-.4663911425047181E-001
14500.15510990854,249.9999999999999,-102.5682114101282,6.217257392604632,2.817464125470447,-.5538216439361031E-003,10520.44557282270,38.89654401464833,8.182588130988204,.3985299158203783,17.52539136801470,-.1045276406879640,-.4709453671684915E-001
14500.15510990854,249.9999999999981,-102.5682114101275,6.217257392604589,2.817464125470427,-.5538216439360845E-003,10520.44557282262,38.89654401464805,8.182588130988147,.3985299158203754,17.52539136801456,-.1045276406879632,-.4709453671684892E-001
14500.15510990854,258.0162407181497,-102.2080710253255,6.219277537736497,2.806469664145230,.3340435057430820E-003,10446.69366454747,38.92120581631669,8.120570755378891,.3984021977057147,17.46193192211132,-.9649896144093653E-001,-.4306547284688074E-001
14500.15510990854,275.5187386604276,-101.4253565488502,6.224211366756096,2.781623177792429,-.2697468809768205E-003,10287.29985962886,38.98366599847640,7.985566034888961,.3950555761345107,17.31745527016010,-.9494214146964558E-001,-.4109299685481131E-001
14500.15510990854,299.4187988810972,-100.3444909306948,6.235216617687154,2.746433084217478,.2456321967809448E-003,10069.20586141717,39.12379504517044,7.805323241600312,.3835320251190814,17.12054720473913,-.8497740874283022E-001,-.3423886559322738E-001
14500.15510990854,325.5812011189054,-99.15309069195931,6.252120545188560,2.706221042824131,-.2464607908638436E-003,9831.517984002076,39.33860510162626,7.613856403245107,.3621109305316174,16.90328191805006,-.8207180782146326E-001,-.2914842853604485E-001
14500.15510990854,349.4812613395671,-98.05178328705162,6.271035344472926,2.667111135412892,.2684892781976873E-003,9614.330759353559,39.58064226834982,7.438148596157514,.3351410694611064,16.69551713615595,-.7396170492245363E-001,-.2175755353488551E-001
14500.15510990854,366.9837592818539,-97.24236774750436,6.287816710064869,2.635583019128017,-.3283863948081714E-003,9456.256023592228,39.79610372851932,7.299185597987933,.3119378567178235,16.53073843687299,-.7408435606103184E-001,-.1899706067688416E-001
14500.15510990854,375.0000000000026,-96.86486809159264,6.296950071272413,2.620008158993516,.1261220772751159E-002,9382.980722665616,39.91341913732229,7.230898547211549,.3005941150716588,16.45127959379573,-.6204441431200566E-001,-.1294951778449598E-001
14500.15510990854,375.0000000000005,-96.86486809159203,6.296950071272375,2.620008158993500,.1261220772751137E-002,9382.980722665558,39.91341913732204,7.230898547211502,.3005941150716569,16.45127959379563,-.6204441431200526E-001,-.1294951778449582E-001
14500.15510990854,383.0162407181469,-96.49643708155284,6.307288575285574,2.603393477086598,-.7637880821684947E-003,9311.741845290217,40.04657521433879,7.156847179944093,.2887966036041643,16.36843542817958,-.7338470032080359E-001,-.1609433444024762E-001
14500.15510990854,400.5187386604230,-95.67132151481721,6.335343340506817,2.565642172456879,.6140083111143228E-003,9153.185074024512,40.40907498214629,6.987872606825762,.2620578386464211,16.19297369048709,-.5971601046099199E-001,-.8780069216949824E-002
14500.15510990854,424.4187988810962,-94.54380690039488,6.392481096165750,2.508708263143022,-.5621341536925437E-003,8938.726136991587,41.15249370798681,6.721551109110748,.2239762303008961,15.96874396302358,-.6106350444637524E-001,-.6334618382461129E-002
14500.15510990854,450.5812011189073,-93.28528044523981,6.497514828634106,2.437695945306143,.5648079705630948E-003,8702.358111350815,42.53688076307787,6.369612782775738,.1836598531455879,15.77062093152407,-.4650572229877115E-001,.1440823871420553E-002
14500.15510990854,474.4812613395653,-92.11878323166025,6.642447987481033,2.370386951461624,-.6210336452315370E-003,8486.112155605359,44.49283264564416,6.020869577673997,.1521248364093724,15.67549426545328,-.4914925048855650E-001,.3009455652613033E-002
14500.15510990854,491.9837592818488,-91.23769144577773,6.801219506520477,2.310425005686502,.7796750531336440E-003,8324.585074833965,46.69818221486302,5.714847319347556,.1372507884748327,15.63137124069135,-.3469618696277856E-001,.8115643251736459E-002
14500.15510990854,499.9999999999977,-90.83305118004813,6.886307826222955,2.282347662694575,-.2780952659571138E-002,8250.929973566979,47.91238531463109,5.577306500847115,.1334010209958524,15.62047841445896,-.6019588750143713E-001,.2086135698400704E-002
14500.15510990854,499.9999999999993,-90.83305118004839,6.886307826222977,2.282347662694582,-.2780952659571145E-002,8250.929973567005,47.91238531463124,5.577306500847132,.1334010209958528,15.62047841445901,-.6019588750143734E-001,.2086135698400732E-002
14500.15510990854,508.0162407181474,-90.40551979902042,7.008501723633108,2.233783663148561,.1327532602284669E-002,8173.459875492896,49.65954390323230,5.346590423846843,.1322522689691358,15.53923407954402,-.2746039644047223E-001,.1107935681783854E-001
14500.15510990854,525.5187386604250,-89.44865547313115,7.299181166573462,2.119493691098102,-.1043241309157807E-002,8001.416746616451,53.96527568272372,4.844110976042131,.1396802186466911,15.27991785394877,-.3973337476061152E-001,.6781189876969292E-002
14500.15510990854,549.4187988810925,-88.00157696869164,7.870797649893536,1.840082910410766,.9572329828666306E-003,7744.772929084598,62.86781926749465,3.783938673765053,.1758758296614497,14.11917208218854,-.1588624512100722E-001,.1152605448373380E-001
14500.15510990854,575.5812011189098,-86.10332578166135,8.650327050126007,1.345131563041269,-.9539765737810426E-003,7414.686609644263,75.80499022732526,2.309633005170201,.2399961723621614,11.10765298432728,-.2338369772445643E-001,.8372749865844683E-002
14500.15510990854,599.4812613395654,-83.90487294703448,9.370210276602545,.7814186386437419,.1050120719539138E-002,7041.723759602261,88.47895659855772,1.090472308961198,.2902596679388215,6.888440727067919,.5024102585818807E-002,.6368252381525594E-002
14500.15510990854,616.9837592818517,-81.94857186123363,9.770099544454670,.4031400142019424,-.1364371070350248E-002,6717.968748987995,95.83094370849993,.5078074918505836,.3004054051910481,3.702299847147327,-.1529988100146349E-001,.2650293097932145E-002
14500.15510990854,625.0000000000007,-80.95977386427199,9.919223197370691,.2561946327264824,.3114694434179035E-002,6557.156961127084,98.67528912119980,.3483437581989326,.2949119997311490,2.378767079395016,.2967017721681483E-001,.1995740003184539E-002
14500.15510990854,625.0000000000039,-80.95977386427236,9.919223197370739,.2561946327264835,.3114694434179050E-002,6557.156961127113,98.67528912120021,.3483437581989340,.2949119997311501,2.378767079395026,.2967017721681495E-001,.1995740003184551E-002
14500.15510990854,633.0162407181493,-79.90979688972939,10.00779269871761,.1446016023306528,-.1038444871452266E-002,6388.432830324547,100.3440979237902,.2255587727887408,.2839669753540300,1.354632926537134,-.8923386971293412E-002,.4016976915729529E-003
14500.15510990854,650.5187386604227,-77.48999664671743,10.11507983864054,-.9978917772641861E-002,.8117677768457362E-003,6007.621206844755,102.4286964045171,.1108263004346631,.2449520144409005,-.1318587196813835,.8541323544911153E-002,-.2251704998071855E-003
14500.15510990854,674.4187988810944,-74.01462351944957,10.11276095912522,-.6026043374817398E-001,-.7395658210964770E-003,5480.625477394562,102.3606777528061,.7800444701550399E-001,.1874939520668789,-.6405710605614642,-.5873040388820158E-002,-.7379384573125097E-003
14500.15510990854,700.5812011189064,-70.15551599934135,10.07675529387620,-.4335238049919693E-001,.7360505029963397E-003,4923.628719594374,101.6096861461492,.5906324663265262E-001,.1374466147599643,-.4665992206063089,.6726280930907760E-002,.1901162242686990E-004
14500.15510990854,724.4812613395709,-66.61118952820317,10.03917454139976,-.1845078986605027E-001,-.8062096752306229E-003,4438.447099944187,100.8365137164737,.4490240681407225E-001,.1064745717257044,-.2090347906278460,-.7504261469495118E-002,-.4908187576379648E-003
14500.15510990854,741.9837592818463,-64.01030941737289,10.02355985755238,-.6241995130808866E-002,.1009985669668483E-002,4098.487907460232,100.5114218481185,.3587499752520228E-001,.8929019923000663E-001,-.8010797705743183E-001,.8837792549151218E-002,.2765385169986800E-003
14500.15510990854,750.0000000000015,-62.80049576020584,10.02479750152584,-.5873118780909532E-002,-.1581076744249302E-002,3944.996592689618,100.5372333693060,.3599657097568042E-001,.8430311587911724E-001,-.7677708868434061E-001,-.1562001392786123E-001,-.2765215200674093E-003
14500.15510990854,750.0000000000056,-62.80049576020620,10.02479750152590,-.5873118780909591E-002,-.1581076744249311E-002,3944.996592689638,100.5372333693065,.3599657097568063E-001,.8430311587911769E-001,-.7677708868434122E-001,-.1562001392786130E-001,-.2765215200674130E-003
14500.15510990854,758.0162407181422,-61.59675320294906,10.01793199958171,-.6890060975545641E-003,.4462335289834416E-003,3795.176155632205,100.3906644504995,.3010145756724842E-001,.7731636282104909E-001,-.2124181841666282E-001,.4250838892795100E-002,-.5143067214075504E-004
14500.15510990854,775.5187386604150,-58.92664271663116,10.02025029755013,.5159988426060337E-003,-.3590125697075237E-003,3473.235520822892,100.4323843989677,.2527744433507800E-001,.6656075364335289E-001,-.7398602448921321E-002,-.4066039565291397E-002,.4900676931149600E-004
14500.15510990854,799.4187988810949,-55.23251775456284,10.00902602015499,.2860360206775403E-002,.3290695942770368E-003,3051.353548491602,100.2035443012118,.2080478784346640E-001,.5404998059588585E-001,.1744844831528071E-001,.3072352781703102E-002,-.1184030902714864E-003
14500.15510990854,825.5812011189107,-51.12644086829646,10.00239951677449,.5263467869523475E-002,-.3297212799514273E-003,2614.493886878744,100.0650854927785,.1646096949910654E-001,.4368812824629274E-001,.4414150822232193E-001,-.3830688903043325E-002,-.1250042085720547E-003
14500.15510990854,849.4812613395625,-47.32180067834787,10.00215130357228,.7209098624304286E-002,.3636140104187088E-003,2239.830450988501,100.0573368080317,.1358031309002083E-001,.3626681722442634E-001,.6531090793856680E-001,.3323459758539638E-002,-.2966355774114639E-003
14500.15510990854,866.9837592818446,-44.50139633401587,10.00084211495691,.5570806271873582E-002,-.4654183554386251E-003,1980.788931148323,100.0298906669310,.1195105165301126E-001,.3200993987444573E-001,.4993750271365949E-001,-.5269221746630881E-002,-.2845827654014601E-003
14500.15510990854,874.9999999999990,-43.20365938475351,10.00109302781407,.4570830978366254E-002,.8915649543510314E-003,1866.943544484619,100.0355763553332,.1235155627794459E-001,.3052303372636934E-001,.4032038651134858E-001,.8463022513531510E-002,-.3649694462048375E-003
14500.15510990854,875.0000000000010,-43.20365938475364,10.00109302781410,.4570830978366255E-002,.8915649543510327E-003,1866.943544484625,100.0355763553335,.1235155627794463E-001,.3052303372636945E-001,.4032038651134870E-001,.8463022513531367E-002,-.3649694462048386E-003
14500.15510990854,883.0162407181449,-41.89465891616712,10.00231185824404,.2962676341035940E-002,-.2482404135095409E-003,1755.528213966880,100.0573314282755,.1051318881384373E-001,.2866273217907974E-001,.2479353019602897E-001,-.2960325928882807E-002,-.3777448876585489E-003
14500.15510990854,900.5187386604171,-39.01987815626087,10.00469767199373,.1002583757561180E-002,.1937298296220411E-003,1522.871260519310,100.1036659322234,.9357093894614974E-002,.2544124013923695E-001,.5832919542692144E-002,.1256786438323419E-002,-.3819428239445999E-003
14500.15510990854,924.4187988810968,-35.03987365054822,10.00262555338720,.2300630560130627E-002,-.1757236546989420E-003,1228.061297850588,100.0611128289874,.8202759279857211E-002,.2173511111398183E-001,.1935402719779331E-001,-.2401427381513195E-002,-.5504220220937805E-003
14500.15510990854,950.5812011189056,-30.62211782894551,10.00134917752909,.2373285205755629E-002,.1756071304071251E-003,937.9345971510867,100.0341244487995,.6884441485972731E-002,.1837536456064912E-001,.2090360500599331E-001,.9517355075625948E-003,-.5616071147707066E-003
14500.15510990854,974.4812613395675,-26.52676182575045,10.00163311722000,.2978987936397736E-002,-.1928406033749421E-003,703.8549508918611,100.0390229769460,.6242144463986828E-002,.1593864318784341E-001,.2735194351384552E-001,-.2584484559204757E-002,-.5860248614043271E-003
14500.15510990854,991.9837592818476,-23.49532110940583,9.999448473230688,.3477249843657030E-002,.2446034388666565E-003,552.1930743470832,99.99485548675941,.5719536232107377E-002,.1439708717121583E-001,.3279231954088233E-001,.1694940508867706E-002,-.5175902573139184E-003
14500.15510990854,999.9999999999980,-22.09540440651520,10.00116400277209,.1701266818110550E-002,-.4105380557162409E-003,488.3619994197863,100.0298748328166,.6278077150484595E-002,.1417491546623465E-001,.1495636425307767E-001,-.4609351760223420E-002,-.5967116768088416E-003
14500.15510990854,999.9999999999980,-22.09540440651520,10.00116400277209,.1701266818110548E-002,-.4105380557162400E-003,488.3619994197862,100.0298748328166,.6278077150484593E-002,.1417491546623464E-001,.1495636425307765E-001,-.4609351760223411E-002,-.5967116768088416E-003
14500.15510990854,1008.016240718138,-20.69256202049996,10.00105203652258,.2008408519175444E-002,.9885909036172415E-004,428.3276543615067,100.0262171837656,.5166860872183081E-002,.1324643376513004E-001,.1841084824236587E-001,.3089587261923092E-003,-.5041097018208595E-003
14500.15510990854,1025.518738660421,-17.60213137187736,10.00348082888577,.8599635341070104E-003,-.7812263631792231E-004,309.9648213675618,100.0741035277626,.4527875763855536E-002,.1211927163667601E-001,.7196024307270135E-002,-.1404922670575256E-002,-.4949359463282944E-003
14500.15510990854,1049.418798881096,-13.33317836092730,10.00231221355866,.2384529232162206E-002,.7118740328312229E-004,177.8837855033645,100.0501777078111,.4002619373952312E-002,.1072339788484435E-001,.2273679368777499E-001,.1132976734831218E-003,-.4817886084465940E-003
14500.15510990854,1075.581201118908,-8.594403039845004,10.00221115193217,.2639920033875661E-002,-.7121809950128553E-004,73.95661872043806,100.0476066864791,.3570727721677528E-002,.9483689433512096E-002,.2565790972860583E-001,-.1313341742949505E-002,-.4951340959973003E-003
14500.15510990854,1099.481261339562,-4.208070155049997,10.00230079787347,.3260414545494944E-002,.7839801362446574E-004,17.78703244824628,100.0491552767902,.3412560424298664E-002,.8537803930220631E-002,.3214430938156471E-001,.1737631544498908E-003,-.5310316739521118E-003
14500.15510990854,1116.983759281850,-.9607127637707296,10.00039538907687,.3894242938416565E-002,-.9996086885111688E-004,.9939177809990496,100.0109982215689,.3365811535090693E-002,.7985876988532720E-002,.3861560623661023E-001,-.1609385382170134E-002,-.5316606901099507E-003
14500.15510990854,1125.000000000006,.5349267287664656,10.00154768211449,.2766846555266407E-002,.1411910302335524E-003,.3531229986318607,100.0344440891933,.3643093273459675E-002,.8023219333916597E-002,.2740268196473507E-001,.8492738221361684E-003,-.5485378868148416E-003
14500.15510990854,1125.000000000003,.5349267287664642,10.00154768211447,.2766846555266402E-002,.1411910302335491E-003,.3531229986318598,100.0344440891930,.3643093273459665E-002,.8023219333916577E-002,.2740268196473499E-001,.8492738221361779E-003,-.5485378868148401E-003
14500.15510990854,1133.016240718150,2.038963867350390,10.00261926754333,.2215997037836323E-002,-.1456928552298555E-004,4.221589030650664,100.0551947155278,.3156330696670356E-002,.7545511703739856E-002,.2195413324418980E-001,-.7573392217594165E-003,-.5312507376646155E-003
14500.15510990854,1150.518738660425,5.342996650000282,10.00323619856012,.2303978005604854E-002,.1132354736948051E-004,28.60521861907150,100.0673266324432,.2974206798868683E-002,.7105550251973167E-002,.2292257462981864E-001,-.5519204287605618E-003,-.5257308533374778E-003
14500.15510990854,1174.418798881095,9.905600630772515,10.00283515711503,.3284121917415761E-002,-.1024198224349111E-004,98.17118643669495,100.0591004612300,.2858834084456087E-002,.6603486115052397E-002,.3273262188907446E-001,-.7434028437304802E-003,-.5357972689814779E-003
14500.15510990854,1200.581201118908,14.96372870561597,10.00240048468868,.2718423652712574E-002,.1023624477877722E-004,223.9563883879886,100.0502133872280,.2769826516154414E-002,.6198879643557100E-002,.2718993675098984E-001,-.6053074228276178E-003,-.5578536899133853E-003
14500.15510990854,1224.481261339567,19.64340672285152,10.00233583067892,.3488431892626411E-002,-.1120985106860251E-004,385.9015365532155,100.0488285243489,.2786690346584236E-002,.5916491868131381E-002,.3495171147784835E-001,-.8037182402135454E-003,-.6279891707784034E-003
14500.15510990854,1241.983759281857,23.10500734176902,10.00084600553430,.3298535236681871E-002,.1415440237311069E-004,533.8760000254753,100.0190201158227,.2832079187690169E-002,.5754537575256560E-002,.3314778780000383E-001,-.6125258425691451E-003,-.6329077329336450E-003
14500.15510990854,1249.999999999995,24.70046311032934,10.00226827940204,.2743853377315347E-002,-.7267743523295541E-005,610.1464372552025,100.0478277513546,.3115523207670176E-002,.5947512962266650E-002,.2755397877603441E-001,-.7124058328011502E-003,-.6981413546999901E-003
14500.15510990854,1250.000000000008,24.70046311032958,10.00226827940213,.2743853377315362E-002,-.7267743523300610E-005,610.1464372552082,100.0478277513555,.3115523207670207E-002,.5947512962266707E-002,.2755397877603463E-001,-.7124058328011767E-003,-.6981413546999968E-003
14500.15510990854,1258.016240718153,26.30176375559080,10.00236260496790,.1816116674878757E-002,-.7271350422722000E-005,691.8147702351421,100.0492850510539,.2811726143107097E-002,.5643550283462913E-002,.1840619129939960E-001,-.8250635357973904E-003,-.6407418086341699E-003
14500.15510990854,1275.518738660422,29.82111806531612,10.00277458612687,.2040076141539993E-002,.5652308094979521E-005,889.3286952634087,100.0573679586143,.2776019163000100E-002,.5516741457009472E-002,.2070571559360565E-001,-.7093426142042749E-003,-.6372269762339915E-003
14500.15510990854,1299.418798881096,34.67618525899186,10.00259462508320,.2616819197707357E-002,-.5105485311820881E-005,1202.464383872836,100.0536734792064,.2714973899424606E-002,.5354309148005275E-002,.2655046142355499E-001,-.8264143167961346E-003,-.5875515261679122E-003
14500.15510990854,1325.581201118905,40.05523241208684,10.00181954503425,.2835729901355758E-002,.5108357975724725E-005,1604.445547931776,100.0381202273542,.2686907601814155E-002,.5217898315345045E-002,.2881839483126612E-001,-.7181434068398813E-003,-.5573736558019208E-003
14500.15510990854,1349.481261339568,45.02754457903463,10.00229956815403,.2998664810200920E-002,-.5585010758828786E-005,2027.501521668316,100.0477058258646,.2694742844611709E-002,.5148297823564192E-002,.3048856892115200E-001,-.8144014477384862E-003,-.5238766328979047E-003
14500.15510990854,1366.983759281844,48.70404246220050,10.00086736935189,.3305453399891946E-002,.7061399825064433E-005,2372.104224337143,100.0191043946300,.2711107351182995E-002,.5155006041604207E-002,.3355012645046855E-001,-.6827697929943409E-003,-.5348219882302910E-003
14500.15510990854,1375.000000000005,50.39758015867519,10.00219846384260,.1578084596106691E-002,-.2581337069397147E-004,2539.935887550853,100.0460350932270,.2932362016274643E-002,.5382423818877572E-002,.1622813002112382E-001,-.9645354941230340E-003,-.5386709446870828E-003
14500.15510990854,1375.000000000025,50.39758015867596,10.00219846384275,.1578084596106722E-002,-.2581337069397136E-004,2539.935887550891,100.0460350932286,.2932362016274688E-002,.5382423818877657E-002,.1622813002112419E-001,-.9645354941229872E-003,-.5386709446870910E-003
14500.15510990854,1383.016240718153,52.09764049100126,10.00198112219944,.1664367652918215E-002,.1462441234814486E-004,2714.183509927313,100.0413083070043,.2636271968880228E-002,.5185214994018721E-002,.1713577030108945E-001,-.6161810415457290E-003,-.5452318638213893E-003
14500.15510990854,1400.518738660420,55.83167164335464,10.00244243608192,.1262592923342585E-002,-.1151515966952806E-004,3117.193784121190,100.0504151288467,.2562153610100261E-002,.5211437386188692E-002,.1309653321181374E-001,-.9210513110816405E-003,-.5673550312620151E-003
14500.15510990854,1424.418798881092,60.97981583502796,10.00173487306633,.2094163045512362E-002,.1049563927177529E-004,3718.554890719495,100.0361540717815,.2491784931021408E-002,.5259650672185905E-002,.2140552894876169E-001,-.7414117086599215E-003,-.6425830962022584E-003
14500.15510990854,1450.581201118911,66.67955385332958,10.00133066856188,.9235676374501759E-003,-.1049145439901186E-004,4446.178526318703,100.0280327500596,.2498582200675023E-002,.5312625828635411E-002,.9704713166729651E-002,-.1021379929964643E-002,-.7312217959822039E-003
14500.15510990854,1474.481261339574,71.94498122484649,10.00082284560126,.1607956566100147E-002,.1156109305758420E-004,5176.094945184736,100.0178585563310,.2488398645741021E-002,.5408607978391596E-002,.1656347797323606E-001,-.8409743686848027E-003,-.8105386066491038E-003
14500.15510990854,1491.983759281850,75.83614068686796,10.00027546012704,.8133642432257247E-003,-.1474874033277520E-004,5751.134119518279,100.0069497776638,.2453837488735411E-002,.5533497510336964E-002,.8608252965514464E-002,-.1141708204632254E-002,-.8514325942218305E-003
14500.15510990854,1499.999999999997,77.62809719536251,10.00028813849217,.8558280251516528E-003,.2896553923466575E-004,6026.135167628499,100.0074668166922,.2602067149303899E-002,.5788151883741989E-002,.9004272520341144E-002,-.6470149049497935E-003,-.8945093200936137E-003
14500.15510990854,1500.000000000005,77.62809719536301,10.00028813849223,.8558280251516589E-003,.2896553923466467E-004,6026.135167628539,100.0074668166929,.2602067149303915E-002,.5788151883742023E-002,.9004272520341134E-002,-.6470149049497623E-003,-.8945093200936193E-003
14500.15510990854,1508.016240718153,79.42652156835733,10.00104654280037,-.8199792614258326E-003,-.8767533511273374E-005,6308.585638508765,100.0223241516145,.2358619472156175E-002,.5655174429709297E-002,-.7725314488680099E-002,-.1094198924658318E-002,-.8912739845241930E-003
14500.15510990854,1525.518738660410,83.37526308848945,10.00063302303767,-.4146001764254890E-003,.6875945325651896E-005,6951.447288960707,100.0139567727809,.2179007683609960E-002,.5745684951578796E-002,-.3688426373041672E-002,-.9687570819376275E-003,-.9131882688003003E-003
14500.15510990854,1549.418798881102,88.81642726284623,10.00060872211295,-.3582935192739171E-003,-.6234224680033620E-005,7888.369876512224,100.0134209899083,.2063322806114486E-002,.5815069766527355E-002,-.3129637554610376E-002,-.1113002270630627E-002,-.9530527672242622E-003
14500.15510990854,1575.581201118908,94.83690726952672,9.999939968844590,-.4301929675553393E-004,.6237560593417148E-005,8994.050572280878,100.0000379231525,.2068852990387940E-002,.5796154314543900E-002,.4591414977527398E-004,-.1008332319212982E-002,-.9957962803514879E-003
14500.15510990854,1599.481261339566,100.3954056409780,10.00035414564485,-.4324929030563360E-003,-.6836820123007348E-005,10079.24864687294,100.0083316868394,.2175779366169962E-002,.5732162597088547E-002,-.3811384455338196E-002,-.1137286276864087E-002,-.1034349955835245E-002
14500.15510990854,1616.983759281847,104.5010507895175,9.999253949589825,.5102780531557197E-004,.8658347083423780E-005,10920.48058516020,99.98638334528952,.2263179419721643E-002,.5704771332947721E-002,.1054920224131546E-002,-.9925731158710082E-003,-.1049474213189747E-002
14500.15510990854,1624.999999999999,106.3913469208725,10.00182616844075,-.2097918942285701E-002,-.1763543020465012E-004,11319.12955932457,100.0380490465297,.2476304924035941E-002,.5884203344696167E-002,-.2045696373976839E-001,-.1169765609626830E-002,-.1078821637501291E-002
14500.15510990854,1625.000000000008,106.3913469208728,10.00182616844077,-.2097918942285708E-002,-.1763543020465142E-004,11319.12955932459,100.0380490465299,.2476304924035947E-002,.5884203344696179E-002,-.2045696373976843E-001,-.1169765609626823E-002,-.1078821637501293E-002
14500.15510990854,1633.016240718139,108.2879513534597,10.00026618506457,-.1384307194142524E-002,.6212009434740763E-005,11726.29122161541,100.0066230191906,.2287606391402175E-002,.5683193723492846E-002,-.1327330562523723E-001,-.1009672177095042E-002,-.1053508013072757E-002
14500.15510990854,1650.518738660408,112.4513550561069,10.00126282655239,-.1819332912476232E-002,-.4904171717368968E-005,12645.31793564747,100.0265064677104,.2281109142577366E-002,.5638402778759904E-002,-.1758853088157404E-001,-.1109308400354387E-002,-.1056796197634326E-002
14500.15510990854,1674.418798881097,118.1855907332638,9.999674056080142,-.4732354946991294E-003,.4476451056354487E-005,13967.84447399229,99.99471014293727,.2266644162057384E-002,.5527551720280030E-002,-.4096161556600231E-002,-.1027284176898695E-002,-.1047482447268390E-002
14500.15510990854,1700.581201118914,124.5269677413187,10.00125071444129,-.1555000647156625E-002,-.4475448162641750E-005,15506.97629643402,100.0262217950233,.2246716633276541E-002,.5337551156215851E-002,-.1492996711785369E-001,-.1119148939342494E-002,-.1054788564039331E-002
14500.15510990854,1724.481261339552,130.3785570469215,9.999377338546605,.6960789745465547E-004,.4939903956350286E-005,16998.57882438806,99.98876879965205,.2228193970261761E-002,.5144012618215338E-002,.1291549372982023E-002,-.1069637812321462E-002,-.1066903092227461E-002
14500.15510990854,1741.983759281854,134.6986148255149,10.00114045352631,-.6611485687668575E-003,-.6326538455617408E-005,18143.72758402903,100.0240440918486,.2222115309740779E-002,.5072006467137647E-002,-.6044292976408981E-002,-.1197007769452856E-002,-.1089734519472663E-002
14500.15510990854,1749.999999999983,136.6869456845508,9.997618047190240,-.6274862418255741E-003,.1578265623109978E-004,18683.33197251128,99.95379204996381,.2309560284243582E-002,.5192025745687425E-002,-.5706689119835498E-002,-.9708988682496150E-003,-.1118317981636695E-002
14500.15510990854,1750.000000000017,136.6869456845533,9.997618047190425,-.6274862418255880E-003,.1578265623109924E-004,18683.33197251163,99.95379204996567,.2309560284243624E-002,.5192025745687521E-002,-.5706689119835584E-002,-.9708988682496319E-003,-.1118317981636716E-002
14500.15510990854,1758.016240718161,138.6816070569202,10.00145044077387,-.2460953422089481E-002,-.6329106896329367E-005,19232.59900767507,100.0302402679861,.2220174628256487E-002,.5004849637517414E-002,-.2404213982907986E-001,-.1236970070637733E-002,-.1101535975550219E-002
14500.15510990854,1775.518738660420,143.0593439234603,9.998347372385819,-.3154998971470680E-002,.4948257001939052E-005,20465.98697068801,99.96819933707218,.2210904293234142E-002,.4801384510366840E-002,-.3095233678667794E-001,-.1208103148542924E-002,-.1126464056703793E-002
14500.15510990854,1799.418798881107,149.0866918583954,9.999784506036747,-.1126036169553649E-002,-.4488337251566085E-005,22226.85307392871,99.99710275272808,.2403526863696521E-002,.4321507433265471E-002,-.1058026344959475E-001,-.1343961309735677E-002,-.1162353314920192E-002
14500.15510990854,1825.581201118914,155.7491631917853,9.988789290802796,-.6521022316215791E-002,.4488601302982072E-005,24257.81358166634,99.77780098443158,.3063839165125447E-002,.3275880935310153E-002,-.6413367918003932E-001,-.1324754242487421E-002,-.1180202786579332E-002
14500.15510990854,1849.481261339561,161.8939424757737,9.988202340348389,-.8679410602208899E-002,-.4928497857079284E-005,26209.66055756804,99.76592171564134,.2894702706546690E-002,.2140916890903104E-002,-.8572869381672579E-001,-.1139218556736495E-002,-.9071600391678224E-003
14500.15510990854,1866.983759281861,166.4291995041099,9.993794936089220,-.4825198142390984E-002,.6269211651658836E-005,27698.69039187482,99.87717472493364,.2007327148605174E-002,.1413351474280087E-002,-.4758958920702226E-001,-.5643627274352494E-003,-.5319769402398470E-003
14500.15510990854,1874.999999999985,168.5163261469354,9.996253351933404,-.2892301126321842E-002,-.1153929653810459E-004,28397.76408022629,99.92609460245387,.1527417885336864E-002,.1199503514476669E-002,-.2849402455648900E-001,-.5296623048506676E-003,-.3841701028763466E-003
14500.15510990854,1875.000000000024,168.5163261469388,9.996253351933596,-.2892301126321896E-002,-.1153929653810512E-004,28397.76408022684,99.92609460245578,.1527417885336894E-002,.1199503514476692E-002,-.2849402455648959E-001,-.5296623048506857E-003,-.3841701028763542E-003
14500.15510990854,1883.016240718141,170.6097312125450,9.997478430042669,-.1923111879302312E-002,.3264542973248097E-005,29107.69220804462,99.95039751264426,.1252015812670865E-002,.8951967957625587E-003,-.1883026183903095E-001,-.2880485751348981E-003,-.2609607758542487E-003
14500.15510990854,1900.518738660420,175.2027823159279,9.999172163853133,-.6479408664407270E-003,-.2566925649181114E-005,30696.02656015153,99.98391533660634,.7156880581201382E-003,.5182501912645203E-003,-.6283919844040461E-002,-.1488233610355995E-003,-.1038751658895264E-003
14500.15510990854,1924.418798881097,181.5232916423076,9.999821482400694,-.1463391823318687E-003,.2335457425647352E-005,32950.71680786649,99.99679124903108,.5042209928787484E-003,.2438395448062724E-003,-.1325161982250980E-002,-.1484727833475663E-004,-.3277849047477676E-004
14500.15510990854,1950.581201118912,188.5063768974921,9.999934667122613,-.5417059118791099E-004,-.2335298671157607E-005,35534.66534029419,99.99898626468705,.4148466651730354E-003,.8681467549233692E-004,-.4462555265960025E-003,-.2877618521803665E-004,-.5995582934582197E-005
14500.15510990854,1974.481261339550,194.9443348747610,10.00000381764976,.2474181449427454E-005,.2567926725886796E-005,38003.30484791072,100.0003996495792,.4332394152676279E-003,.2191143850894841E-004,.1344540409686339E-003,.2439615497254404E-004,-.1927157943925796E-005
14500.15510990854,1991.983759281852,199.6943710630541,9.999970802623320,-.1304855544847052E-004,-.3267622236319698E-005,39877.85293658347,99.99970174488797,.3983210887556275E-003,.2943662391714172E-005,-.4742562583790952E-004,-.3110283888645733E-004,-.1286074817756894E-005
14500.15510990854,1999.999999999968,201.8798701036778,9.999999999999938,.000000000000000E+000,.000000000000000E+000,40755.49326433225,99.99999999999952,.000000000000000E+000,.000000000000000E+000,.000000000000000E+000,.000000000000000E+000,.000000000000000E+000
15000.04593155990,.000000000000000E+000,-114.6277822752384,3.948520844009463,1.916382304131477,.000000000000000E+000,13139.80615006529,15.86331896848473,3.976328769525797,.000000000000000E+000,7.531092913312390,.000000000000000E+000,.000000000000000E+000
15000.04593155990,8.016240718149545,-114.1693907295713,4.307418894571811,2.088583881965988,.3299566017233514E-004,13034.92526907081,18.89265808707767,4.719566508465564,.1846994022729428E-002,8.962686781604010,-.1207707104585628E-001,-.4264095328952937E-002
15000.04593155990,25.51873866042869,-113.2149955320804,4.986795584275143,2.409062973339424,-.2676752203745582E-004,12817.90981395680,25.35223257209379,6.244983587896909,.2007363300561828E-001,12.00052185913797,-.5377176616607728E-001,-.1897108453814795E-001
15000.04593155990,49.41879888109523,-112.0017385809164,5.618873189317891,2.714082317399130,.2393540819881914E-004,12544.66315011084,32.14824593797984,7.861358325157923,.7092702621077103E-001,15.25178283830679,-.1116681804910430,-.3874712506525532E-001
15000.04593155990,75.58120111890503,-110.7631496516860,5.958204884032140,2.895491079898404,-.2484366917362242E-004,12268.74497876286,36.04289760203326,8.876641624993868,.1419359631099320,17.24292471124969,-.1413591584731141,-.4755584673241667E-001
15000.04593155990,99.48126133957076,-109.6739127370186,6.088315547704841,2.976441349267327,.2539679896714116E-004,12028.63187419535,37.53627575779531,9.320881555534241,.2065126476752166,18.10380209838626,-.1474100970273758,-.4741776273405309E-001
15000.04593155990,116.9837592818501,-108.8870003544855,6.133568369204522,3.005982402062400,-.3350515155437959E-004,11856.64018601851,38.03673759623893,9.468359832862919,.2497402399903856,18.42041300426359,-.1467678696743982,-.4589320440334670E-001
15000.04593155990,124.9999999999995,-108.5263041600681,6.147711783458163,3.013524433210885,.1752057823280087E-003,11778.21814991882,38.18928965889000,9.499384196300301,.2677670368307272,18.51095385964113,-.1447956992103204,-.4438782074351015E-001
15000.04593155990,124.9999999999989,-108.5263041600676,6.147711783458133,3.013524433210869,.1752057823280024E-003,11778.21814991877,38.18928965888981,9.499384196300252,.2677670368307258,18.51095385964104,-.1447956992103197,-.4438782074350996E-001
15000.04593155990,133.0162407181498,-108.1675655813369,6.157993506456133,3.017717818471277,-.1166339835572230E-003,11700.47996248730,38.29649822208319,9.510138990141838,.2848870737497009,18.56997955840870,-.1449252587379664,-.4412614071935280E-001
15000.04593155990,150.5187386604267,-107.3797231747524,6.174436105311070,3.018499299592312,.9186497908965927E-004,11530.65776891991,38.46455004689910,9.483412082511368,.3176350109064920,18.62961451651982,-.1400458237381117,-.4091749465121607E-001
15000.04593155990,174.4187988810964,-106.2992629492066,6.186774821995947,3.006827898376000,-.8567267052239256E-004,11299.77803235198,38.58265310463875,9.375348441994133,.3524753192303091,18.60005882545795,-.1350441260781410,-.3730765345082361E-001
15000.04593155990,200.5812011189036,-105.1049192584180,6.194323264867730,2.984619728043706,.8401300738348659E-004,11047.27953220232,38.65201123499591,9.210219473263777,.3776818852522171,18.48981030633894,-.1268058249337992,-.3175470823067701E-001
15000.04593155990,224.4812613395718,-104.0050709936835,6.198898658819195,2.958512165223325,-.9342348327852443E-004,10817.28287307429,38.69621248819987,9.034596314450152,.3901191325583103,18.34292580129254,-.1207998669548819,-.2748197966547979E-001
15000.04593155990,241.9837592818481,-103.1926707051454,6.203346187392029,2.935309003728996,.1121955052026608E-003,10648.95034753465,38.74654496028168,8.888809403815618,.3933607730156222,18.20994231332634,-.1142650887105561,-.2375062442340627E-001
15000.04593155990,249.9999999999999,-102.8209228057324,6.205851569629722,2.923312721398746,-.4537040812831409E-003,10572.36301716792,38.77626432703190,8.816123562250189,.3933967756118825,18.14093071963916,-.1153076303959078,-.2389475537814628E-001
15000.04593155990,249.9999999999981,-102.8209228057316,6.205851569629679,2.923312721398726,-.4537040812831188E-003,10572.36301716784,38.77626432703161,8.816123562250127,.3933967756118796,18.14093071963903,-.1153076303959071,-.2389475537814614E-001
15000.04593155990,258.0162407181497,-102.4441701429877,6.209086448392690,2.910803103825882,.2729983609620033E-003,10495.02652848950,38.81557164299035,8.742017556172350,.3921898398544847,18.07042292949769,-.1083478186764236,-.2047666889072954E-001
15000.04593155990,275.5187386604276,-101.6238535470374,6.216893305818770,2.881968548496371,-.2205235360956412E-003,10327.62082330309,38.91108798867980,8.576812045793353,.3863970984087174,17.90794178894725,-.1061949835057713,-.1881261081337664E-001
15000.04593155990,299.4187988810972,-100.4919397776123,6.230775656556723,2.840663280757085,.2006278999404027E-003,10098.83570942469,39.08216995985340,8.351689575390136,.3709010565403326,17.68167675550705,-.9593071373290776E-001,-.1361919869392458E-001
15000.04593155990,325.5812011189054,-99.24445081548379,6.251154534235078,2.794203383148271,-.2013528304759676E-003,9849.659366405904,39.33470655714861,8.112240396860543,.3450893460920287,17.43833146417732,-.8966656161534661E-001,-.1069996748692044E-001
15000.04593155990,349.4812613395671,-98.09322053561108,6.274895994336711,2.749753468084360,.2193397425112537E-003,9622.473067093810,39.63092438929350,7.892870637029731,.3144978427849505,17.21774173483310,-.7887323127808454E-001,-.6436491231494208E-002
15000.04593155990,366.9837592818539,-97.24772881822162,6.296151811007251,2.714823584623372,-.2692187078525907E-003,9457.311755494306,39.89771071928124,7.724479489609152,.2893390280470916,17.05270572720297,-.7639085483326610E-001,-.5563453575852979E-002
15000.04593155990,375.0000000000026,-96.85500739928962,6.307571640961315,2.697919984923144,.1026929342747494E-002,9381.083053473802,40.04142026245762,7.643737617870309,.2772714707757259,16.97649318837875,-.6542441717109290E-001,-.1257982979180793E-002
15000.04593155990,375.0000000000005,-96.85500739928901,6.307571640961274,2.697919984923127,.1026929342747504E-002,9381.083053473740,40.04142026245734,7.643737617870261,.2772714707757242,16.97649318837865,-.6542441717109257E-001,-.1257982979180833E-002
15000.04593155990,383.0162407181469,-96.46993418979766,6.320377523019748,2.680442254332843,-.6178475186056015E-003,9306.639208561017,40.20348715562861,7.559694665610494,.2652405673201483,16.90066703677916,-.7390574195735611E-001,-.4380602196794956E-002
15000.04593155990,400.5187386604230,-95.61265594291871,6.353121294478273,2.641864116507186,.4958752498229056E-003,9141.973595727177,40.62020042414323,7.373935791382893,.2386292364352914,16.74622915444798,-.6105595362485507E-001,.4107990635500991E-003
15000.04593155990,424.4187988810962,-94.44237448338049,6.413372390274215,2.588431038694565,-.4539211800919959E-003,8919.565416401565,41.39851234452252,7.109516142736410,.2030470428139630,16.56899520983263,-.6048197722658050E-001,.1114640214066312E-002
15000.04593155990,450.5812011189073,-93.14142001051792,6.517413594594331,2.528462104334872,.4559042623599316E-003,8675.545678125087,42.77143981364127,6.798880726681370,.1673220860464669,16.45286489917476,-.4589508186600337E-001,.6272752107446974E-002
15000.04593155990,474.4812613395653,-91.93663279511929,6.660569355738036,2.468454962400682,-.5017689902356371E-003,8452.591269386536,44.71317843532274,6.479763818778524,.1409384702913956,16.40893705413509,-.4445893321462892E-001,.6733499188769968E-002
15000.04593155990,491.9837592818488,-91.02889245875321,6.814504336681974,2.408686905213984,.6325219080501330E-003,8286.530100849341,46.86319760648929,6.171669843726789,.1298309615231791,16.36090400702775,-.2957310586926431E-001,.1081467065455431E-001
15000.04593155990,499.9999999999977,-90.61064165805357,6.895441390543974,2.379444403487769,-.2223726336308675E-002,8210.575728331089,48.02314429261178,6.028555446972103,.1278857126623065,16.33405670239592,-.4953104578864340E-001,.5969446344741913E-002
15000.04593155990,499.9999999999993,-90.61064165805385,6.895441390543997,2.379444403487777,-.2223726336308682E-002,8210.575728331116,48.02314429261192,6.028555446972122,.1278857126623069,16.33405670239597,-.4953104578864354E-001,.5969446344741923E-002
15000.04593155990,508.0162407181474,-90.17337793804680,7.011203838734449,2.329428841414377,.1023289805551708E-002,8131.539882868015,49.67600408627381,5.786571731964267,.1283900955182655,16.23609510164304,-.2119366023864620E-001,.1301250652116642E-001
15000.04593155990,525.5187386604250,-89.19235439463336,7.280436282511848,2.211353818430534,-.8001891565603662E-003,7955.630323255342,53.65408372911958,5.258624544588089,.1391070892635012,15.91593234164132,-.2887065447276933E-001,.9112328556906050E-002
15000.04593155990,549.4187988810925,-87.72443536908733,7.796529431769111,1.938218527349120,.7342364835944208E-003,7696.078326724702,61.63937328946304,4.192396060318873,.1771160070393626,14.73750627685343,-.9322558091656897E-002,.1151918995013716E-001
15000.04593155990,575.5812011189098,-85.83403727820452,8.514735609383616,1.475727514045238,-.7303268341413377E-003,7368.430199178422,73.43884664017072,2.728633380919364,.2436588769511078,12.01185931272587,-.1611078870256909E-001,.7343450897280026E-002
15000.04593155990,599.4812613395654,-83.69317055359750,9.229351331361329,.9263695922039474,.8053600461590249E-003,7006.369635133283,85.88334159275678,1.411682206415538,.3026191205952206,8.056055450967051,.4818573380682272E-002,.5276466416789955E-002
15000.04593155990,616.9837592818517,-81.79761782332002,9.667673688366708,.5200123859763974,-.1050107013393876E-002,6693.477134766574,93.86441690587949,.6925660944131523,.3224871770446234,4.734567569366483,-.1186001579559088E-001,.3249480569359315E-002
15000.04593155990,625.0000000000007,-80.83684613425780,9.835767811542190,.3506257693957669,.2255702473692613E-002,6537.557221906997,97.04558817832155,.4711264999484874,.3208349564664294,3.242419171100328,.2121916457171138E-001,.3436000351513478E-002
15000.04593155990,625.0000000000039,-80.83684613425817,9.835767811542233,.3506257693957683,.2255702473692602E-002,6537.557221907026,97.04558817832199,.4711264999484893,.3208349564664308,3.242419171100342,.2121916457171159E-001,.3436000351513495E-002
15000.04593155990,633.0162407181493,-79.81057960673350,9.946808551789324,.2162832494968816,-.6790048598723483E-003,6372.931828499623,99.13962382331798,.2982749215560506,.3129327594944747,2.032746104111205,-.6025383199362451E-002,.2206821523647553E-002
15000.04593155990,650.5187386604227,-77.42805480486857,10.09038473313247,.1952999254083856E-001,.5297817608547521E-003,5998.482317405760,101.9362426652690,.1244472046236398,.2767467042515279,.1636012306508817,.5663843417111666E-002,.1550983781270902E-002
15000.04593155990,674.4187988810944,-73.97028164309802,10.11418249044705,-.5905148506979575E-001,-.4833147634536608E-003,5474.553751648027,102.4028032233491,.8401826703452270E-001,.2165278725165359,-.6313982667147946,-.2823617645073330E-002,-.2038882079676606E-003
15000.04593155990,700.5812011189064,-70.10864442552088,10.08368309050799,-.4986465017365355E-001,.4796819441529581E-003,4917.485711367715,101.7620035450630,.6657599086073837E-001,.1616123824117637,-.5379814760059640,.4488783099473665E-002,.5573812996910400E-003
15000.04593155990,724.4812613395709,-66.55659072785554,10.04925290891673,-.2560328351828478E-001,-.5251784987584565E-003,4431.537615489760,101.0504092456768,.5173169571754799E-001,.1267072645543925,-.2873396202581262,-.4652053581150291E-002,-.1125932432163444E-004
15000.04593155990,741.9837592818463,-63.94938446234551,10.03193051508405,-.1228905539243351E-001,.6534665514900373E-003,4091.008245617174,100.6880684072423,.4162709993803605E-001,.1071458842457208,-.1466400943263469,.5170649873825858E-002,.9571381479045591E-003
15000.04593155990,750.0000000000015,-62.73879417997539,10.03329824729236,-.1131116507142444E-001,-.8423145425474972E-003,3937.550027154061,100.7164569738856,.4156804325859960E-001,.1011092566132371,-.1374121273163683,-.8295335234713793E-002,-.2682773273476034E-004
15000.04593155990,750.0000000000056,-62.73879417997572,10.03329824729242,-.1131116507142451E-001,-.8423145425474883E-003,3937.550027154084,100.7164569738861,.4156804325859984E-001,.1011092566132376,-.1374121273163691,-.8295335234713902E-002,-.2682773273476402E-004
15000.04593155990,758.0162407181422,-61.53252327017220,10.02345409492388,-.5768424314053185E-002,.1969681928268349E-003,3787.549567180298,100.5091388955524,.3511812874421473E-001,.9331628318955698E-001,-.7803188635028002E-001,.1590684992166660E-002,.4892275355951703E-003
15000.04593155990,775.5187386604150,-58.86159582498179,10.02124748496256,-.1762224403944127E-002,-.1620112463146745E-003,3465.825281993898,100.4587077742864,.2953785162260981E-001,.8082854099621989E-001,-.3534555624663399E-001,-.2081502891896736E-002,.2814928366703927E-003
15000.04593155990,799.4187988810949,-55.16601873540922,10.00889603187675,.3476269117831881E-002,.1497641842696617E-003,3044.229760135870,100.2062625374435,.2428002057573351E-001,.6646155728835412E-001,.1997593512521756E-001,.1236526727111463E-002,.2959941171355832E-003
15000.04593155990,825.5812011189107,-51.05849211730444,10.00321008884580,.6654677086306162E-002,-.1503430865851725E-003,2607.734754434302,100.0866290440095,.1974834405379301E-001,.5425828044637627E-001,.5484391910456211E-001,-.1994663731305725E-002,.2795345654673884E-003
15000.04593155990,849.4812613395625,-47.25282250905651,10.00180902936509,.8874410321006778E-002,.1663712272769475E-003,2233.463754218509,100.0543289314454,.1650250535370559E-001,.4543019907363545E-001,.7920875080236506E-001,.1458134192651516E-002,.2290408157887082E-003
15000.04593155990,866.9837592818446,-44.43232119588076,10.00263886589619,.7468641802585876E-002,-.2146260682973694E-003,1974.786576951691,100.0694518989656,.1467940110556160E-001,.4023125331973970E-001,.6642766697349826E-001,-.2633487151487882E-002,.2283324563883358E-003
15000.04593155990,874.9999999999990,-43.13345629033341,10.00250640658156,.5688490077572621E-002,.3623344695115579E-003,1861.014937340879,100.0671421726654,.1492246856182436E-001,.3833824747089331E-001,.4922223271006418E-001,.3284145946559892E-002,.2589637591770993E-003
15000.04593155990,875.0000000000010,-43.13345629033353,10.00250640658160,.5688490077572642E-002,.3623344695115674E-003,1861.014937340885,100.0671421726658,.1492246856182441E-001,.3833824747089343E-001,.4922223271006433E-001,.3284145946559867E-002,.2589637591771015E-003
15000.04593155990,883.0162407181449,-41.82475923651113,10.00371080175713,.4010977098641113E-002,-.6248097266726028E-004,1749.803039897037,100.0884316696771,.1301100533045990E-001,.3610021489372661E-001,.3301935502915378E-001,-.8925747213708035E-003,.9365503322974361E-004
15000.04593155990,900.5187386604171,-38.94927515288390,10.00530263289925,.2749390237336994E-002,.4766690373515748E-004,1517.479603066966,100.1182664739919,.1137129213813238E-001,.3213694239156357E-001,.2124850232181923E-001,.2311064877594943E-004,.1651347014121615E-003
15000.04593155990,924.4187988810968,-34.96920477193811,10.00379482396491,.3655345896461473E-002,-.4287872445187272E-004,1223.211534497354,100.0866306732986,.9788905506397418E-002,.2760099880098668E-001,.3107985138004636E-001,-.7138163767694793E-003,-.4929960813457597E-004
15000.04593155990,950.5812011189056,-30.55055994835692,10.00198174918761,.3882776415331139E-002,.4275895883493891E-004,933.6393112258465,100.0482591427660,.8098107329539847E-002,.2347975868529718E-001,.3456251136196996E-001,.1554770666287522E-004,-.8187115353519458E-004
15000.04593155990,974.4812613395675,-26.45507498843864,10.00220399195578,.4005866248463904E-002,-.4677575754138789E-004,700.1274032024577,100.0518184316259,.7381244770366133E-002,.2046168749929791E-001,.3634315553672808E-001,-.8196941219157441E-003,-.3085487547308685E-003
15000.04593155990,991.9837592818476,-23.42302761092929,9.999412187140495,.4468745397526747E-002,.5883873160778680E-004,548.8635890783287,99.99535258792457,.6723541164020509E-002,.1851114389838607E-001,.4158485413551229E-001,.5550376136034818E-004,-.2923669763603980E-003
15000.04593155990,999.9999999999980,-22.02352565687106,10.00180350094899,.2630922134775961E-002,-.2365198190753095E-004,485.2507255473669,100.0439726273120,.7385811836071562E-002,.1813861627940821E-001,.2316720531138338E-001,-.5399704399918180E-003,-.5001176215072893E-003
15000.04593155990,999.9999999999980,-22.02352565687106,10.00180350094899,.2630922134775960E-002,-.2365198190753051E-004,485.2507255473668,100.0439726273120,.7385811836071561E-002,.1813861627940821E-001,.2316720531138338E-001,-.5399704399918076E-003,-.5001176215072892E-003
15000.04593155990,1008.016240718138,-20.61995662871083,10.00118117981260,.2503757148573568E-002,-.3435071389062396E-004,425.3843788573490,100.0298215313849,.6022201079902145E-002,.1703392797361530E-001,.2243929046594408E-001,-.8728050567569576E-003,-.3590694515807764E-003
15000.04593155990,1025.518738660421,-17.52952721402544,10.00364072515342,.1386277624895921E-002,.2661702751451415E-004,307.4647817234537,100.0783455890768,.5494885597590426E-002,.1560909426189816E-001,.1147183716199839E-001,-.2979873665521944E-003,-.4545719657336854E-003
15000.04593155990,1049.418798881096,-13.26001085501938,10.00265229558020,.2650799569305302E-002,-.2407650265430885E-004,175.9813826496587,100.0579266063929,.4873600778828638E-002,.1382253863520093E-001,.2460833971682759E-001,-.8530591958367667E-003,-.4179135283339715E-003
15000.04593155990,1075.581201118908,-8.521054427706801,10.00272070817246,.3237399759268263E-002,.2404694266558947E-004,72.73823172387085,100.0586766956076,.4382686516846538E-002,.1223970178441023E-001,.3098718792815574E-001,-.3810006230240692E-003,-.4392767496662530E-003
15000.04593155990,1099.481261339562,-4.134316690171869,10.00272863894772,.3804972634820294E-002,-.2635779361216716E-004,17.20351445852639,100.0584801914673,.4128217690778603E-002,.1102041486840492E-001,.3700021325234618E-001,-.8952715088131717E-003,-.4272689404676836E-003
15000.04593155990,1116.983759281850,-.8870857585868075,10.00103021717926,.3952749212423133E-002,.3331239266538433E-004,.8865981999147335,100.0243327806030,.4084197074401573E-002,.1034539787962418E-001,.3863319933757828E-001,-.3092055441807559E-003,-.4847477980349500E-003
15000.04593155990,1125.000000000006,.6090726125284576,10.00168005134175,.3214500133487698E-002,-.1379090378161173E-003,.4649956586630078,100.0378168111394,.4337010513731815E-002,.1029280063543818E-001,.3134349838668828E-001,-.1948980855570763E-002,-.4862644962161635E-003
15000.04593155990,1125.000000000003,.6090726125284560,10.00168005134172,.3214500133487687E-002,-.1379090378161134E-003,.4649956586630066,100.0378168111392,.4337010513731801E-002,.1029280063543815E-001,.3134349838668819E-001,-.1948980855570787E-002,-.4862644962161621E-003
15000.04593155990,1133.016240718150,2.112812336425573,10.00290133564728,.1960299055357402E-002,.8201752613242602E-004,4.554342810677591,100.0613593111294,.3827107184411731E-002,.9791781788095456E-002,.1888719392535979E-001,.1868975262036034E-003,-.5010118214316287E-003
15000.04593155990,1150.518738660425,5.417143863615439,10.00325261464664,.2093606408084904E-002,-.6459417480792840E-004,29.42657681179277,100.0680466881721,.3620537454744831E-002,.9214533133661981E-002,.2035635250948167E-001,-.1303883810867927E-002,-.4814653648751874E-003
15000.04593155990,1174.418798881095,9.979717483081563,10.00293775187378,.2878358838144895E-002,.5879780769386857E-004,99.66584071057736,100.0614694531420,.3409772882177574E-002,.8567334451062662E-002,.2837844440472317E-001,-.4578748381080938E-004,-.5022562872363729E-003
15000.04593155990,1200.581201118908,15.03807976287851,10.00257927801668,.2996586747314127E-002,-.5880148938403182E-004,226.2051538857157,100.0540697254773,.3237302614010231E-002,.7945566804253439E-002,.2974337213663042E-001,-.1232443489978727E-002,-.4731638924595246E-003
15000.04593155990,1224.481261339567,19.71752128397840,10.00267070636841,.4031789399805454E-002,.6469601558135364E-004,388.8350623429762,100.0557713469111,.3159420458315111E-002,.7516513503751402E-002,.4020281729149291E-001,.2050787837374474E-004,-.5065905484512054E-003
15000.04593155990,1241.983759281857,23.17924106777118,10.00159468810635,.4356834772834696E-002,-.8238344187866615E-004,537.3268115742902,100.0342468286061,.3162274522669912E-002,.7258073488374840E-002,.4357189987684566E-001,-.1459007754828920E-002,-.5161096283974836E-003
15000.04593155990,1249.999999999995,24.77440460668807,10.00301843851176,.2912570114992229E-002,.1961662511842962E-003,613.8193668881238,100.0631323491740,.3404679680596544E-002,.7434120754018492E-002,.2906171558572306E-001,.1399267592738875E-002,-.5744180644621625E-003
15000.04593155990,1250.000000000008,24.77440460668829,10.00301843851186,.2912570114992255E-002,.1961662511842971E-003,613.8193668881299,100.0631323491750,.3404679680596576E-002,.7434120754018565E-002,.2906171558572331E-001,.1399267592738913E-002,-.5744180644621684E-003
15000.04593155990,1258.016240718153,26.37600144841372,10.00262939222836,.2830304589038815E-002,-.7855732092001684E-004,695.7394276372268,100.0548522148930,.3047473392880814E-002,.7081887258336793E-002,.2838037897581985E-001,-.1417941827695744E-002,-.5565732356001003E-003
15000.04593155990,1275.518738660422,29.89517607935594,10.00345908206876,.2423031108660238E-002,.6170939203079028E-004,893.7643404557144,100.0713002841066,.2923074467557719E-002,.6908591719825789E-002,.2437599680733274E-001,-.4476916680691209E-004,-.6289964105081203E-003
15000.04593155990,1299.418798881096,34.75038387227730,10.00301368236853,.2630791504519426E-002,-.5609304293630046E-004,1207.627712733751,100.0622999533541,.2820042017666611E-002,.6672553508422704E-002,.2654398496082213E-001,-.1251270311015911E-002,-.7253274470664893E-003
15000.04593155990,1325.581201118905,40.12935181300557,10.00202051510486,.2293577204984382E-002,.5609852018408860E-004,1610.399737482919,100.0423553336016,.2770233876158110E-002,.6483431177587770E-002,.2322015216419841E-001,-.1571401620157065E-003,-.8191519996323769E-003
15000.04593155990,1349.481261339568,45.10173649057813,10.00222734492530,.2370955066446950E-002,-.6165937589695564E-004,2034.198371810887,100.0464235059912,.2801346029164954E-002,.6325460163779361E-002,.2405352376281142E-001,-.1354589304551792E-002,-.8623314899010471E-003
15000.04593155990,1366.983759281844,48.77807687818368,10.00125929894525,.2904886372725806E-002,.7842389211493237E-004,2379.330709845778,100.0271245001902,.2835436744912478E-002,.6253800633105635E-002,.2938670239379846E-001,.4711142783106644E-004,-.8763880750653830E-003
15000.04593155990,1375.000000000005,50.47184840267762,10.00208688164407,.1509476549151919E-002,-.1766813675416997E-003,2547.436351871931,100.0439527258776,.3044390204756049E-002,.6425260394664305E-002,.1538920897960350E-001,-.2471292085897478E-002,-.8858717336479550E-003
15000.04593155990,1375.000000000025,50.47184840267840,10.00208688164421,.1509476549151942E-002,-.1766813675416975E-003,2547.436351871971,100.0439527258792,.3044390204756095E-002,.6425260394664402E-002,.1538920897960387E-001,-.2471292085897431E-002,-.8858717336479684E-003
15000.04593155990,1383.016240718153,52.17168769215115,10.00224856538278,.1592617013315009E-002,.6736055927037408E-004,2721.913312778052,100.0468442104614,.2761141085162095E-002,.6193101517645917E-002,.1629291032204597E-001,-.6833802456816113E-004,-.8758748155323435E-003
15000.04593155990,1400.518738660420,55.90582500598133,10.00302601567392,.1641140702044037E-002,-.5295171119319762E-004,3125.487904969403,100.0623226753766,.2711179072241072E-002,.6113561566702648E-002,.1680559020355490E-001,-.1295954843055202E-002,-.8610965565409943E-003
15000.04593155990,1424.418798881092,61.05391716895141,10.00242055693465,.2847872355462135E-002,.4817512838011504E-004,3727.605596970109,100.0501844414874,.2704025686607828E-002,.6049056931746807E-002,.2893941970909539E-001,-.2807114775701947E-003,-.8573774698718319E-003
15000.04593155990,1450.581201118911,66.75384261997993,10.00220771786997,.1883859514430435E-002,-.4816941178350576E-004,4456.098345774039,100.0458824188697,.2736114942498540E-002,.6007129550428235E-002,.1937452698232014E-001,-.1264270688578260E-002,-.8296712451018293E-003
15000.04593155990,1474.481261339574,72.01925794609278,10.00187989883153,.2896793098947293E-002,.5298668731998184E-004,5186.794919935569,100.0392871014947,.2799576771195409E-002,.6025262794870735E-002,.2955316696200182E-001,-.2609994752155072E-003,-.8353468099322175E-003
15000.04593155990,1491.983759281850,75.91058013879490,10.00157162003448,.2071681244046549E-002,-.6744000496734987E-004,5762.436539224930,100.0331221104655,.2827636804990717E-002,.6075467061207889E-002,.2129998267854037E-001,-.1501051047990719E-002,-.8454303692836899E-003
15000.04593155990,1499.999999999997,77.70235520247208,10.00168772947926,.2234523585338708E-002,.1367066434032266E-003,6037.676108793981,100.0356843877088,.3021525466777948E-002,.6325495659979038E-002,.2288421055088059E-001,.5860567897635494E-003,-.8890871848660707E-003
15000.04593155990,1500.000000000005,77.70235520247256,10.00168772947933,.2234523585338734E-002,.1367066434032300E-003,6037.676108794019,100.0356843877095,.3021525466777968E-002,.6325495659979078E-002,.2288421055088076E-001,.5860567897634818E-003,-.8890871848660764E-003
15000.04593155990,1508.016240718153,79.50102568235042,10.00245654986171,.9619190962693713E-003,-.4494006566036239E-004,6320.432680593653,100.0507458114432,.2791579394385714E-002,.6145658504036095E-002,.1018683091753374E-001,-.1325544361806916E-002,-.8844833655700592E-003
15000.04593155990,1525.518738660410,83.44971725630613,10.00214249605596,.1417203368502004E-002,.3531954769294581E-004,6963.874264284035,100.0443682844123,.2723832502398692E-002,.6210634537308905E-002,.1474120234620618E-001,-.5981759906893251E-003,-.9722036098433272E-003
15000.04593155990,1549.418798881102,88.89105175045756,10.00199064719471,.1219189559031670E-002,-.3210531497375101E-004,7901.637239158918,100.0412948832060,.2717671433762837E-002,.6279781664386243E-002,.1276586559748810E-001,-.1401364802133837E-002,-.1091902225423074E-002
15000.04593155990,1575.581201118908,94.91150137771425,10.00094303301323,.1164786724733250E-002,.3210982555813748E-004,9008.210672281843,100.0203342782623,.2797299316778384E-002,.6349540039825817E-002,.1223917750185151E-001,-.8777620465329865E-003,-.1194945155704024E-002
15000.04593155990,1599.481261339566,100.4700340380379,10.00119951345897,.1174283792697677E-003,-.3528944518696019E-004,10094.24490611599,100.0254949575515,.2890473765444873E-002,.6402265104038968E-002,.1772774724804589E-002,-.1622947643994644E-002,-.1240942220880132E-002
15000.04593155990,1616.983759281847,104.5755403904516,9.999606332302786,.4191285048556559E-003,.4487365485432459E-004,10936.06063534457,99.99371148854105,.2949773420961233E-002,.6488729218121750E-002,.4804936595223491E-002,-.8721467256089036E-003,-.1256026503083464E-002
15000.04593155990,1624.999999999999,106.4659609780109,10.00238140588303,-.1841432699738727E-002,-.9141492432227817E-004,11335.01774862230,100.0494279614798,.3104445118074656E-002,.6703252750408387E-002,-.1785312103529575E-001,-.2178641761676994E-002,-.1282668859694081E-002
15000.04593155990,1625.000000000008,106.4659609780112,10.00238140588305,-.1841432699738737E-002,-.9141492432227969E-004,11335.01774862233,100.0494279614800,.3104445118074664E-002,.6703252750408401E-002,-.1785312103529590E-001,-.2178641761676998E-002,-.1282668859694084E-002
15000.04593155990,1633.016240718139,108.3623794498628,10.00039036572407,-.1081654069229817E-002,.3063100404836054E-004,11742.42215156778,100.0093740394043,.2902404868939109E-002,.6562640539826066E-002,-.1020924047932176E-001,-.1050758465452984E-002,-.1273066140454473E-002
15000.04593155990,1650.518738660408,112.5257515747795,10.00139112693447,-.1770243783949934E-002,-.2408289081253965E-004,12662.06157810882,100.0293461612112,.2840550430019081E-002,.6598013682097260E-002,-.1709758042973409E-001,-.1626389665885171E-002,-.1308118931647291E-002
15000.04593155990,1674.418798881097,118.2598409632017,9.999507889346194,-.5925925572301417E-003,.2191534738400455E-004,13985.40680700061,99.99168452550319,.2794653191791466E-002,.6558133035870188E-002,-.5303468941854253E-002,-.1213356793551749E-002,-.1335657148649878E-002
15000.04593155990,1700.581201118914,124.6012559101161,10.00113376813467,-.1804939589508312E-002,-.2191386455111910E-004,15525.48981220659,100.0241952537058,.2751044745025139E-002,.6379653906201653E-002,-.1743149880679369E-001,-.1636798404367262E-002,-.1330560569828655E-002
15000.04593155990,1724.481261339552,130.4527386958046,9.999225715823597,-.5500395262850275E-003,.2411426734900458E-004,17017.93390383699,99.98608401580827,.2739477764134657E-002,.6118847725564105E-002,-.4855989425197840E-002,-.1159297327352031E-002,-.1284311898053240E-002
15000.04593155990,1741.983759281854,134.7728311219371,10.00151019012569,-.6523762200727008E-003,-.3072378617233608E-004,18163.73286650895,100.0318159157715,.2735752638086337E-002,.5932227351167151E-002,-.5860094378603745E-002,-.1671150423403932E-002,-.1244707340165097E-002
15000.04593155990,1749.999999999983,136.7610285242969,9.997806000975128,-.1172674395596424E-002,.6325395535447520E-004,18703.59583588409,99.95793930925915,.2804138850955545E-002,.6002979276186234E-002,-.1105721169137340E-001,-.7159173140676147E-003,-.1264584521256261E-002
15000.04593155990,1750.000000000017,136.7610285242993,9.997806000975315,-.1172674395596445E-002,.6325395535447564E-004,18703.59583588443,99.95793930926102,.2804138850955599E-002,.6002979276186345E-002,-.1105721169137358E-001,-.7159173140676277E-003,-.1264584521256283E-002
15000.04593155990,1758.016240718161,138.7558124696066,10.00199471171530,-.2199198961599477E-002,-.2102570436124005E-004,19253.19239120580,100.0415324379130,.2709025451418832E-002,.5739768626355001E-002,-.2129572823654494E-001,-.1555259276626011E-002,-.1223332720227341E-002
15000.04593155990,1775.518738660420,143.1334480211017,9.999241321532482,-.2821879043174787E-002,.1649943528037588E-004,20487.20094246070,99.98644874938570,.2616573248416004E-002,.5403798843996090E-002,-.2749813764224930E-001,-.1222211903694971E-002,-.1234529286078566E-002
15000.04593155990,1799.418798881107,149.1608163633714,10.00062028391452,-.2920137852536282E-003,-.1499372572620145E-004,22248.96628979989,100.0141503629372,.2671320414915063E-002,.4774567788110104E-002,-.2155633953632406E-002,-.1525470969092422E-002,-.1231603263562329E-002
15000.04593155990,1825.581201118914,155.8232877156407,9.988683874792521,-.7144878200162741E-002,.1499345924534090E-004,24280.91437268819,99.77581989144558,.3127412536060113E-002,.3570864201875004E-002,-.7042299157783614E-001,-.1264563426680498E-002,-.1235713106175112E-002
15000.04593155990,1849.481261339561,161.9680617280140,9.987346117464353,-.9691577329954348E-002,-.1647947599010585E-004,26233.67050420077,99.74879365798613,.2847882884559690E-002,.2321151734891568E-002,-.9597677730008949E-001,-.1299757075505430E-002,-.9548738404963405E-003
15000.04593155990,1866.983759281861,166.5032741835046,9.993248997986637,-.5249487915218619E-002,.2096590748688398E-004,27723.35773839237,99.86629747005955,.2057369239222613E-002,.1525292701556044E-002,-.5191819137062049E-001,-.4563957240730941E-003,-.5585743950936905E-003
15000.04593155990,1874.999999999985,168.5905393361962,9.995856253493695,-.3239004202522017E-002,-.3533707138793876E-004,28422.78732853450,99.91822100632690,.1603060613456367E-002,.1285270989971924E-002,-.3203561913705644E-001,-.7877403536829613E-003,-.4018933696307602E-003
15000.04593155990,1875.000000000024,168.5905393361995,9.995856253493891,-.3239004202522080E-002,-.3533707138794011E-004,28422.78732853506,99.91822100632882,.1603060613456399E-002,.1285270989971950E-002,-.3203561913705705E-001,-.7877403536829719E-003,-.4018933696307678E-003
15000.04593155990,1883.016240718141,170.6838042063857,9.997279296829680,-.2056856983022117E-002,.8165745283081554E-005,29132.97828263727,99.94648190246892,.1315296424969331E-002,.9535391525997373E-003,-.2023073698895514E-001,-.2587437779501731E-003,-.2690190701616972E-003
15000.04593155990,1900.518738660420,175.2769415807961,9.999103512739914,-.6771343086565071E-003,-.6419117131734664E-005,30722.02328675873,99.98260717825377,.7771665051115711E-003,.5444105614556535E-003,-.6626143481075691E-002,-.1930789591612837E-003,-.1083873649182455E-003
15000.04593155990,1924.418798881097,181.5974028722774,9.999811991347379,-.1584707457683298E-003,.5838778791634210E-005,32977.63348315141,99.99665481276257,.5457012733849188E-003,.2522702796573794E-003,-.1490285112346272E-002,.1863612379877141E-004,-.3342311342425407E-004
15000.04593155990,1950.581201118912,188.5805424933264,9.999930897789199,-.5326203638970157E-004,-.5838713644998657E-005,35562.63753608108,99.99896340256016,.4573247254050242E-003,.8906771448924123E-004,-.4834569707499901E-003,-.6358998329608322E-004,-.6467790263180340E-005
15000.04593155990,1974.481261339550,195.0184516817769,10.00000534299313,-.1789272200941887E-005,.6420233829991273E-005,38032.21293739784,100.0004811371140,.4706582188775929E-003,.2239813287237583E-004,.4581519568438736E-004,.6273239963918982E-004,-.1842615509744237E-005
15000.04593155990,1991.983759281852,199.7685468755850,9.999968982772263,-.7797549403733045E-005,-.8169312371824815E-005,39907.48871668751,99.99971785518794,.4409154255511972E-003,.3073200214916609E-005,-.4251815772519322E-004,-.7999161344984950E-004,-.1124297281784834E-005
15000.04593155990,1999.999999999968,201.9539129341341,9.999999999999936,.000000000000000E+000,.000000000000000E+000,40785.39955306768,99.99999999999949,.000000000000000E+000,.000000000000000E+000,.000000000000000E+000,.000000000000000E+000,.000000000000000E+000
