10000.04119801644,.000000000000000E+000,301.5181419601063,1245.671808667330,321.5025801574324,.000000000000000E+000,90913.21789819549
10000.04119801644,8.016240718149545,301.4442647039109,1358.357758972238,349.8528891548043,.1671571792173909E-001,90868.67134933958
10000.04119801644,25.51873866042869,301.3067842509657,1572.366916201618,400.4494994014846,.3539320174664240E-002,90785.80404091658
10000.04119801644,49.41879888109523,301.1758256458119,1774.665796062978,446.3732941217902,.3737335887862692E-001,90706.90251621233
10000.04119801644,75.58120111890503,301.1040252366781,1886.801125288506,476.9775142547687,.2472108625905944E-001,90663.65414427582
10000.04119801644,99.48126133957076,301.0784130602606,1930.701102203346,497.3260700291841,.4436784664365545E-001,90648.22642728686
10000.04119801644,116.9837592818501,301.0708788704478,1945.131818402775,509.4519271333095,.1980067299510768E-001,90643.68720153064
10000.04119801644,124.9999999999995,301.0693533421105,1949.063353721328,514.2077347876822,.1046018857484015,90642.76764953016
10000.04119801644,124.9999999999989,301.0693533421089,1949.063353721318,514.2077347876793,.1046018857484068,90642.76764952969
10000.04119801644,133.0162407181498,301.0684346251600,1951.521854742674,518.3592650767916,-.1887417024959515E-001,90642.21360163957
10000.04119801644,150.5187386604267,301.0679042590742,1953.844607891221,525.6414578222312,.6801419799029151E-001,90641.89274249598
10000.04119801644,174.4187988810964,301.0679221600900,1953.410031147848,532.7047514125645,-.1147645347343662E-001,90641.90210655349
10000.04119801644,200.5812011189036,301.0687931922513,1951.293638326992,538.6010000443421,.5817972392313564E-001,90642.42541678192
10000.04119801644,224.4812613395718,301.0700737457848,1948.239722027642,542.6139405592826,-.2116685608411739E-001,90643.19567873316
10000.04119801644,241.9837592818481,301.0710718341026,1946.512410769135,544.5886863703521,.6447819030155610E-001,90643.79619273983
10000.04119801644,249.9999999999999,301.0716200560432,1945.819552780617,545.1557416584919,-.1869102954361033,90644.12610919593
10000.04119801644,249.9999999999981,301.0716200560410,1945.819552780603,545.1557416584883,-.1869102954360935,90644.12610919529
10000.04119801644,258.0162407181497,301.0722364716787,1945.494071186019,545.5726224775797,.1403281446560669,90644.49709239705
10000.04119801644,275.5187386604276,301.0739127684110,1945.294324977822,545.9598108100980,-.8972657228570391E-001,90645.50617959189
10000.04119801644,299.4187988810972,301.0765544247095,1946.668452628508,543.8945037876404,.1018071311774920,90647.09670948974
10000.04119801644,325.5812011189054,301.0801962398209,1949.021470149344,537.3975229089823,-.8759658863598041E-001,90649.28963936873
10000.04119801644,349.4812613395671,301.0849092271317,1952.224683914930,529.2031168827677,.1042345765118702,90652.12791105096
10000.04119801644,366.9837592818539,301.0901470008483,1956.901524110862,522.3969521883300,-.1216144708086917,90655.28249028450
10000.04119801644,375.0000000000026,301.0927366645727,1959.958035884961,518.6615254736730,.4958649270888236,90656.84228653998
10000.04119801644,375.0000000000005,301.0927366645707,1959.958035884949,518.6615254736699,.4958649270888236,90656.84228653938
10000.04119801644,383.0162407181469,301.0971875830188,1963.884654795998,514.2635293509776,-.3151484236151161,90659.52293516562
10000.04119801644,400.5187386604230,301.1078378014441,1974.742935153295,503.7851620150104,.2521511991323280,90665.93791442410
10000.04119801644,424.4187988810962,301.1301226993069,1996.161893893053,486.8901100274872,-.2360638774382249,90679.36224104141
10000.04119801644,450.5812011189073,301.1800884380747,2035.481200450414,465.2683564374537,.2283214675031040,90709.46791658545
10000.04119801644,474.4812613395653,301.2571533578518,2091.226312773269,443.6249401035112,-.2624061515886003,90755.92369090061
10000.04119801644,491.9837592818488,301.3558633067312,2153.422813656611,422.2535856449772,.3103390197071172,90815.45480245099
10000.04119801644,499.9999999999977,301.4120650443116,2188.074199432076,410.5054692605447,-1.192934875259840,90849.37170855279
10000.04119801644,499.9999999999993,301.4120650443127,2188.074199432082,410.5054692605460,-1.192934875259836,90849.37170855301
10000.04119801644,508.0162407181474,301.5111691841572,2236.000648749074,393.7638203115370,.6147393328547244,90909.16429162560
10000.04119801644,525.5187386604250,301.7531269488688,2357.586019106290,352.6055547225249,-.4931307211806575,91055.27474873001
10000.04119801644,549.4187988810925,302.3023858639294,2601.716476612952,262.5370017246701,.4560216045165109,91387.33053951013
10000.04119801644,575.5812011189098,303.1556187227081,2892.181263004657,128.3516303551347,-.4442487956437124,91903.99093507828
10000.04119801644,599.4812613395654,303.8647520815420,3043.758623707230,33.15116895270333,.5041469027927559,92334.12630978873
10000.04119801644,616.9837592818517,304.1361684704996,3069.773769351318,3.108978496943034,-.6479788410478260,92498.92251753728
10000.04119801644,625.0000000000007,304.2399361846071,3083.046442823814,-4.679042549786939,1.678648928009448,92562.00448658661
10000.04119801644,625.0000000000039,304.2399361846085,3083.046442823828,-4.679042549786951,1.678648928009456,92562.00448658699
10000.04119801644,633.0162407181493,304.2771394544562,3075.781273031408,-7.287927534663734,-.5997598081225926,92584.60675359445
10000.04119801644,650.5187386604227,304.3463511097852,3072.804840716795,-9.346330068992341,.4704229242890535,92626.70681263637
10000.04119801644,674.4187988810944,304.3801944175742,3061.019795826015,-5.932161672417557,-.4264148026137634,92647.30367321108
10000.04119801644,700.5812011189064,304.4355893619231,3051.495080405414,-1.763314504236689,.4266112497956505,92681.02932846828
10000.04119801644,724.4812613395709,304.4920111684573,3039.705185210662,3.111150298344223,-.4673589537773786,92715.38637080081
10000.04119801644,741.9837592818463,304.5485751789722,3042.016300980950,2.175555817274969,.5916074831188283,92749.83650127974
10000.04119801644,750.0000000000015,304.5790312399941,3044.032544870880,1.543023931062630,-1.071167693732364,92768.38890743040
10000.04119801644,750.0000000000056,304.5790312399957,3044.032544870895,1.543023931062640,-1.071167693732367,92768.38890743093
10000.04119801644,758.0162407181422,304.6094772736361,3047.782051517356,.3551479434579596,.3232490496358935,92786.93569535008
10000.04119801644,775.5187386604150,304.6738197564341,3050.726079352926,.7192656672305098E-001,-.2561463079964448,92826.13768116798
10000.04119801644,799.4187988810949,304.7423614431769,3047.796326513222,.2724286045540063,.2338236202838511,92867.90760430472
10000.04119801644,825.5812011189107,304.8279688110784,3048.065539099217,.6918488679747227,-.2337925975974995,92920.09139141999
10000.04119801644,849.4812613395625,304.8974541248389,3049.804122183197,.8415541269516233,.2575407854817111,92962.45807150161
10000.04119801644,866.9837592818446,304.9449124315403,3048.091689207049,.9288740561045119,-.3277387858608529,92991.40029167329
10000.04119801644,874.9999999999990,304.9679847995444,3050.207469009264,.8407259164403036E-001,.6393102804066679,93005.47276363186
10000.04119801644,875.0000000000010,304.9679847995453,3050.207469009272,.8407259164403458E-001,.6393102804066688,93005.47276363215
10000.04119801644,883.0162407181449,304.9951504965142,3050.058542901027,.2828155878419962,-.1967724747627311,93022.04259674769
10000.04119801644,900.5187386604171,305.0493308587834,3051.165096581673,.2958688185684788E-001,.1547265352619149,93055.09502530580
10000.04119801644,924.4187988810968,305.1236325046111,3051.044548245049,.3903530200695162,-.1405916883641283,93100.43179107863
10000.04119801644,950.5812011189056,305.2003975399784,3051.990558044657,.7435927473692350E-001,.1407571293568943,93147.28332339175
10000.04119801644,974.4812613395675,305.2730021449372,3052.106845465930,.2676773351392738,-.1546040206702743,93191.60646665821
10000.04119801644,991.9837592818476,305.3216618189358,3052.575380916027,.1386658609337402,.1966386561797926,93221.31776308254
10000.04119801644,999.9999999999980,305.3458948849295,3053.197177636988,-.3668196277819813E-001,-.3685601283421147,93236.11624720613
10000.04119801644,999.9999999999980,305.3458948849294,3053.197177636988,-.3668196277819791E-001,-.3685601283421143,93236.11624720611
10000.04119801644,1008.016240718138,305.3690962050428,3053.272705238489,-.2950570273936844,.1087921650852832,93250.28566996829
10000.04119801644,1025.518738660421,305.4262716802804,3054.034959748633,-.2396670452330010,-.8558824054563186E-001,93285.20812980090
10000.04119801644,1049.418798881096,305.4973869613293,3054.706167103349,.1539778867171426E-001,.7797825928416691E-001,93328.65405102371
10000.04119801644,1075.581201118908,305.5769083139806,3055.292994331217,-.7342947063885030E-001,-.7794493580311768E-001,93377.24750801623
10000.04119801644,1099.481261339562,305.6473605002428,3056.249183383398,.1139174467897162,.8581582611147431E-001,93420.30952372012
10000.04119801644,1116.983759281850,305.6981917534774,3056.074751052341,.1610121370295354,-.1092037252981533,93451.38500064952
10000.04119801644,1125.000000000006,305.7211084958943,3057.009784420673,-.2345371087867955,.1975892349874178,93465.39686838418
10000.04119801644,1125.000000000003,305.7211084958935,3057.009784420664,-.2345371087867933,.1975892349874158,93465.39686838393
10000.04119801644,1133.016240718150,305.7472808845837,3057.245513492698,-.2490345882600465,-.5290798115479767E-001,93481.40040613551
10000.04119801644,1150.518738660425,305.8005672811401,3057.783856103075,-.2394519012083003,.4159760128792489E-001,93513.98755951907
10000.04119801644,1174.418798881095,305.8734016052027,3058.332940860992,-.3131925633399557E-001,-.3778540956489418E-001,93558.53838550550
10000.04119801644,1200.581201118908,305.9512659152804,3059.212394740663,-.1997025861237252,.3781056798602855E-001,93606.17769210266
10000.04119801644,1224.481261339567,306.0233579921798,3059.741005863823,.2642964173291773E-001,-.4158254951744422E-001,93650.29619592681
10000.04119801644,1241.983759281857,306.0736358995943,3060.128292102648,-.2153220712334142E-001,.5283545557061009E-001,93681.07115312095
10000.04119801644,1249.999999999995,306.0984449328555,3060.601604832698,-.1671244766345377,-.9211503570833490E-001,93696.25863577762
10000.04119801644,1250.000000000008,306.0984449328585,3060.601604832728,-.1671244766345390,-.9211503570833424E-001,93696.25863577852
10000.04119801644,1258.016240718153,306.1221635506691,3060.989582716688,-.3380662365097470,.2328167254745006E-001,93710.77965161503
10000.04119801644,1275.518738660422,306.1765422399590,3061.454134981203,-.1345955261644631,-.1837293313724553E-001,93744.07564125268
10000.04119801644,1299.418798881096,306.2479857019487,3062.143327933166,-.1071663831146251,.1669043808422432E-001,93787.82934947667
10000.04119801644,1325.581201118905,306.3267928348347,3062.843198529201,-.8936243302548291E-001,-.1668755892051310E-001,93836.10462569646
10000.04119801644,1349.481261339568,306.3978002062635,3063.637439166968,-.2208831180586673E-001,.1841503072094486E-001,93879.61255976057
10000.04119801644,1366.983759281844,306.4493826663922,3063.769743619455,.4932775155660202E-001,-.2335717985460695E-001,93911.22471655908
10000.04119801644,1375.000000000005,306.4727351881412,3064.605548691214,-.2155433207917578,.3771087787478644E-001,93925.53804478468
10000.04119801644,1375.000000000025,306.4727351881459,3064.605548691259,-.2155433207917603,.3771087787478711E-001,93925.53804478617
10000.04119801644,1383.016240718153,306.4977858304420,3064.752547856216,-.2742708815818061,-.7397090487519575E-002,93940.89333681064
10000.04119801644,1400.518738660420,306.5510317748468,3065.233615779439,-.1161081676654785,.5886271094205253E-002,93973.53565427352
10000.04119801644,1424.418798881092,306.6230331806265,3065.868881365133,-.3034057379736677E-001,-.5280184358391449E-002,94017.68500403264
10000.04119801644,1450.581201118911,306.7015111724074,3066.710279624026,-.8743437756615419E-001,.5318430678698693E-002,94065.81746823005
10000.04119801644,1474.481261339574,306.7731696589482,3067.290278471787,-.2058292464828421E-001,-.5842630886305433E-002,94109.77810688040
10000.04119801644,1491.983759281850,306.8243840687709,3067.767625987697,-.5558557767782485E-001,.7410261267832841E-002,94141.20314949488
10000.04119801644,1499.999999999997,306.8487758949116,3067.972017533621,-.3975131364034479E-001,-.9855264391625207E-002,94156.17181657477
10000.04119801644,1500.000000000005,306.8487758949136,3067.972017533640,-.3975131364034884E-001,-.9855264391625318E-002,94156.17181657536
10000.04119801644,1508.016240718153,306.8729484445477,3068.567844890331,-.3844114051806229,.7556782171990184E-003,94171.00700799930
10000.04119801644,1525.518738660410,306.9263353152996,3068.934777758028,-.1448176422697544,-.6238843554947082E-003,94203.77580466744
10000.04119801644,1549.418798881102,306.9980172277461,3069.567949444391,-.1335208877531157,.5425861132067888E-003,94247.78305039479
10000.04119801644,1575.581201118908,307.0765934830461,3070.380430950427,-.1203748921651145,-.5840740695428615E-003,94296.03471785985
10000.04119801644,1599.481261339566,307.1480237103992,3071.025554598959,-.9230447071114328E-001,.5786933943984773E-003,94339.90889835852
10000.04119801644,1616.983759281847,307.1995465941289,3071.465900961094,-.4078087272316239E-001,-.8495629649917791E-003,94371.56184948052
10000.04119801644,1624.999999999999,307.2230374191653,3072.109893735152,-.4348249761424925,-.2586128564297407E-002,94385.99519933970
10000.04119801644,1625.000000000008,307.2230374191659,3072.109893735159,-.4348249761424932,-.2586128564299184E-002,94385.99519933993
10000.04119801644,1633.016240718139,307.2480204956358,3072.278600537054,-.2022222470765784,.2947887044181974E-002,94401.34656447868
10000.04119801644,1650.518738660408,307.3014670777723,3072.665039636339,-.2423948382490382,-.2442823993464766E-002,94434.19211151692
10000.04119801644,1674.418798881097,307.3730906701453,3073.353952591438,-.5193076514917405E-002,.2101981115676277E-002,94478.21730357342
10000.04119801644,1700.581201118914,307.4516553939876,3074.120017701066,-.1772452866004318,-.2213860982799520E-002,94526.52084816752
10000.04119801644,1724.481261339552,307.5229168106080,3074.783145323269,.2663389964970353E-001,.2361064536205437E-002,94570.34477417009
10000.04119801644,1741.983759281854,307.5737068575160,3075.161578041166,-.9225447349374705E-001,-.3056924663978777E-002,94601.58553845782
10000.04119801644,1749.999999999983,307.5965718830722,3075.729173793425,.3550349293823307E-001,.1058506328812120E-001,94615.65146375055
10000.04119801644,1750.000000000017,307.5965718830779,3075.729173793481,.3550349293823307E-001,.1058506328812175E-001,94615.65146375223
10000.04119801644,1758.016240718161,307.6219340509001,3076.279758386979,-.3770452319708103,-.5581992576022515E-002,94631.25472400858
10000.04119801644,1775.518738660420,307.6759349509063,3076.101036511616,-.6192248350436813E-001,.4390474366978092E-002,94664.48129741657
10000.04119801644,1799.418798881107,307.7476132108980,3077.579291525722,-.9772446458374406E-001,-.3960456992524730E-002,94708.59370801116
10000.04119801644,1825.581201118914,307.8262685882178,3076.858219072301,.3235248450030112,.4005440088530932E-002,94757.01183653524
10000.04119801644,1849.481261339561,307.8978970795588,3077.824744338715,.9873964874294927E-002,-.4364484768098267E-002,94801.11516453851
10000.04119801644,1866.983759281861,307.9500790784638,3078.903782196320,-.9501095141905391E-001,.5576798268924502E-002,94833.25130992150
10000.04119801644,1874.999999999985,307.9738885525665,3079.420005110348,.3256993371184624E-001,-.9766581064983626E-002,94847.91617147664
10000.04119801644,1875.000000000024,307.9738885525727,3079.420005110410,.3256993371184935E-001,-.9766581064984625E-002,94847.91617147849
10000.04119801644,1883.016240718141,307.9983876839206,3079.764856389172,-.4712165904287724E-001,.2488432679307331E-002,94863.00690040994
10000.04119801644,1900.518738660420,308.0514038459678,3080.428319040316,-.2115183953550670E-001,-.1954507197906741E-002,94895.66746640188
10000.04119801644,1924.418798881097,308.1231096227625,3081.219943506911,-.2964687470105976E-002,.1778578380581354E-002,94939.85071517940
10000.04119801644,1950.581201118912,308.2017265210426,3082.008388471941,-.4169855329380245E-002,-.1778702180266104E-002,94988.30425075146
10000.04119801644,1974.481261339550,308.2733718739991,3082.737447307955,.2365020268110252E-002,.1957157437330076E-002,95032.47182250360
10000.04119801644,1991.983759281852,308.3256811477526,3083.249404604125,-.2832228859805053E-002,-.2488453260783848E-002,95064.72567841498
10000.04119801644,1999.999999999968,308.3499999999975,3083.499999999995,.000000000000000E+000,.000000000000000E+000,95079.72249999995
10500.26591003560,.000000000000000E+000,301.5571822381509,1236.512144727944,330.7500198529034,.000000000000000E+000,90936.76100258183
10500.26591003560,8.016240718149545,301.4829507791186,1348.316804031820,359.9035201695448,.1719700545975583E-001,90891.99514028177
10500.26591003560,25.51873866042869,301.3448654143364,1560.930596989437,412.1541471470870,.1946352011769015E-002,90808.75261900011
10500.26591003560,49.41879888109523,301.2137352475506,1762.317725356868,459.9073389764538,.3628374291520930E-001,90729.73778495070
10500.26591003560,75.58120111890503,301.1417604089327,1873.800850068759,492.1075434014176,.2198349602335492E-001,90686.37923079978
10500.26591003560,99.48126133957076,301.1146316288999,1917.883207176927,513.5778178367586,.4308529441280329E-001,90670.03678157761
10500.26591003560,116.9837592818501,301.1054084582798,1932.814275279771,525.8882379001285,.1763607994585059E-001,90664.48019448087
10500.26591003560,124.9999999999995,301.1029950807912,1936.989822140682,530.7600363894850,.1070743511741570,90663.02597010147
10500.26591003560,124.9999999999989,301.1029950807897,1936.989822140671,530.7600363894820,.1070743511741550,90663.02597010104
10500.26591003560,133.0162407181498,301.1010901761614,1939.798623591455,534.9554876558100,-.2288994203713246E-001,90661.87806517608
10500.26591003560,150.5187386604267,301.0987266827755,1943.239347408103,542.6834622123808,.7008386989380244E-001,90660.45334504795
10500.26591003560,174.4187988810964,301.0977698938474,1943.836915599930,550.2939814007890,-.1328747336188174E-001,90659.87572213617
10500.26591003560,200.5812011189036,301.0986643527922,1941.506714395841,555.7924434685774,.6137750606933867E-001,90660.41327288625
10500.26591003560,224.4812613395718,301.1004153106951,1938.860602014305,559.1317392910942,-.2226087617307870E-001,90661.46700269423
10500.26591003560,241.9837592818481,301.1017856672183,1937.986116131563,560.6739832961227,.6876711562181104E-001,90662.29182596775
10500.26591003560,249.9999999999999,301.1023690679066,1937.746384893997,561.0732685072637,-.1988469651612905,90662.64298749709
10500.26591003560,249.9999999999981,301.1023690679044,1937.746384893984,561.0732685072599,-.1988469651612874,90662.64298749647
10500.26591003560,258.0162407181497,301.1029201893142,1937.713905007350,561.3111400677625,.1505447716494959,90662.97471348636
10500.26591003560,275.5187386604276,301.1042072545548,1937.741406627467,561.2549268383243,-.9450988403646043E-001,90663.74947970187
10500.26591003560,299.4187988810972,301.1062503406145,1937.975225382199,559.9033882907522,.1107654944596421,90664.97951174203
10500.26591003560,325.5812011189054,301.1095201748813,1939.459999259076,556.4670452131182,-.9075620703520437E-001,90666.94850336236
10500.26591003560,349.4812613395671,301.1135595536836,1943.698081313903,551.0361747904999,.1141574247076895,90669.38119588463
10500.26591003560,366.9837592818539,301.1181206065158,1949.126214721113,545.6232807219669,-.1267622809659079,90672.12832776248
10500.26591003560,375.0000000000026,301.1203142769408,1952.294012965313,542.7688281344494,.5294912205814339,90673.44975129013
10500.26591003560,375.0000000000005,301.1203142769389,1952.294012965300,542.7688281344459,.5294912205814393,90673.44975128950
10500.26591003560,383.0162407181469,301.1245650174907,1956.286911476792,539.4137817409390,-.3317460036996254,90676.01004783454
10500.26591003560,400.5187386604230,301.1345846420587,1966.861692395026,531.4468415366941,.2703250212778210,90682.04577230650
10500.26591003560,424.4187988810962,301.1552575611170,1987.626804831258,517.9202425850050,-.2485424268715396,90694.50040133327
10500.26591003560,450.5812011189073,301.2013647748558,2025.057539642958,499.1836915756058,.2441294520342105,90722.28384319949
10500.26591003560,474.4812613395653,301.2776838804147,2079.987124360711,477.2945648056022,-.2772223405830269,90768.29262939647
10500.26591003560,491.9837592818488,301.3776392237353,2142.673046080079,452.9698416894117,.3301666150978516,90828.57648756486
10500.26591003560,499.9999999999977,301.4337477191955,2177.722243071204,439.3218264314955,-1.270152453249688,90862.43937346913
10500.26591003560,499.9999999999993,301.4337477191964,2177.722243071211,439.3218264314969,-1.270152453249692,90862.43937346939
10500.26591003560,508.0162407181474,301.5289084029886,2226.278410539295,419.6185373170588,.6517203677988198,90919.85288376341
10500.26591003560,525.5187386604250,301.7588686382555,2348.123670863766,370.3605692414519,-.5241627030001282,91058.72361347682
10500.26591003560,549.4187988810925,302.2873124735344,2582.288071370934,273.2710074430009,.4810383260256031,91378.20058364869
10500.26591003560,575.5812011189098,303.0995934832572,2867.104161584042,142.2024950433462,-.4688853580666286,91870.03578956265
10500.26591003560,599.4812613395654,303.8200841097380,3039.018486654034,38.94549793068469,.5382001259963185,92306.98086592289
10500.26591003560,616.9837592818517,304.1302449232145,3073.840653856956,1.839114676290104,-.6836475288982234,92495.30802887898
10500.26591003560,625.0000000000007,304.2377540631627,3085.767012537713,-7.803349613123432,1.717070934778585,92560.66722740076
10500.26591003560,625.0000000000039,304.2377540631638,3085.767012537726,-7.803349613123464,1.717070934778594,92560.66722740114
10500.26591003560,633.0162407181493,304.2797431738222,3079.097141488926,-9.848905001152772,-.5970156179933892,92586.18498342729
10500.26591003560,650.5187386604227,304.3500383012355,3074.764982021567,-11.26246085534514,.4690287972779658,92628.95003337260
10500.26591003560,674.4187988810944,304.3837280235685,3062.324577172039,-6.712083598210394,-.4251905260805972,92649.45477504046
10500.26591003560,700.5812011189064,304.4344494059368,3052.284976040731,-2.198642059455772,.4253855564005305,92680.33520113731
10500.26591003560,724.4812613395709,304.4903617329243,3040.886135532747,3.290586967595043,-.4663088107058631,92714.38183042179
10500.26591003560,741.9837592818463,304.5466540478443,3042.052939189055,2.510682601665294,.5901681116670191,92748.66634029262
10500.26591003560,750.0000000000015,304.5775945970120,3044.283598729156,1.781047629657159,-1.078071286937682,92767.51366803286
10500.26591003560,750.0000000000056,304.5775945970137,3044.283598729172,1.781047629657169,-1.078071286937687,92767.51366803340
10500.26591003560,758.0162407181422,304.6087645146798,3048.002973226703,.6330619643043629,.3286974199683899,92786.50129830091
10500.26591003560,775.5187386604150,304.6747093451509,3051.118191985398,-.1125726649560937,-.2602613901185292,92826.67960824040
10500.26591003560,799.4187988810949,304.7429247216920,3047.672485154836,.3959075882311350,.2374450722515501,92868.25093251382
10500.26591003560,825.5812011189107,304.8276883877103,3048.199203568938,.6837516160317619,-.2375906215099609,92919.92048136503
10500.26591003560,849.4812613395625,304.8973718601042,3049.750135875716,.7381327029604436,.2615851466822839,92962.40792278895
10500.26591003560,866.9837592818446,304.9442026024747,3048.165647536862,.7049093803075823,-.3330746533444322,92990.96737436880
10500.26591003560,874.9999999999990,304.9671888608608,3050.124065262989,-.8792589243140803E-001,.6520644288104415,93004.98729803720
10500.26591003560,875.0000000000010,304.9671888608618,3050.124065262999,-.8792589243140680E-001,.6520644288104449,93004.98729803749
10500.26591003560,883.0162407181449,304.9944879294845,3050.021188015243,.8304510497859718E-001,-.2009123444318278,93021.63842083872
10500.26591003560,900.5187386604171,305.0488852074091,3051.319626429436,-.1580362008641660,.1579080514158112,93054.82305003687
10500.26591003560,924.4187988810968,305.1234829449297,3051.117965172156,.4461157085063447,-.1434342939893452,93100.34041331643
10500.26591003560,950.5812011189056,305.2004575701171,3052.193019605619,.2099901662089665,.1436095986146846,93147.31984624249
10500.26591003560,974.4812613395675,305.2730449193627,3052.318734166819,.4655814950440268,-.1577153592086862,93191.63248331314
10500.26591003560,991.9837592818476,305.3216691972512,3052.883756200105,.3127403861076666,.2005908816666417,93221.32218093808
10500.26591003560,999.9999999999980,305.3454506952907,3053.043678668637,.2288661656352366,-.3742102868372963,93235.84490597543
10500.26591003560,999.9999999999980,305.3454506952907,3053.043678668636,.2288661656352369,-.3742102868372966,93235.84490597542
10500.26591003560,1008.016240718138,305.3691925822849,3053.619787816774,-.1461255441266209,.1098041435768822,93250.34444194048
10500.26591003560,1025.518738660421,305.4262597811166,3054.277036417033,-.7369650636893088E-001,-.8635820346041345E-001,93285.20078968808
10500.26591003560,1049.418798881096,305.4976741625038,3054.942140828125,.9352356349126234E-002,.7872590405332175E-001,93328.82948649168
10500.26591003560,1075.581201118908,305.5770575009297,3055.431496651611,-.3388650198561838E-001,-.7866164908375323E-001,93377.33867972168
10500.26591003560,1099.481261339562,305.6474968427757,3056.344180090578,.7858575227570663E-001,.8662556447897973E-001,93420.39288341794
10500.26591003560,1116.983759281850,305.6981827779215,3056.203170426672,.3611959054487290E-001,-.1102072422020516,93451.37954425950
10500.26591003560,1125.000000000006,305.7207651538793,3056.889249703665,-.1528671129147109,.1952443098203642,93465.18695646044
10500.26591003560,1125.000000000003,305.7207651538786,3056.889249703656,-.1528671129147116,.1952443098203634,93465.18695646018
10500.26591003560,1133.016240718150,305.7473472272505,3057.300342419493,-.2013036330305290,-.4997205679889022E-001,93481.44101498721
10500.26591003560,1150.518738660425,305.8005467334979,3057.860558207227,-.2764397344022218,.3931672805878894E-001,93513.97502812909
10500.26591003560,1174.418798881095,305.8734444906474,3058.342765920012,-.3087703847433299E-001,-.3567491321823846E-001,93558.56466344855
10500.26591003560,1200.581201118908,305.9512643144390,3059.214941677932,-.2265509198828470,.3576030511550266E-001,93606.17675975646
10500.26591003560,1224.481261339567,306.0232604731664,3059.712427376141,-.7180849846178339E-002,-.3923741581827556E-001,93650.23655280520
10500.26591003560,1241.983759281857,306.0734670180852,3060.129201406266,-.1183560168880772,.4998294263599112E-001,93680.96780789593
10500.26591003560,1249.999999999995,306.0984762075652,3060.639779883271,-.1984352951639522,-.8390026322130251E-001,93696.27781389518
10500.26591003560,1250.000000000008,306.0984762075681,3060.639779883300,-.1984352951639524,-.8390026322130362E-001,93696.27781389607
10500.26591003560,1258.016240718153,306.1218789839286,3060.860867911781,-.3712253459835119,.1953087429564959E-001,93710.60545654112
10500.26591003560,1275.518738660422,306.1763837519887,3061.454953172466,-.2056414835331846,-.1530785427837300E-001,93743.97860417247
10500.26591003560,1299.418798881096,306.2478309982639,3062.097683086446,-.1181355797581407,.1401302671112431E-001,93787.73458656314
10500.26591003560,1325.581201118905,306.3266745902969,3062.849674183057,-.1062965336608565,-.1393207143778852E-001,93836.03215136372
10500.26591003560,1349.481261339568,306.3978107303556,3063.622324179516,-.2267243887357073E-001,.1542088046743700E-001,93879.61896977783
10500.26591003560,1366.983759281844,306.4494499934945,3063.770048734977,.4189293271847583E-001,-.1955463027736520E-001,93911.26595082504
10500.26591003560,1375.000000000005,306.4726520989288,3064.736699781394,-.2019643295015536,.2928140327542184E-001,93925.48708911253
10500.26591003560,1375.000000000025,306.4726520989335,3064.736699781441,-.2019643295015568,.2928140327542311E-001,93925.48708911391
10500.26591003560,1383.016240718153,306.4978279636013,3064.717098097671,-.2839250783129675,-.4323658968809263E-002,93940.91914001913
10500.26591003560,1400.518738660420,306.5512330518238,3065.247048638321,-.1473400885165989,.3423922455105366E-002,93973.65905287710
10500.26591003560,1424.418798881092,306.6232036800826,3065.852905877903,-.2132639284457838E-001,-.3092303440558775E-002,94017.78958687199
10500.26591003560,1450.581201118911,306.7016284238783,3066.704325042683,-.1026525445264134,.3093232309957394E-002,94065.88943799789
10500.26591003560,1474.481261339574,306.7732175994385,3067.293158976859,.1690244843519884E-001,-.3403067127728421E-002,94109.80758299035
10500.26591003560,1491.983759281850,306.8244488905134,3067.750987878163,-.3656623839177853E-001,.4317659379990735E-002,94141.24299232573
10500.26591003560,1499.999999999997,306.8487089170595,3067.940893006050,-.6603680517441035E-001,-.2588735877860682E-002,94156.13079192441
10500.26591003560,1500.000000000005,306.8487089170616,3067.940893006071,-.6603680517441113E-001,-.2588735877859349E-002,94156.13079192504
10500.26591003560,1508.016240718153,306.8729001474754,3068.587083504912,-.3869148964697553,-.2103694707167425E-002,94170.97744385959
10500.26591003560,1525.518738660410,306.9263703586223,3068.922011387000,-.9896410056833305E-001,.1647767501575970E-002,94203.79739461008
10500.26591003560,1549.418798881102,306.9980524003189,3069.563375414112,-.1238185517101194,-.1493929031030738E-002,94247.80473091430
10500.26591003560,1575.581201118908,307.0766214625059,3070.352407851567,-.1045769921770776,.1495936187444563E-002,94296.05199363655
10500.26591003560,1599.481261339566,307.1479819543789,3070.990760467138,-.1175691072764275,-.1639997045601860E-002,94339.88333782592
10500.26591003560,1616.983759281847,307.1994619274798,3071.415514456550,-.6887202946445442E-001,.2077957947706044E-002,94371.50992175081
10500.26591003560,1624.999999999999,307.2229158954107,3072.072036877219,-.4694170326608292,-.8899901544577399E-002,94385.92061722805
10500.26591003560,1625.000000000008,307.2229158954112,3072.072036877224,-.4694170326608310,-.8899901544578592E-002,94385.92061722824
10500.26591003560,1633.016240718139,307.2479012675554,3072.240276277644,-.2436314392620809,.5345307777418401E-002,94401.27338792506
10500.26591003560,1650.518738660408,307.3013511797481,3072.623279069030,-.3009355857688124,-.4209975287078005E-002,94434.12095885968
10500.26591003560,1674.418798881097,307.3729641206190,3073.314643276056,-.6661896913728940E-001,.3835811293816993E-002,94478.13956653807
10500.26591003560,1700.581201118914,307.4515574771759,3074.083774569251,-.2300766620614785,-.3824854283968823E-002,94526.46068207227
10500.26591003560,1724.481261339552,307.5227991302502,3074.735239557187,-.3843034884771290E-001,.4232323564610160E-002,94570.27242061213
10500.26591003560,1741.983759281854,307.5736239643393,3075.181107178411,-.1232601060803445,-.5364896046509873E-002,94601.53456838719
10500.26591003560,1749.999999999983,307.5965072643903,3075.529312720466,.6712063405188295E-001,.1521087860089736E-001,94615.61173584629
10500.26591003560,1750.000000000017,307.5965072643961,3075.529312720521,.6712063405188406E-001,.1521087860089793E-001,94615.61173584804
10500.26591003560,1758.016240718161,307.6217804161082,3076.255398543815,-.4563567839218736,-.7044519207745598E-002,94631.16022345216
10500.26591003560,1775.518738660420,307.6758946211526,3076.053181803274,-.9830440770060245E-001,.5544084954693523E-002,94664.45649791571
10500.26591003560,1799.418798881107,307.7476005366333,3077.564320997794,-.8963829252580907E-001,-.5027399257521104E-002,94708.58592231569
10500.26591003560,1825.581201118914,307.8262729897045,3076.708453072480,.2807251913891131,.5036486102324857E-002,94757.01456297084
10500.26591003560,1849.481261339561,307.8978930494396,3077.678006541547,-.3912594845001249E-001,-.5537075128380673E-002,94801.11270003807
10500.26591003560,1866.983759281861,307.9500013118305,3078.848183752027,-.1107641153662784,.7042179622495690E-002,94833.20342972927
10500.26591003560,1874.999999999985,307.9738874997124,3079.362198986913,.6482835207619664E-002,-.1194816163917559E-001,94847.91553826741
10500.26591003560,1875.000000000024,307.9738874997186,3079.362198986973,.6482835207620191E-002,-.1194816163917601E-001,94847.91553826927
10500.26591003560,1883.016240718141,307.9983293008493,3079.734210155450,-.5103443709327821E-001,.2804353654218036E-002,94862.97095069339
10500.26591003560,1900.518738660420,308.0513735657806,3080.416167169897,-.2472129102427732E-001,-.2207384608976022E-002,94895.64881858080
10500.26591003560,1924.418798881097,308.1230848408297,3081.217102121709,-.3701444709895807E-002,.2006667354733026E-002,94939.83544848437
10500.26591003560,1950.581201118912,308.2017185949160,3082.007087622602,-.4639466159410965E-002,-.2007367788608227E-002,94988.29936696077
10500.26591003560,1974.481261339550,308.2733613666732,3082.737595705146,.2353653322240884E-002,.2208507192566906E-002,95032.46534538487
10500.26591003560,1991.983759281852,308.3256711881671,3083.248880250695,-.2612718536298464E-002,-.2808222743873452E-002,95064.71953777585
10500.26591003560,1999.999999999968,308.3499999999975,3083.499999999994,.000000000000000E+000,.000000000000000E+000,95079.72249999995
11000.49062205476,.000000000000000E+000,301.6347947037730,1216.237345854849,355.3944289990134,.000000000000000E+000,90983.57710521756
11000.49062205476,8.016240718149545,301.5598009135314,1325.898816139738,386.8331344504944,.1790429205524880E-001,90938.33976227060
11000.49062205476,25.51873866042869,301.4194170697497,1534.551234121258,443.9880801858621,.1423593974977183E-002,90853.69012496091
11000.49062205476,49.41879888109523,301.2849547264470,1732.534089136600,495.8293590049054,.3743957884274068E-001,90772.64773427014
11000.49062205476,75.58120111890503,301.2094290010203,1843.975129534493,527.7721859100695,.2247406902295496E-001,90727.13991110610
11000.49062205476,99.48126133957076,301.1791590654658,1890.107471095705,546.8040429662690,.4504449622108364E-001,90708.90176471786
11000.49062205476,116.9837592818501,301.1679981641165,1907.224612761393,557.5506408499737,.1816978177613382E-001,90702.17679329350
11000.49062205476,124.9999999999995,301.1648095863396,1912.519815347311,561.9468235748727,.1154196732781662,90700.25531144674
11000.49062205476,124.9999999999989,301.1648095863382,1912.519815347300,561.9468235748698,.1154196732781653,90700.25531144629
11000.49062205476,133.0162407181498,301.1622361406625,1916.528536932104,565.8352424083743,-.2696420492961371E-001,90698.70446741782
11000.49062205476,150.5187386604267,301.1586367645660,1922.710683921528,573.5196144464545,.7551306517511636E-001,90696.53500644918
11000.49062205476,174.4187988810964,301.1563397990782,1927.055884990883,582.0922350935680,-.1626200350240092E-001,90695.14994209414
11000.49062205476,200.5812011189036,301.1557413853857,1928.120944520639,589.0420814569979,.6616531460415775E-001,90694.78825058672
11000.49062205476,224.4812613395718,301.1559521501848,1926.946150746664,593.8008498942024,-.2546758621440570E-001,90694.91432589910
11000.49062205476,241.9837592818481,301.1563500774718,1925.802359749097,596.7510283127727,.7536781488095756E-001,90695.15348925733
11000.49062205476,249.9999999999999,301.1566121823670,1925.277916287368,597.9007744710982,-.2197123439590125,90695.31115604861
11000.49062205476,249.9999999999981,301.1566121823648,1925.277916287354,597.9007744710939,-.2197123439589936,90695.31115604797
11000.49062205476,258.0162407181497,301.1569417538214,1924.902887170301,598.9377875630480,.1659272305576142,90695.50947874755
11000.49062205476,275.5187386604276,301.1580141583004,1924.437801026780,600.5926870609596,-.1036568315931816,90696.15505971355
11000.49062205476,299.4187988810972,301.1601364657146,1925.064625905752,601.0637921021776,.1229732766286636,90697.43303066822
11000.49062205476,325.5812011189054,301.1639724816298,1927.976476635594,598.8149121022398,-.9838372802043671E-001,90699.74337079481
11000.49062205476,349.4812613395671,301.1688672961724,1933.798234842473,594.3823467896398,.1277686762840567,90702.69173470529
11000.49062205476,366.9837592818539,301.1740467205172,1940.017768728454,589.9421287311307,-.1378383284141156,90705.81175719891
11000.49062205476,375.0000000000026,301.1765378550216,1943.240840825224,587.7257167828835,.5823167013019694,90707.31253733340
11000.49062205476,375.0000000000005,301.1765378550197,1943.240840825213,587.7257167828798,.5823167013019657,90707.31253733282
11000.49062205476,383.0162407181469,301.1810328343748,1947.118291688726,585.0215835552372,-.3568531261157126,90710.02031285802
11000.49062205476,400.5187386604230,301.1911577829226,1957.019375265911,578.7724447961366,.2948319336269374,90716.12036442352
11000.49062205476,424.4187988810962,301.2108167277021,1975.531246479441,567.2289022752552,-.2664239243688484,90727.96592053719
11000.49062205476,450.5812011189073,301.2526873010631,2009.230363911863,549.0920183893450,.2667167261426813,90753.20001219533
11000.49062205476,474.4812613395653,301.3232811812549,2061.881248482807,524.8469384098262,-.2966463270847946,90795.75929022278
11000.49062205476,491.9837592818488,301.4179574839765,2123.182233496325,497.0524834382643,.3620249161226393,90852.86166551015
11000.49062205476,499.9999999999977,301.4694560253201,2156.961752240556,482.1416067136614,-1.361246039166313,90883.94384824071
11000.49062205476,499.9999999999993,301.4694560253212,2156.961752240562,482.1416067136629,-1.361246039166318,90883.94384824099
11000.49062205476,508.0162407181474,301.5608634623109,2204.558143558382,460.5440611322334,.6992656064390090,90939.09803254902
11000.49062205476,525.5187386604250,301.7742877144159,2322.630822738646,408.7327727936967,-.5556349059832825,91067.98717493120
11000.49062205476,549.4187988810925,302.2499450546619,2547.326407340065,308.3534884944343,.5155762246199431,91355.53969255410
11000.49062205476,575.5812011189098,303.0119670298861,2834.952917963028,167.4581851767870,-.4997881971265183,91816.89806149153
11000.49062205476,599.4812613395654,303.7558687180305,3029.604652024616,50.34908819841381,.5737520764005013,92267.99459334771
11000.49062205476,616.9837592818517,304.1035414046378,3075.159989461803,5.080195537000838,-.7259777085576928,92479.08648887582
11000.49062205476,625.0000000000007,304.2224164497709,3088.894472284066,-7.925379883439235,1.755250207077280,92551.34535374353
11000.49062205476,625.0000000000039,304.2224164497722,3088.894472284079,-7.925379883439271,1.755250207077287,92551.34535374388
11000.49062205476,633.0162407181493,304.2747529127864,3083.077289337348,-10.74400125764106,-.6059401658240554,92583.15189199959
11000.49062205476,650.5187386604227,304.3536434669708,3078.186446608604,-13.17720959193164,.4768466967547572,92631.14450665787
11000.49062205476,674.4187988810944,304.3902943163506,3065.522511911495,-8.308605356360086,-.4324924768060961,92653.45212927953
11000.49062205476,700.5812011189064,304.4356509387857,3054.379169060002,-3.256101484728195,.4326629760099368,92681.06659478549
11000.49062205476,724.4812613395709,304.4873835615278,3042.262157938198,2.857707053349766,-.4742748645363840,92712.56819972118
11000.49062205476,741.9837592818463,304.5444816974519,3042.765375824330,2.784899952758732,.6000230635712833,92747.34348366021
11000.49062205476,750.0000000000015,304.5764092823674,3045.156879963823,2.176645793420017,-1.098555866968274,92766.79194975960
11000.49062205476,750.0000000000056,304.5764092823690,3045.156879963840,2.176645793420033,-1.098555866968278,92766.79194976011
11000.49062205476,758.0162407181422,304.6073778726990,3048.161615455578,.9237380231429888,.3375235231201771,92785.65672079747
11000.49062205476,775.5187386604150,304.6743089434597,3051.486555592559,-.1327343523005049,-.2674335323961588,92826.43575694860
11000.49062205476,799.4187988810949,304.7431518806263,3047.960929708772,.6011621370377402,.2439500689775929,92868.38950173007
11000.49062205476,825.5812011189107,304.8272587295560,3048.145067979622,.8027834646327432,-.2441401374650131,92919.65865317700
11000.49062205476,849.4812613395625,304.8970852013096,3049.669136371263,.7319139513260735,.2687318351696784,92962.23318667804
11000.49062205476,866.9837592818446,304.9434835463665,3048.203326975377,.9071087278988461,-.3422443064414951,92990.52886442191
11000.49062205476,874.9999999999990,304.9656187145536,3049.841923483448,.3167098167673181,.6706231971293897,93004.02966910854
11000.49062205476,875.0000000000010,304.9656187145545,3049.841923483459,.3167098167673181,.6706231971293918,93004.02966910883
11000.49062205476,883.0162407181449,304.9938307404806,3050.203307175370,.5464482959706585E-001,-.2071658844349534,93021.23758619840
11000.49062205476,900.5187386604171,305.0486687931730,3051.324921406284,-.2261694233031533,.1627234274923027,93054.69104118471
11000.49062205476,924.4187988810968,305.1235101919137,3051.153098014078,.4541322062007547,-.1479822563286406,93100.35705510614
11000.49062205476,950.5812011189056,305.2003810705641,3052.320883798697,.1916365577268653,.1479719920979468,93147.27317481299
11000.49062205476,974.4812613395675,305.2727771630171,3052.392497835042,.4654961845042656,-.1626869958496221,93191.46900372526
11000.49062205476,991.9837592818476,305.3209265280249,3052.891522115034,.4043623822325100,.2067747812741844,93220.86866116655
11000.49062205476,999.9999999999980,305.3452127829563,3053.023320792711,.2147823884240306,-.3925781190834522,93235.69958603849
11000.49062205476,999.9999999999980,305.3452127829563,3053.023320792710,.2147823884240301,-.3925781190834521,93235.69958603848
11000.49062205476,1008.016240718138,305.3687775703754,3053.762565839248,-.6355653362624808E-001,.1185153276747912,93250.09093017968
11000.49062205476,1025.518738660421,305.4261074577579,3054.385014646843,.6063836615415263E-001,-.9327762283957347E-001,93285.10769699491
11000.49062205476,1049.418798881096,305.4976441571567,3055.029275886651,.5639097321209380E-001,.8496238407415099E-001,93328.81110127148
11000.49062205476,1075.581201118908,305.5769478006929,3055.519987446616,-.2550071004624022E-001,-.8491122598576761E-001,93377.27156403201
11000.49062205476,1099.481261339562,305.6473463957624,3056.488382528083,.3179886805711379E-002,.9352173207208575E-001,93420.30083711933
11000.49062205476,1116.983759281850,305.6976460783014,3056.171575611196,.7268586790784776E-001,-.1189450422951374,93451.05131112624
11000.49062205476,1125.000000000006,305.7206116567316,3057.468108026975,-.4105168297394414,.2160991421491923,93465.09299683695
11000.49062205476,1125.000000000003,305.7206116567309,3057.468108026966,-.4105168297394400,.2160991421491923,93465.09299683670
11000.49062205476,1133.016240718150,305.7468154835774,3057.285195235420,-.2564786323693476,-.5836344002188032E-001,93481.11573046519
11000.49062205476,1150.518738660425,305.8005031250339,3058.161721066481,-.3085394183546483,.4592780623401005E-001,93513.94822338333
11000.49062205476,1174.418798881095,305.8734365451752,3058.513790231645,-.8362638816056978E-002,-.4168171044737051E-001,93558.55966845364
11000.49062205476,1200.581201118908,305.9513149952934,3059.462919044823,-.2356402054642838,.4177333102677538E-001,93606.20764219959
11000.49062205476,1224.481261339567,306.0233804224443,3059.896826655977,.7611005043902774E-002,-.4583748881292710E-001,93650.30986039819
11000.49062205476,1241.983759281857,306.0734522757180,3060.291382650656,-.1354191909743692,.5839140400133985E-001,93680.95868865360
11000.49062205476,1249.999999999995,306.0984452329467,3060.850499127828,-.3030778735329708,-.1012989753012318,93696.25876730827
11000.49062205476,1250.000000000008,306.0984452329496,3060.850499127857,-.3030778735329728,-.1012989753012334,93696.25876730921
11000.49062205476,1258.016240718153,306.1218371617475,3061.062426307759,-.4620651541742319,.2553790964637870E-001,93710.57977365397
11000.49062205476,1275.518738660422,306.1764908670543,3061.614892887395,-.3077323528990723,-.2001849074561646E-001,93744.04413006839
11000.49062205476,1299.418798881096,306.2480196673075,3062.221457418358,-.2274363975019499,.1831247773270245E-001,93787.85010761712
11000.49062205476,1325.581201118905,306.3268010502798,3062.920099479969,-.2359452743270543,-.1822058181770592E-001,93836.10961375074
11000.49062205476,1349.481261339568,306.3978633521436,3063.651587233611,-.8821822539809365E-001,.2015451728945239E-001,93879.65122242870
11000.49062205476,1366.983759281844,306.4494895598597,3063.844290278942,-.9924176237837257E-001,-.2554674593277079E-001,93911.29021641676
11000.49062205476,1375.000000000005,306.4724908610206,3064.530588654825,-.3758294486778618,.4066700302232601E-001,93925.38828108556
11000.49062205476,1375.000000000025,306.4724908610252,3064.530588654872,-.3758294486778697,.4066700302232773E-001,93925.38828108701
11000.49062205476,1383.016240718153,306.4977490605913,3064.738657891550,-.2876946512517683,-.7599882014551917E-002,93940.87080120792
11000.49062205476,1400.518738660420,306.5511627422716,3065.256276936499,-.2499634380153829,.6060213539964499E-002,93973.61597172466
11000.49062205476,1424.418798881092,306.6231558414033,3065.845436450855,-.4605319787436668E-001,-.5406847463004322E-002,94017.76026578230
11000.49062205476,1450.581201118911,306.7014997913444,3066.678454575953,-.1278774802981565,.5503999544351212E-002,94065.81054099544
11000.49062205476,1474.481261339574,306.7731110579300,3067.288268011726,.4992031269221597E-001,-.5962639409127446E-002,94109.74220366651
11000.49062205476,1491.983759281850,306.8242508828234,3067.725251356382,-.1052112037701702E-001,.7656791404651975E-002,94141.12147307734
11000.49062205476,1499.999999999997,306.8485386480470,3068.136064901840,-.2948327138477602E-001,-.8946090464190370E-002,94156.02627688326
11000.49062205476,1500.000000000005,306.8485386480489,3068.136064901860,-.2948327138477691E-001,-.8946090464191536E-002,94156.02627688390
11000.49062205476,1508.016240718153,306.8727953849856,3068.540289918551,-.3195032439239204,-.9817385479865548E-004,94170.91312826498
11000.49062205476,1525.518738660410,306.9263879418670,3068.992703519085,-.7456897424348130E-001,.1153396243851468E-003,94203.80817288109
11000.49062205476,1549.418798881102,306.9980962105076,3069.600840271755,-.3487573266836275E-001,-.6110763700406530E-004,94247.83161885569
11000.49062205476,1575.581201118908,307.0767431509969,3070.369505121677,-.4706706694919638E-001,.1009021388208575E-003,94296.12673515135
11000.49062205476,1599.481261339566,307.1479887753569,3071.014411249241,-.5909096519537055E-001,-.6664170422071569E-004,94339.88754352836
11000.49062205476,1616.983759281847,307.1994586822928,3071.375231364138,.3361187922867276E-001,.1207092945288424E-003,94371.50795559585
11000.49062205476,1624.999999999999,307.2229128723696,3072.015607788861,-.4906754493136165,-.5138889763644350E-002,94385.91878720128
11000.49062205476,1625.000000000008,307.2229128723704,3072.015607788868,-.4906754493136158,-.5138889763644072E-002,94385.91878720147
11000.49062205476,1633.016240718139,307.2478571827680,3072.245899785475,-.2308037410354048,.4268270165503629E-002,94401.24633792235
11000.49062205476,1650.518738660408,307.3013275735101,3072.635997666011,-.3265835711161570,-.3330510580802526E-002,94434.10649056781
11000.49062205476,1674.418798881097,307.3729627912372,3073.268442523376,-.5426368210813765E-001,.3067342915223703E-002,94478.13878889826
11000.49062205476,1700.581201118914,307.4515766813082,3074.125745667274,-.3347838476568022,-.3032464260362633E-002,94526.47253258862
11000.49062205476,1724.481261339552,307.5227754990642,3074.649417844793,-.9652450183363820E-001,.3374807093757010E-002,94570.25792988148
11000.49062205476,1741.983759281854,307.5734197687770,3075.253397056696,-.3095970856759589,-.4271488895252057E-002,94601.40900106210
11000.49062205476,1749.999999999983,307.5964800306895,3075.413777973071,.7924895565922607E-001,.1243598677029290E-001,94615.59503113477
11000.49062205476,1750.000000000017,307.5964800306949,3075.413777973125,.7924895565922835E-001,.1243598677029348E-001,94615.59503113655
11000.49062205476,1758.016240718161,307.6216875617573,3076.216375884905,-.6306072766062180,-.5825355103905222E-002,94631.10315349509
11000.49062205476,1775.518738660420,307.6758037282597,3075.985943196863,-.2857182769304037,.4580835628754214E-002,94664.40062507687
11000.49062205476,1799.418798881107,307.7476070496024,3077.570013475904,-.1967862030913802,-.4157145101470763E-002,94708.58998574966
11000.49062205476,1825.581201118914,307.8261809427117,3076.392082957701,.1172579408462726,.4160947469703830E-002,94756.95794566002
11000.49062205476,1849.481261339561,307.8977739987018,3077.350264888304,-.2345091850035497,-.4571381872512312E-002,94801.03942510919
11000.49062205476,1866.983759281861,307.9498293220902,3078.678466193614,-.2517312114586844,.5821865787508172E-002,94833.09752522243
11000.49062205476,1874.999999999985,307.9738886488475,3079.279753507629,-.6291003985704913E-001,-.9740188915876011E-002,94847.91626774274
11000.49062205476,1875.000000000024,307.9738886488537,3079.279753507687,-.6291003985705121E-001,-.9740188915876771E-002,94847.91626774461
11000.49062205476,1883.016240718141,307.9982263418765,3079.662065942406,-.1132287092279252,.2216932540504910E-002,94862.90754452444
11000.49062205476,1900.518738660420,308.0513338937161,3080.393091299447,-.4969846558791878E-001,-.1740893948744281E-002,94895.62438670901
11000.49062205476,1924.418798881097,308.1230553590228,3081.211220568800,-.9890728282310648E-002,.1585680788178013E-002,94939.81728565040
11000.49062205476,1950.581201118912,308.2017087050455,3082.005119800676,-.6985746214243249E-002,-.1584438651289750E-002,94988.29327299862
11000.49062205476,1974.481261339550,308.2733489444716,3082.737381155351,.2457530486093512E-002,.1744196570802796E-002,95032.45768721265
11000.49062205476,1991.983759281852,308.3256483575954,3083.247792445245,-.3356011366352010E-002,-.2217031459649747E-002,95064.70545964999
11000.49062205476,1999.999999999968,308.3499999999976,3083.499999999995,.000000000000000E+000,.000000000000000E+000,95079.72249999995
11499.98507901988,.000000000000000E+000,301.6939194204184,1207.512893878466,395.8304746492740,.000000000000000E+000,91019.25043643796
11499.98507901988,8.016240718149545,301.6191348618074,1316.449422746080,430.8310576642989,.1964252959705036E-001,90974.13041436925
11499.98507901988,25.51873866042869,301.4789291977218,1523.777857434071,493.7866788861411,.1601873532571352E-002,90889.57143250157
11499.98507901988,49.41879888109523,301.3445743516686,1720.100629900993,548.6915463189273,.4087859727534193E-001,90808.57764965475
11499.98507901988,75.58120111890503,301.2693725627504,1830.308677579204,578.4421669739897,.2488876482721392E-001,90763.25582262225
11499.98507901988,99.48126133957076,301.2397316400484,1876.040203252369,592.5410687784934,.5027539440771633E-001,90745.39299175981
11499.98507901988,116.9837592818501,301.2289925890929,1893.041329810153,599.6493057520727,.2143175437025668E-001,90738.92086783118
11499.98507901988,124.9999999999995,301.2258834981975,1898.281154760754,602.5755959364078,.1290984643170423,90737.04693108704
11499.98507901988,124.9999999999989,301.2258834981959,1898.281154760744,602.5755959364046,.1290984643170441,90737.04693108660
11499.98507901988,133.0162407181498,301.2233400916152,1902.094194608599,605.2698076787043,-.2901276129126895E-001,90735.51391017420
11499.98507901988,150.5187386604267,301.2195800870930,1907.701395156346,610.9020862713307,.8561709693838604E-001,90733.24730445718
11499.98507901988,174.4187988810964,301.2166684377343,1911.057559971860,617.8495443165796,-.1672063471151053E-001,90731.49166528763
11499.98507901988,200.5812011189036,301.2149201829521,1911.856756438084,624.4812558362431,.7536846398902219E-001,90730.43709221951
11499.98507901988,224.4812613395718,301.2143413307143,1910.647435714152,629.1963377853199,-.2722555104594104E-001,90730.08741370522
11499.98507901988,241.9837592818481,301.2144926883096,1909.429562581664,631.4692624385361,.8520144164645527E-001,90730.17803271953
11499.98507901988,249.9999999999999,301.2147027991109,1908.913788941992,632.1755224106522,-.2475522341561263,90730.30437167035
11499.98507901988,249.9999999999981,301.2147027991087,1908.913788941978,632.1755224106478,-.2475522341561288,90730.30437166974
11499.98507901988,258.0162407181497,301.2150214768649,1908.592826078818,632.6912821782136,.1884174876723388,90730.49613041070
11499.98507901988,275.5187386604276,301.2160262365389,1908.305708510124,633.3570328718973,-.1175305895303439,90731.10095877943
11499.98507901988,299.4187988810972,301.2182069643903,1908.909699166427,633.1032273026747,.1388175911708931,90732.41417176930
11499.98507901988,325.5812011189054,301.2220978567598,1911.428601581355,631.2801859752294,-.1126701129735183,90734.75777687477
11499.98507901988,349.4812613395671,301.2272045790914,1916.400567533903,627.8813218284603,.1436133543939951,90737.83410981511
11499.98507901988,366.9837592818539,301.2322432488469,1922.081717484698,624.0168005698465,-.1589909850660306,90740.86976086628
11499.98507901988,375.0000000000026,301.2347505384066,1925.348181352184,621.8863942680744,.6582212251350683,90742.38047680486
11499.98507901988,375.0000000000005,301.2347505384047,1925.348181352172,621.8863942680708,.6582212251350590,90742.38047680429
11499.98507901988,383.0162407181469,301.2388503662807,1929.269637815487,619.2523784498205,-.3982720391763520,90744.85063440367
11499.98507901988,400.5187386604230,301.2486966982872,1939.616606027625,612.6018309439276,.3255163840904923,90750.78378482856
11499.98507901988,424.4187988810962,301.2678340796862,1958.122354269426,600.0835012844341,-.2966960229580128,90762.31705783110
11499.98507901988,450.5812011189073,301.3083382043199,1992.819391034604,580.5963876152287,.2941855015659927,90786.73265328731
11499.98507901988,474.4812613395653,301.3721098501142,2046.630364793188,555.7735452414402,-.3308825672528578,90825.18766294082
11499.98507901988,491.9837592818488,301.4565871289595,2108.811162917240,529.8290040866008,.4005324335710777,90876.14620582607
11499.98507901988,499.9999999999977,301.5016289164532,2142.351651822088,516.3642941121579,-1.489032984588565,90903.33308039996
11499.98507901988,499.9999999999993,301.5016289164541,2142.351651822094,516.3642941121597,-1.489032984588571,90903.33308040025
11499.98507901988,508.0162407181474,301.5860086882370,2190.569000242912,496.5710713920123,.7613196669353619,90954.24866121236
11499.98507901988,525.5187386604250,301.7777160439398,2305.298473215497,447.8597295797335,-.6086608848971029,91070.01509959494
11499.98507901988,549.4187988810925,302.2191414875968,2522.960871294939,349.5323333079635,.5582334961848310,91336.83929805130
11499.98507901988,575.5812011189098,302.9503485671532,2811.042148321979,199.1928916302821,-.5484204016542269,91779.49472946217
11499.98507901988,599.4812613395654,303.7015668323952,3017.883250683236,65.64254706822946,.6231327640970145,92235.03184058373
11499.98507901988,616.9837592818517,304.0706698879562,3072.074817309111,11.28069871996048,-.7897847903685700,92459.13366354411
11499.98507901988,625.0000000000007,304.1997098828651,3087.829297170208,-4.365250982688088,1.902067184432576,92537.56247452044
11499.98507901988,625.0000000000039,304.1997098828663,3087.829297170221,-4.365250982688101,1.902067184432581,92537.56247452082
11499.98507901988,633.0162407181493,304.2588483941025,3084.275850358640,-9.517851417043735,-.6703633767065263,92573.49388988687
11499.98507901988,650.5187386604227,304.3522676027400,3081.112687621935,-14.47337115560941,.5277741479510053,92630.31136374176
11499.98507901988,674.4187988810944,304.3941006000445,3068.020030679298,-9.843505379572417,-.4790226966413546,92655.76964740449
11499.98507901988,700.5812011189064,304.4371984189622,3056.648706083761,-4.229188059388355,.4791186812946121,92682.00868584016
11499.98507901988,724.4812613395709,304.4846423599259,3043.797964917347,2.217028768814334,-.5252921274921257,92710.89890555982
11499.98507901988,741.9837592818463,304.5413797082753,3043.601613254982,2.639683954633048,.6647289659838433,92745.45424487229
11499.98507901988,750.0000000000015,304.5745890790715,3045.763813798102,2.179291560443264,-1.221492415964326,92765.68322907420
11499.98507901988,750.0000000000056,304.5745890790731,3045.763813798118,2.179291560443275,-1.221492415964332,92765.68322907473
11499.98507901988,758.0162407181422,304.6053463094515,3048.225737465155,.8491851354238520,.3782682020829740,92784.41917318309
11499.98507901988,775.5187386604150,304.6737951032620,3051.838025640121,-.2642189051533999,-.2997168460683690,92826.12268376027
11499.98507901988,799.4187988810949,304.7428207502402,3048.409039554248,.6941942769961909,.2734802161327137,92868.18763256115
11499.98507901988,825.5812011189107,304.8272678066961,3048.224128859972,1.070595967497278,-.2735786005280281,92919.66412531110
11499.98507901988,849.4812613395625,304.8969900315674,3049.913115132262,1.046844836691573,.3012479713013524,92962.17511346226
11499.98507901988,866.9837592818446,304.9432293614481,3048.313793312310,1.343574683598804,-.3834556047320145,92990.37380158546
11499.98507901988,874.9999999999990,304.9651456856203,3049.980356709815,.5982744255854122,.7524707318075896,93003.74109950423
11499.98507901988,875.0000000000010,304.9651456856212,3049.980356709825,.5982744255854127,.7524707318075918,93003.74109950458
11499.98507901988,883.0162407181449,304.9933070630821,3050.265509414082,.3373516302630477,-.2332798021399391,93020.91817175900
11499.98507901988,900.5187386604171,305.0487963867739,3051.486797621823,-.6680710517529209E-001,.1833731000968273,93054.76890999284
11499.98507901988,924.4187988810968,305.1235783847483,3051.199938439015,.5372085532284591,-.1666769689376467,93100.39871075952
11499.98507901988,950.5812011189056,305.2002682363839,3052.311866320084,.1775269361143520,.1667594378425535,93147.20433848926
11499.98507901988,974.4812613395675,305.2726249860621,3052.436354957076,.5010053853767805,-.1832911478453785,93191.37611384393
11499.98507901988,991.9837592818476,305.3205935896323,3052.786591554803,.5541992503556425,.2329909034194331,93220.66537942138
11499.98507901988,999.9999999999980,305.3452151600881,3053.322339996336,.1845807241294828,-.4400252402448677,93235.70107082317
11499.98507901988,999.9999999999980,305.3452151600881,3053.322339996336,.1845807241294823,-.4400252402448677,93235.70107082315
11499.98507901988,1008.016240718138,305.3683527012089,3053.803098693374,.1077718470854874,.1315070897691978,93249.83147036334
11499.98507901988,1025.518738660421,305.4260061908390,3054.640122992326,.1830796612065830,-.1035411235970569,93285.04586205038
11499.98507901988,1049.418798881096,305.4975588715174,3055.198593779627,.3290832120787666,.9425990831840192E-001,93328.75900121790
11499.98507901988,1075.581201118908,305.5769275948406,3055.677350566016,.3044573087589366,-.9425941587725212E-001,93377.25922054479
11499.98507901988,1099.481261339562,305.6472977741681,3056.632863791688,.3129077460630383,.1037628258407342,93420.27112407860
11499.98507901988,1116.983759281850,305.6977512004498,3056.156782452100,.2904075334961755,-.1320301646926619,93451.11560398413
11499.98507901988,1125.000000000006,305.7199018962745,3057.275395607216,-.3008699179594438,.2409755610161866,93464.65905669400
11499.98507901988,1125.000000000003,305.7199018962735,3057.275395607207,-.3008699179594436,.2409755610161856,93464.65905669374
11499.98507901988,1133.016240718150,305.7469496535401,3057.350841993373,-.2255835788896989,-.6572210811679030E-001,93481.19782034549
11499.98507901988,1150.518738660425,305.8004212810333,3058.048053300492,-.3745256755539323,.5167669774107669E-001,93513.89822563855
11499.98507901988,1174.418798881095,305.8734565004073,3058.448773139271,-.1487204516767302,-.4694771314618110E-001,93558.57192727750
11499.98507901988,1200.581201118908,305.9511106272996,3059.382700594980,-.3468976685521802,.4698501589594428E-001,93606.08262847029
11499.98507901988,1224.481261339567,306.0231165739472,3059.893450047445,-.3120213074202571E-001,-.5163036676613003E-001,93650.14838272028
11499.98507901988,1241.983759281857,306.0731040224983,3060.277041570876,-.1264344944468282,.6569728503711378E-001,93680.74549577231
11499.98507901988,1249.999999999995,306.0980069636918,3060.817803077678,-.2316159410686788,-.1172956078883247,93695.99043660550
11499.98507901988,1250.000000000008,306.0980069636947,3060.817803077707,-.2316159410686816,-.1172956078883255,93695.99043660640
11499.98507901988,1258.016240718153,306.1214470679453,3061.129581051197,-.4658469953406189,.3134955218371341E-001,93710.34091392308
11499.98507901988,1275.518738660422,306.1763373480229,3061.707632823928,-.3071060884050837,-.2462512973983885E-001,93743.95007411498
11499.98507901988,1299.418798881096,306.2479455056609,3062.329206234794,-.2076024470076342,.2247295717704606E-001,93787.80462226064
11499.98507901988,1325.581201118905,306.3267630887442,3063.014356292379,-.2413220213768560,-.2240660210205023E-001,93836.08628817325
11499.98507901988,1349.481261339568,306.3978066521663,3063.740560028514,-.1847766401754524,.2473893920642248E-001,93879.61640758185
11499.98507901988,1366.983759281844,306.4493201160006,3063.955351353403,-.1602998967227787,-.3139764291221517E-001,93911.18629431631
11499.98507901988,1375.000000000005,306.4723070822690,3064.547663397026,-.4313558414125181,.5305715444611214E-001,93925.27556431142
11499.98507901988,1375.000000000025,306.4723070822738,3064.547663397075,-.4313558414125261,.5305715444611342E-001,93925.27556431288
11499.98507901988,1383.016240718153,306.4977182211031,3064.895538085105,-.5244156960439896,-.1199353783148721E-001,93940.85182669849
11499.98507901988,1400.518738660420,306.5512161149178,3065.359069692997,-.4112315188146727,.9507466989324392E-002,93973.64863599034
11499.98507901988,1424.418798881092,306.6232779817472,3065.953426233449,-.2424037025221049,-.8540262190428055E-002,94017.83512441328
11499.98507901988,1450.581201118911,306.7016206272003,3066.725331715601,-.3314835496633352,.8655483576156670E-002,94065.88463852278
11499.98507901988,1474.481261339574,306.7732215219587,3067.316489109146,-.1499397988236524,-.9391655303381707E-002,94109.80998027907
11499.98507901988,1491.983759281850,306.8242077656204,3067.685890521461,-.2081604451253003,.1206677785143206E-001,94141.09502217807
11499.98507901988,1499.999999999997,306.8485409349718,3068.129821736434,-.2278603107428857,-.1876124452705166E-001,94156.02770586724
11499.98507901988,1500.000000000005,306.8485409349738,3068.129821736453,-.2278603107428882,-.1876124452705105E-001,94156.02770586782
11499.98507901988,1508.016240718153,306.8728105132907,3068.503929603503,-.5348912232552268,.3648841881889714E-002,94170.92244211334
11499.98507901988,1525.518738660410,306.9264131589624,3068.952474038537,-.2760603666426074,-.2796784070754982E-002,94203.82368762302
11499.98507901988,1549.418798881102,306.9981362271731,3069.562523137207,-.1894847243202813,.2621541855713005E-002,94247.85623346080
11499.98507901988,1575.581201118908,307.0767491278305,3070.372372967988,-.1023371945172372,-.2558968823690611E-002,94296.13045272126
11499.98507901988,1599.481261339566,307.1479431388346,3071.001521518823,-.1000446191803278,.2879982954588606E-002,94339.85955852750
11499.98507901988,1616.983759281847,307.1993635582278,3071.414306480629,.9855957583389896E-001,-.3613728247416126E-002,94371.44956131233
11499.98507901988,1624.999999999999,307.2227684068295,3072.031608845220,-.5127140828504628,.2934965421869884E-002,94385.83007722182
11499.98507901988,1625.000000000008,307.2227684068302,3072.031608845227,-.5127140828504640,.2934965421871660E-002,94385.83007722202
11499.98507901988,1633.016240718139,307.2477328149392,3072.274274436924,-.1678040337459723,.1384982628544196E-002,94401.16996816288
11499.98507901988,1650.518738660408,307.3012732901535,3072.698973540042,-.2423264416454199,-.1049989015264929E-002,94434.07318351087
11499.98507901988,1674.418798881097,307.3729260953505,3073.324820489861,.8841972822994437E-001,.1012381698853482E-002,94478.11627896698
11499.98507901988,1700.581201118914,307.4515240008309,3074.239775172156,-.2146613849875292,-.9481350654810816E-003,94526.44018475238
11499.98507901988,1724.481261339552,307.5226654841003,3074.737051546708,.8510391279145990E-001,.1125462903404317E-002,94570.19030046980
11499.98507901988,1741.983759281854,307.5731951435474,3075.412669871480,-.1964939726992816,-.1354783801141957E-002,94601.27085570138
11499.98507901988,1749.999999999983,307.5963139359897,3075.453486953325,.2975166821113984,.5994397106841298E-002,94615.49288392911
11499.98507901988,1750.000000000017,307.5963139359953,3075.453486953381,.2975166821114019,.5994397106841964E-002,94615.49288393084
11499.98507901988,1758.016240718161,307.6214673535441,3076.359737415871,-.5383889866348021,-.3357937780859688E-002,94630.96770493095
11499.98507901988,1775.518738660420,307.6757229009288,3076.053495621763,-.2418943668262403,.2687929019869251E-002,94664.35091994437
11499.98507901988,1799.418798881107,307.7475751933164,3077.679585136513,-.9802497357648687E-001,-.2389023682220215E-002,94708.57040397610
11499.98507901988,1825.581201118914,307.8261113737723,3076.101420531032,-.7082675904497293E-003,.2427213058769806E-002,94756.91513433674
11499.98507901988,1849.481261339561,307.8977623142176,3077.058767432887,-.5313633787184203,-.2644260781416941E-002,94801.03224404903
11499.98507901988,1866.983759281861,307.9497170872598,3078.550265975355,-.4461877054965844,.3377160680378258E-002,94833.02841050331
11499.98507901988,1874.999999999985,307.9739203756211,3079.221687491215,-.2013505421481577,-.5581777480928196E-002,94847.93582038046
11499.98507901988,1875.000000000024,307.9739203756269,3079.221687491274,-.2013505421481611,-.5581777480928599E-002,94847.93582038229
11499.98507901988,1883.016240718141,307.9981467225840,3079.612963101923,-.1965565710161396,.1251876908260660E-002,94862.85850701173
11499.98507901988,1900.518738660420,308.0513111748086,3080.377619518244,-.8137489453094993E-001,-.9810372688042052E-003,94895.61039473521
11499.98507901988,1924.418798881097,308.1230368320493,3081.207997672261,-.1493567122612099E-001,.8959620492339157E-003,94939.80587081295
11499.98507901988,1950.581201118912,308.2017041915144,3082.003538677698,-.9944353725294952E-002,-.8941371698302156E-003,94988.29049186231
11499.98507901988,1974.481261339550,308.2733413061359,3082.737515065922,.3295329263524799E-002,.9850976528863464E-003,95032.45297795956
11499.98507901988,1991.983759281852,308.3256221527051,3083.246960946162,-.4709532070010652E-002,-.1251041250484775E-002,95064.68930032992
11499.98507901988,1999.999999999968,308.3499999999975,3083.499999999995,.000000000000000E+000,.000000000000000E+000,95079.72249999992
12000.24011061030,.000000000000000E+000,301.7355167567337,1211.087093212019,430.9348043560548,.000000000000000E+000,91044.34948479958
12000.24011061030,8.016240718149545,301.6617027291092,1320.390901692368,469.1045333584766,.2014241927514659E-001,90999.80897020630
12000.24011061030,25.51873866042869,301.5238088890196,1528.084588445294,538.3695663753449,.5476523036817421E-003,90916.63232657508
12000.24011061030,49.41879888109523,301.3927343259070,1723.172811026029,600.6075217338308,.4010244562672984E-001,90837.60393479814
12000.24011061030,75.58120111890503,301.3206256278713,1831.093176690998,634.7084254028312,.2241240920213905E-001,90794.13909145675
12000.24011061030,99.48126133957076,301.2924112819481,1875.610603421741,649.1973533558213,.4823559533413013E-001,90777.13302416028
12000.24011061030,116.9837592818501,301.2820671663945,1891.428970187117,654.7892547390732,.1842254559232581E-001,90770.89789809778
12000.24011061030,124.9999999999995,301.2792225039408,1895.925050602069,656.6005187653343,.1265601339341656,90769.18302326030
12000.24011061030,124.9999999999989,301.2792225039392,1895.925050602060,656.6005187653309,.1265601339341604,90769.18302325983
12000.24011061030,133.0162407181498,301.2769720447972,1898.860588045799,658.0356328345373,-.3040231569758389E-001,90767.82630650249
12000.24011061030,150.5187386604267,301.2739765150928,1902.287114863347,660.7593044752086,.8296745207706568E-001,90766.02006163265
12000.24011061030,174.4187988810964,301.2725859602800,1902.740173483491,664.0847751333446,-.1728945401929083E-001,90765.18083113222
12000.24011061030,200.5812011189036,301.2732432200660,1901.604767628607,667.3281084712155,.7387793935317910E-001,90765.57577058715
12000.24011061030,224.4812613395718,301.2749430708303,1900.386891677680,669.4085507632894,-.2667322817582940E-001,90766.59926878189
12000.24011061030,241.9837592818481,301.2768700174319,1899.482269791746,670.1724046769550,.8457836350169123E-001,90767.75993624673
12000.24011061030,249.9999999999999,301.2779300956886,1898.948703878947,670.2603204559178,-.2383624435516074,90768.39852772269
12000.24011061030,249.9999999999981,301.2779300956865,1898.948703878933,670.2603204559134,-.2383624435516012,90768.39852772203
12000.24011061030,258.0162407181497,301.2791291971806,1898.477200245247,670.2022212897301,.1811497993902208,90769.12090207846
12000.24011061030,275.5187386604276,301.2820410653185,1897.338427149961,669.5389328780427,-.1102580717366889,90770.87518057057
12000.24011061030,299.4187988810972,301.2864039263355,1896.191060367813,667.2162443268062,.1342029890783644,90773.50373973139
12000.24011061030,325.5812011189054,301.2915739837099,1896.543073828148,662.5349927068871,-.1049301665586748,90776.61884940487
12000.24011061030,349.4812613395671,301.2969892476674,1899.022645228437,655.8619748556616,.1391366908648664,90779.88197294399
12000.24011061030,366.9837592818539,301.3017064046524,1902.268315060826,649.3295918004960,-.1492743744407140,90782.72462790459
12000.24011061030,375.0000000000026,301.3039823183024,1904.284275018140,645.8419264925208,.6184651594365289,90784.09627885881
12000.24011061030,375.0000000000005,301.3039823183004,1904.284275018129,645.8419264925167,.6184651594365248,90784.09627885823
12000.24011061030,383.0162407181469,301.3074195991024,1906.948031669550,641.8851076527710,-.3674527903117890,90786.16785637109
12000.24011061030,400.5187386604230,301.3157613201304,1914.941957992881,632.7253993671351,.3038122989248080,90791.19564555635
12000.24011061030,424.4187988810962,301.3320377312376,1933.099780263007,618.7473961060535,-.2739605286617336,90801.00735868711
12000.24011061030,450.5812011189073,301.3675695144410,1968.917505297876,600.8351122434531,.2732196609371355,90822.43034570481
12000.24011061030,474.4812613395653,301.4248012003977,2023.250198953213,580.5354838399915,-.3074459621005864,90856.94740794005
12000.24011061030,491.9837592818488,301.5007677553676,2084.622301558006,557.9738142631735,.3717332294968769,90902.77878471944
12000.24011061030,499.9999999999977,301.5400441826415,2117.419864607616,545.7858328706773,-1.368477234755205,90926.48903641678
12000.24011061030,499.9999999999993,301.5400441826424,2117.419864607622,545.7858328706789,-1.368477234755208,90926.48903641709
12000.24011061030,508.0162407181474,301.6170808290723,2164.013323727866,526.1022985649291,.6864238573748394,90972.97833511933
12000.24011061030,525.5187386604250,301.7883107222241,2274.164165600485,479.6973872281137,-.5523121128390668,91076.39148710269
12000.24011061030,549.4187988810925,302.1937000579092,2487.453885762553,382.1448940501276,.5017775103374119,91321.43919253218
12000.24011061030,575.5812011189098,302.8858156847817,2778.220510860831,228.4934129951978,-.4975137317160925,91740.39767133766
12000.24011061030,599.4812613395654,303.6294738483482,2998.183213853048,84.16458045062305,.5627365496489050,92191.29364412339
12000.24011061030,616.9837592818517,304.0229192584954,3065.199284977142,19.04249357603931,-.7113530198478374,92430.13807620181
12000.24011061030,625.0000000000007,304.1646649321155,3084.961203607599,.3615886293740320,1.692298891734367,92516.27242928831
12000.24011061030,625.0000000000039,304.1646649321169,3084.961203607611,.3615886293740278,1.692298891734377,92516.27242928873
12000.24011061030,633.0162407181493,304.2393420683783,3084.767800648885,-8.726412279945626,-.5966253486433567,92561.64038077343
12000.24011061030,650.5187386604227,304.3495090412154,3083.284409716518,-16.84694273084588,.4708360792757450,92628.63537161295
12000.24011061030,674.4187988810944,304.3982204141830,3070.187169305882,-12.17623923834181,-.4269529666930495,92658.27792217357
12000.24011061030,700.5812011189064,304.4387415440159,3058.263806591028,-5.301196136700823,.4271918914206384,92682.94819499349
12000.24011061030,724.4812613395709,304.4821437185761,3045.625601419028,1.827810113876911,-.4682339798048417,92709.37728645593
12000.24011061030,741.9837592818463,304.5385500017436,3044.408459290959,2.617232218016039,.5926392568027091,92743.73088824018
12000.24011061030,750.0000000000015,304.5731713553433,3046.386609809449,1.866591109232458,-1.086341630644256,92764.81981352094
12000.24011061030,750.0000000000056,304.5731713553450,3046.386609809466,1.866591109232469,-1.086341630644261,92764.81981352148
12000.24011061030,758.0162407181422,304.6035610753309,3048.527785399147,.7213817926278444,.3359455556627348,92783.33177551848
12000.24011061030,775.5187386604150,304.6727256812075,3052.287336642849,-.4337843134591961,-.2661424011283529,92825.47110015797
12000.24011061030,799.4187988810949,304.7429727161830,3048.688764656372,.7965703158390632,.2428145602394515,92868.28025604237
12000.24011061030,825.5812011189107,304.8272822647324,3048.524728045396,1.217171516410288,-.2429202488237918,92919.67293765342
12000.24011061030,849.4812613395625,304.8968517097401,3049.877815402447,1.234770947556581,.2674993453627635,92962.09078778766
12000.24011061030,866.9837592818446,304.9430353532844,3048.578674626405,1.271545219346297,-.3406374236752159,92990.25548712001
12000.24011061030,874.9999999999990,304.9643189170268,3049.832375600034,.5039618786373521,.6643257370398887,93003.23688797950
12000.24011061030,875.0000000000010,304.9643189170276,3049.832375600044,.5039618786373556,.6643257370398905,93003.23688797976
12000.24011061030,883.0162407181449,304.9928550335950,3050.390401342789,.5192062892093880,-.2032926225760891,93020.64249398879
12000.24011061030,900.5187386604171,305.0484148135769,3051.721826668650,.1212192927195290,.1597673673123091,93054.53616052971
12000.24011061030,924.4187988810968,305.1234114388587,3051.387158155801,.8024976186979029,-.1451483570780592,93100.29685066329
12000.24011061030,950.5812011189056,305.2001425050526,3052.447529365935,.5426591501084594,.1452879468120770,93147.12758242339
12000.24011061030,974.4812613395675,305.2727152018632,3052.713324341049,.7600594806668433,-.1596031606905310,93191.43120260633
12000.24011061030,991.9837592818476,305.3201288849278,3052.767480256562,.7637968711676768,.2029611174595816,93220.38161272008
12000.24011061030,999.9999999999980,305.3449377961429,3053.301690885600,.3931793633983287,-.3820853160157627,93235.53173596656
12000.24011061030,999.9999999999980,305.3449377961429,3053.301690885600,.3931793633983287,-.3820853160157625,93235.53173596654
12000.24011061030,1008.016240718138,305.3682604661036,3053.878827780014,.1468817036561174,.1136831785080694,93249.77515575226
12000.24011061030,1025.518738660421,305.4257841259289,3054.645674736142,.1859837360464471,-.8946457051812173E-001,93284.91023677783
12000.24011061030,1049.418798881096,305.4976164601478,3055.226881361281,.3061648807928443,.8146651474823347E-001,93328.79420427466
12000.24011061030,1075.581201118908,305.5769028188060,3055.700901248327,.3186742682587962,-.8149764070223492E-001,93377.24409367176
12000.24011061030,1099.481261339562,305.6471858214952,3056.754234001747,.4408911603640515,.8964708597376081E-001,93420.20269710357
12000.24011061030,1116.983759281850,305.6975626466934,3056.399514803905,.5657723365555258,-.1141696381364157,93451.00033012082
12000.24011061030,1125.000000000006,305.7194163401464,3057.260321116829,.9070820382439226E-001,.2042124338848724,93464.36218716502
12000.24011061030,1125.000000000003,305.7194163401455,3057.260321116821,.9070820382439315E-001,.2042124338848717,93464.36218716482
12000.24011061030,1133.016240718150,305.7467121818936,3057.659287609364,.9338007138773330E-001,-.5340575541352033E-001,93481.05261926237
12000.24011061030,1150.518738660425,305.8003447328207,3058.334023426303,.5771908592823483E-001,.4193447752587065E-001,93513.85142077052
12000.24011061030,1174.418798881095,305.8734912916744,3058.735507051931,.3007947851512407,-.3809518958118063E-001,93558.59322001689
12000.24011061030,1200.581201118908,305.9510913072869,3059.546021237020,-.1208286005504289E-001,.3816972818652536E-001,93606.07081829086
12000.24011061030,1224.481261339567,306.0231770289820,3060.019062259626,.1380031628428147,-.4187961484500058E-001,93650.18539878758
12000.24011061030,1241.983759281857,306.0729466872303,3060.298584714599,.6068279114481562E-001,.5333764558882437E-001,93680.64921288482
12000.24011061030,1249.999999999995,306.0981005336056,3060.917228693394,-.2312958920726262,-.9235059814953278E-001,93696.04775434948
12000.24011061030,1250.000000000008,306.0981005336086,3060.917228693424,-.2312958920726282,-.9235059814953339E-001,93696.04775435038
12000.24011061030,1258.016240718153,306.1214195344622,3061.115130334946,-.3930125299479570,.2319400004928041E-001,93710.32410183706
12000.24011061030,1275.518738660422,306.1763856135440,3061.738518725790,-.2876839449573921,-.1821946531343988E-001,93743.97969140524
12000.24011061030,1299.418798881096,306.2480015620544,3062.266993100500,-.2246432968007226,.1661954220658157E-001,93787.83902829814
12000.24011061030,1325.581201118905,306.3268387446969,3062.967825392353,-.2540466603790004,-.1659982135351329E-001,93836.13272175990
12000.24011061030,1349.481261339568,306.3977371748824,3063.605455021725,-.1725805473917398,.1828599344262222E-001,93879.57391684968
12000.24011061030,1366.983759281844,306.4492225987236,3063.877160199807,-.1454908158528817,-.2326689602199872E-001,93911.12661093639
12000.24011061030,1375.000000000005,306.4722378365798,3064.536389552808,-.4527072993437725,.3745776476909496E-001,93925.23321313236
12000.24011061030,1375.000000000025,306.4722378365848,3064.536389552857,-.4527072993437786,.3745776476909424E-001,93925.23321313385
12000.24011061030,1383.016240718153,306.4975794312350,3064.680366159818,-.5681250854456170,-.7389528880677898E-002,93940.76684315935
12000.24011061030,1400.518738660420,306.5509901022635,3065.274066040993,-.4310634576165777,.5807038887499671E-002,93973.51014911238
12000.24011061030,1424.418798881092,306.6231390172692,3065.885088847673,-.2399294334318627,-.5261367376159509E-002,94017.74996504688
12000.24011061030,1450.581201118911,306.7014187639374,3066.703670904438,-.3913832122864302,.5287100636650721E-002,94065.76085102023
12000.24011061030,1474.481261339574,306.7730353248730,3067.368748972625,-.1738028353494019,-.5769172226845809E-002,94109.69575320637
12000.24011061030,1491.983759281850,306.8240198867502,3067.727268232541,-.3194959111149014,.7392083928795146E-002,94140.97973122975
12000.24011061030,1499.999999999997,306.8482468758718,3068.191664400442,-.3160244438048688,-.1060970258720279E-001,94155.84724119489
12000.24011061030,1500.000000000005,306.8482468758738,3068.191664400463,-.3160244438048699,-.1060970258720384E-001,94155.84724119547
12000.24011061030,1508.016240718153,306.8725846489466,3068.587282464568,-.6748463510599416,.1556896295215715E-002,94170.78381633827
12000.24011061030,1525.518738660410,306.9263162816241,3069.055479365584,-.4760614160633448,-.1159908427867895E-002,94203.76420454100
12000.24011061030,1549.418798881102,306.9980516177338,3069.638244829035,-.4271273107575481,.1148048483610886E-002,94247.80425734495
12000.24011061030,1575.581201118908,307.0766961122775,3070.443300191544,-.3757249856875660,-.1038834143209377E-002,94296.09785617399
12000.24011061030,1599.481261339566,307.1478756636293,3071.069888202375,-.3735876388319088,.1275031250316250E-002,94339.81806533918
12000.24011061030,1616.983759281847,307.1992296991157,3071.471177147155,-.1756392394500397,-.1487771445540631E-002,94371.36727448218
12000.24011061030,1624.999999999999,307.2225954409236,3072.008366518778,-.7268804935642754,.6692590560464229E-005,94385.72375561585
12000.24011061030,1625.000000000008,307.2225954409244,3072.008366518784,-.7268804935642786,.6692590558632361E-005,94385.72375561608
12000.24011061030,1633.016240718139,307.2475726663823,3072.330177605424,-.4806188416985930,.1758469754092662E-002,94401.07151425115
12000.24011061030,1650.518738660408,307.3013078479460,3072.771358167394,-.5007977347660314,-.1285279853015575E-002,94434.09437745382
12000.24011061030,1674.418798881097,307.3729746152390,3073.325373898768,-.9337362833108953E-001,.1269749098295803E-002,94478.14607167337
12000.24011061030,1700.581201118914,307.4515951532981,3074.319412632602,-.3431894019211568,-.1186383294824567E-002,94526.48391086468
12000.24011061030,1724.481261339552,307.5226953939825,3074.740376692223,.8519649101414672E-001,.1384249460360809E-002,94570.20868355318
12000.24011061030,1741.983759281854,307.5731405936945,3075.530075826160,-.2118062005894998,-.1701646610768714E-002,94601.23729520233
12000.24011061030,1749.999999999983,307.5962198590273,3075.286954411718,.3540267580135814,.6081174146667423E-002,94615.43501978955
12000.24011061030,1750.000000000017,307.5962198590328,3075.286954411774,.3540267580135887,.6081174146668145E-002,94615.43501979130
12000.24011061030,1758.016240718161,307.6212963649645,3076.448049396821,-.5545334583607273,-.3107475267016269E-002,94630.86251540892
12000.24011061030,1775.518738660420,307.6756693689053,3076.110966775839,-.2151451409375946,.2477437388852421E-002,94664.31798912557
12000.24011061030,1799.418798881107,307.7475734824282,3077.743488932377,-.1892641320762767E-001,-.2197439829946968E-002,94708.56936127551
12000.24011061030,1825.581201118914,307.8260502064179,3075.991250130655,.4697570222459113E-001,.2252603885019577E-002,94756.87748362971
12000.24011061030,1849.481261339561,307.8976984591596,3077.027475417141,-.4683027808620412,-.2426001255311644E-002,94800.99292417734
12000.24011061030,1866.983759281861,307.9496291052427,3078.565152045763,-.4075236971080858,.3128175381191770E-002,94832.97421958129
12000.24011061030,1874.999999999985,307.9739067071918,3079.199795126972,-.1979928292332190,-.4998708227846690E-002,94847.92740027930
12000.24011061030,1875.000000000024,307.9739067071981,3079.199795127032,-.1979928292332216,-.4998708227846774E-002,94847.92740028116
12000.24011061030,1883.016240718141,307.9980962229675,3079.610701624222,-.1814520670861847,.1037202187197855E-002,94862.82739593260
12000.24011061030,1900.518738660420,308.0513209159466,3080.381080343652,-.7428124738301878E-001,-.8010827616881239E-003,94895.61639344155
12000.24011061030,1924.418798881097,308.1230358135626,3081.207238184343,-.1480532809630314E-001,.7388221624778923E-003,94939.80524141117
12000.24011061030,1950.581201118912,308.2017155975779,3082.004565923788,-.8868068444527255E-002,-.7332675200061450E-003,94988.29752201025
12000.24011061030,1974.481261339550,308.2733369851410,3082.736794515807,.2574520739641151E-002,.8093290926185128E-003,95032.45031397925
12000.24011061030,1991.983759281852,308.3255994111271,3083.247412906223,-.3716350707960392E-002,-.1027059506819344E-002,95064.67527723683
12000.24011061030,1999.999999999968,308.3499999999975,3083.499999999995,.000000000000000E+000,.000000000000000E+000,95079.72249999992
12500.51623823574,.000000000000000E+000,301.8075665433342,1199.324432020443,454.2287351470206,.000000000000000E+000,91087.83429693614
12500.51623823574,8.016240718149545,301.7334474290343,1307.545725185628,494.5351089908736,.1956742057223004E-001,91043.09892562548
12500.51623823574,25.51873866042869,301.5949802485322,1512.233134754328,567.8047316047048,-.2197526933496730E-003,90959.55620094342
12500.51623823574,49.41879888109523,301.4625433996307,1704.516566003142,633.9296101876629,.3760634935875828E-001,90879.68727039619
12500.51623823574,75.58120111890503,301.3870900671719,1811.710067162444,671.3587458523998,.1974712693528069E-001,90834.19629231715
12500.51623823574,99.48126133957076,301.3555197259244,1855.447014026905,688.5914882699960,.4446528780852033E-001,90815.16402177015
12500.51623823574,116.9837592818501,301.3433728718566,1871.299658523963,695.8521422809486,.1491206204309647E-001,90807.84117191390
12500.51623823574,124.9999999999995,301.3397747253283,1876.104065021842,698.2929781889928,.1202169425962121,90805.67186305889
12500.51623823574,124.9999999999989,301.3397747253267,1876.104065021832,698.2929781889893,.1202169425962136,90805.67186305841
12500.51623823574,133.0162407181498,301.3369080576859,1879.573552789557,700.2154907457380,-.3285772307373813E-001,90803.94349904163
12500.51623823574,150.5187386604267,301.3329516743858,1884.661977640631,703.5450014054966,.7669045307041511E-001,90801.55779182343
12500.51623823574,174.4187988810964,301.3307519945979,1887.911952595239,706.8545054387594,-.2105293884882808E-001,90800.23072209222
12500.51623823574,200.5812011189036,301.3307935069976,1889.962223480144,709.4370679854484,.6699322327320534E-001,90800.25465141126
12500.51623823574,224.4812613395718,301.3323208338199,1891.262750032015,710.3923840502824,-.3073753271358548E-001,90801.17441917644
12500.51623823574,241.9837592818481,301.3342479804747,1891.618878212966,709.9334696002898,.7749675215602858E-001,90802.33547659713
12500.51623823574,249.9999999999999,301.3352974816908,1891.560449580860,709.3832953150060,-.2319310737470390,90802.96783536658
12500.51623823574,249.9999999999981,301.3352974816886,1891.560449580847,709.3832953150009,-.2319310737470341,90802.96783536588
12500.51623823574,258.0162407181497,301.3364343844734,1891.535223606308,708.6233391931069,.1666260064480221,90803.65288110566
12500.51623823574,275.5187386604276,301.3390676517241,1891.514652283397,706.2941314623113,-.1080557417963748,90805.23961486759
12500.51623823574,299.4187988810972,301.3426889790169,1892.078261578703,701.8691553195443,.1221592180841502,90807.42183349242
12500.51623823574,325.5812011189054,301.3467618894332,1894.248574805079,695.4361969123274,-.1028070660319811,90809.87632019722
12500.51623823574,349.4812613395671,301.3511364908813,1898.671072828714,688.0409385595540,.1274206247757688,90812.51286790569
12500.51623823574,366.9837592818539,301.3556305248500,1903.635514259117,681.9694799635048,-.1442419166718323,90815.22161249745
12500.51623823574,375.0000000000026,301.3579583818296,1906.374674177988,679.0018973721546,.5748116702473045,90816.62484662399
12500.51623823574,375.0000000000005,301.3579583818279,1906.374674177976,679.0018973721503,.5748116702473005,90816.62484662338
12500.51623823574,383.0162407181469,301.3616068871736,1909.632314589845,675.6335586707081,-.3415330186800374,90818.82410086493
12500.51623823574,400.5187386604230,301.3704005059462,1918.033050769116,667.6830312154192,.2778804300153650,90824.12525592220
12500.51623823574,424.4187988810962,301.3868927527163,1934.517937488113,654.2385835478321,-.2536542321580559,90834.06874462395
12500.51623823574,450.5812011189073,301.4216971384685,1965.609529405644,634.4853389557429,.2512937893339273,90855.05604707588
12500.51623823574,474.4812613395653,301.4749153796994,2013.066241345324,610.3913457254711,-.2827092473151880,90887.15545121852
12500.51623823574,491.9837592818488,301.5440505074166,2068.167250855665,585.9884699995112,.3436875723499196,90928.86895568122
12500.51623823574,499.9999999999977,301.5784128990910,2097.384164669312,574.3777198946277,-1.255875565183631,90949.61385158695
12500.51623823574,499.9999999999993,301.5784128990919,2097.384164669317,574.3777198946295,-1.255875565183636,90949.61385158724
12500.51623823574,508.0162407181474,301.6496389728519,2141.363245934715,555.5171151538026,.6276345207956119,90992.59944984100
12500.51623823574,525.5187386604250,301.8045898122708,2246.203998626657,513.0390606430174,-.5023505962418435,91086.17884914292
12500.51623823574,549.4187988810925,302.1724275353207,2455.516621107591,418.7796927660113,.4599767469804019,91308.52489989219
12500.51623823574,575.5812011189098,302.8166522196143,2743.513845161004,264.9223076534732,-.4513887536592692,91698.48809510062
12500.51623823574,599.4812613395654,303.5528387529316,2974.973024662816,110.9707673313384,.5152628870810608,92144.80374851965
12500.51623823574,616.9837592818517,303.9751218130377,3058.382207288549,31.79447401118582,-.6495394839679935,92401.11530293638
12500.51623823574,625.0000000000007,304.1360269759655,3084.530091130814,6.710976163189169,1.559274585504857,92498.88079174116
12500.51623823574,625.0000000000039,304.1360269759668,3084.530091130829,6.710976163189199,1.559274585504863,92498.88079174157
12500.51623823574,633.0162407181493,304.2208294586853,3086.051908590706,-5.752848812297316,-.5494384343229556,92550.39234054455
12500.51623823574,650.5187386604227,304.3470460524113,3086.385694128649,-17.86147087393555,.4337767369532307,92627.13946371301
12500.51623823574,674.4187988810944,304.4020199208788,3072.420293489656,-14.02707008664521,-.3932758089001439,92660.59133119113
12500.51623823574,700.5812011189064,304.4410986801338,3060.256087821246,-6.747578261937360,.3932893084561772,92684.38335555175
12500.51623823574,724.4812613395709,304.4798162601998,3047.551435038744,1.127247940789774,-.4310542816629539,92707.95985335473
12500.51623823574,741.9837592818463,304.5365325714919,3045.962185289244,2.324481059482158,.5451668772261840,92742.50225426184
12500.51623823574,750.0000000000015,304.5716435489005,3047.721867786488,1.466382581230798,-.9911629951374359,92763.88940144063
12500.51623823574,750.0000000000056,304.5716435489021,3047.721867786504,1.466382581230808,-.9911629951374417,92763.88940144111
12500.51623823574,758.0162407181422,304.6020445249048,3049.010381440966,.6084952744012005,.3059267976680015,92782.40809591874
12500.51623823574,775.5187386604150,304.6728453207540,3052.494839386645,-.7327956985409954,-.2426574799493266,92825.54424883117
12500.51623823574,799.4187988810949,304.7427916595023,3048.754178157196,.2702168029921060,.2214536809312463,92868.17006919697
12500.51623823574,825.5812011189107,304.8271512898390,3048.481084035322,1.028888908186735,-.2215720393796020,92919.59323925283
12500.51623823574,849.4812613395625,304.8961786505212,3049.849455580443,1.350464423542064,.2440259292609537,92961.68045526481
12500.51623823574,866.9837592818446,304.9425640561325,3048.800405446630,1.429552675741430,-.3107687775854716,92989.96811956483
12500.51623823574,874.9999999999990,304.9639120250438,3049.961084187191,.6493148287832040,.6172342132325144,93002.98878143399
12500.51623823574,875.0000000000010,304.9639120250448,3049.961084187200,.6493148287832073,.6172342132325164,93002.98878143431
12500.51623823574,883.0162407181449,304.9918855485689,3050.403842704271,.6776658737642391,-.1940161870286931,93020.05118992561
12500.51623823574,900.5187386604171,305.0483849848098,3051.739053691217,.1799656809237322,.1523875212565328,93054.51806360623
12500.51623823574,924.4187988810968,305.1232751485713,3051.546764259999,.8400052546476773,-.1385135815606781,93100.21374608314
12500.51623823574,950.5812011189056,305.2002086206597,3052.471232352671,.7304934372280847,.1385546691660361,93147.16801731728
12500.51623823574,974.4812613395675,305.2724402841610,3052.774092466998,.9367454581072512,-.1522873062535254,93191.26342142103
12500.51623823574,991.9837592818476,305.3197834135909,3052.828006490043,1.025999939532686,.1936279825586233,93220.17072044745
12500.51623823574,999.9999999999980,305.3448568249095,3053.665725223471,.6694822908049541,-.3703943994389578,93235.48237556533
12500.51623823574,999.9999999999980,305.3448568249095,3053.665725223471,.6694822908049539,-.3703943994389576,93235.48237556532
12500.51623823574,1008.016240718138,305.3679739374091,3054.157277016669,.4632049371961121,.1131480530252937,93249.60022734912
12500.51623823574,1025.518738660421,305.4253541011033,3054.775131407070,.4902347340182601,-.8901234453635892E-001,93284.64761114150
12500.51623823574,1049.418798881096,305.4976677292345,3055.495577986882,.5006562091624642,.8111418602691545E-001,93328.82556344234
12500.51623823574,1075.581201118908,305.5768686112956,3055.863261926664,.5143433794772032,-.8103035934450942E-001,93377.22321532141
12500.51623823574,1099.481261339562,305.6471516147448,3056.802014492460,.5380089270820095,.8925941005455063E-001,93420.18181806934
12500.51623823574,1116.983759281850,305.6974793263657,3056.472496346937,.5903813935181725,-.1135305616037077,93450.94943100854
12500.51623823574,1125.000000000006,305.7196045661336,3057.419302850114,-.6207671590910790E-001,.2087423377962331,93464.47733164040
12500.51623823574,1125.000000000003,305.7196045661328,3057.419302850106,-.6207671590910724E-001,.2087423377962319,93464.47733164014
12500.51623823574,1133.016240718150,305.7464579823882,3057.476669529120,.1152714374828889,-.5776082389317216E-001,93480.89724693226
12500.51623823574,1150.518738660425,305.8002217811857,3058.367737320031,.3955702485554791E-001,.4541145922803891E-001,93513.77628232281
12500.51623823574,1174.418798881095,305.8735033211050,3058.779798601620,.3737430071505474,-.4127558887129268E-001,93558.60063927452
12500.51623823574,1200.581201118908,305.9510587251813,3059.677751303307,.1918888869900777,.4127925100308083E-001,93606.05093900803
12500.51623823574,1224.481261339567,306.0230973798235,3060.214368088012,.4691563038790689,-.4539683576328513E-001,93650.13670678745
12500.51623823574,1241.983759281857,306.0728404533211,3060.513723246980,.4263908472101057,.5773586698305877E-001,93680.58423574243
12500.51623823574,1249.999999999995,306.0979024242400,3061.045938043807,.1503292140863055,-.1042604749623680,93695.92654037056
12500.51623823574,1250.000000000008,306.0979024242429,3061.045938043839,.1503292140863071,-.1042604749623706,93695.92654037150
12500.51623823574,1258.016240718153,306.1212252242181,3061.312954626549,-.5657857795865695E-002,.2844839996321546E-001,93710.20519899842
12500.51623823574,1275.518738660422,306.1762292079532,3061.957344852811,.3132293580418843E-001,-.2236356045498145E-001,93743.88397443795
12500.51623823574,1299.418798881096,306.2478386788372,3062.486209218649,.7874527568197354E-001,.2040044400831453E-001,93787.73929744145
12500.51623823574,1325.581201118905,306.3266517666235,3063.189479888010,.1533688534807331E-001,-.2033456125088084E-001,93836.01817777530
12500.51623823574,1349.481261339568,306.3975825891588,3063.876277342734,.1986112494512771E-001,.2246458537191998E-001,93879.47917827121
12500.51623823574,1366.983759281844,306.4491297977071,3064.049327435127,.6416142883733489E-001,-.2849760206692675E-001,93911.06972155627
12500.51623823574,1375.000000000005,306.4719505860040,3064.710211003127,-.4197570599159204,.4938621373900709E-001,93925.05713359729
12500.51623823574,1375.000000000025,306.4719505860090,3064.710211003174,-.4197570599159266,.4938621373900653E-001,93925.05713359878
12500.51623823574,1383.016240718153,306.4975130284958,3064.907763349675,-.4232580645935058,-.1190357226297334E-001,93940.72613016922
12500.51623823574,1400.518738660420,306.5510699453826,3065.466228094125,-.3854203815897458,.9418081044923698E-002,93973.55910070974
12500.51623823574,1424.418798881092,306.6232571181180,3065.990190304027,-.1800210030332789,-.8498847974649282E-002,94017.82240428746
12500.51623823574,1450.581201118911,306.7014422980162,3066.757103634066,-.3404729532146665,.8556149902610111E-002,94065.77531589332
12500.51623823574,1474.481261339574,306.7730266543582,3067.384894349478,-.9443305684569903E-001,-.9352397080331087E-002,94109.69046837404
12500.51623823574,1491.983759281850,306.8239231093280,3067.681859970288,-.2234500667154853,.1194611718552707E-001,94140.92038519681
12500.51623823574,1499.999999999997,306.8481563559860,3068.244043494768,-.2994497090773192,-.2045376352844830E-001,94155.79173372178
12500.51623823574,1500.000000000005,306.8481563559878,3068.244043494787,-.2994497090773217,-.2045376352844785E-001,94155.79173372238
12500.51623823574,1508.016240718153,306.8724532618679,3068.521062540045,-.6479974144703187,.5031975496858077E-002,94170.70322439431
12500.51623823574,1525.518738660410,306.9262472329361,3069.018443674280,-.4568096664915703,-.3927159782205480E-002,94203.72186139514
12500.51623823574,1549.418798881102,306.9979767420185,3069.590526945456,-.3960081458001870,.3605617866490607E-002,94247.75831583209
12500.51623823574,1575.581201118908,307.0765964131703,3070.432543775178,-.3471317116761685,-.3576942210844480E-002,94296.03664325620
12500.51623823574,1599.481261339566,307.1477723854051,3071.113790915769,-.3362603723532940,.3977227590373666E-002,94339.75463060397
12500.51623823574,1616.983759281847,307.1990554781235,3071.495689397203,-.1652426195015096,-.5016533143491375E-002,94371.26023953053
12500.51623823574,1624.999999999999,307.2224843948823,3072.153912970358,-.7216988152160106,.7285068112729221E-002,94385.65554104999
12500.51623823574,1625.000000000008,307.2224843948828,3072.153912970365,-.7216988152160131,.7285068112730553E-002,94385.65554105025
12500.51623823574,1633.016240718139,307.2474537085328,3072.390739649067,-.5546884301415389,-.7843174435429034E-003,94400.99842672676
12500.51623823574,1650.518738660408,307.3012806332252,3072.862785293438,-.6108099122414545,.6714927321346265E-003,94434.07766447542
12500.51623823574,1674.418798881097,307.3729823076454,3073.327181955090,-.2161051750220692,-.5315471486933565E-003,94478.15081351314
12500.51623823574,1700.581201118914,307.4516035099946,3074.379782724585,-.5800974617476398,.6137368020643352E-003,94526.48906353691
12500.51623823574,1724.481261339552,307.5226751519683,3074.656163921898,-.1017675585744469,-.5898133791654159E-003,94570.19624930325
12500.51623823574,1741.983759281854,307.5730265683317,3075.557723496875,-.4802763973685300,.8104418207367514E-003,94601.16717729773
12500.51623823574,1749.999999999983,307.5960831331940,3075.002394237144,.1442922516549910,.7595487374606469E-003,94615.35093699087
12500.51623823574,1750.000000000017,307.5960831331997,3075.002394237202,.1442922516549949,.7595487374603138E-003,94615.35093699268
12500.51623823574,1758.016240718161,307.6211298787691,3076.390403723985,-.7834737297493108,-.1234925217405702E-002,94630.76011826791
12500.51623823574,1775.518738660420,307.6756156865866,3076.014215641764,-.4969690939956161,.9860875521005563E-003,94664.28498954242
12500.51623823574,1799.418798881107,307.7475835644478,3077.613918967345,-.1646248017709199,-.8766955299030488E-003,94708.57560049213
12500.51623823574,1825.581201118914,307.8259674337406,3075.877810918972,-.2672055306423003,.8818996067641305E-003,94756.82655647084
12500.51623823574,1849.481261339561,307.8976079699283,3076.918988926696,-.7360313455689355,-.9662345186439159E-003,94800.93722452666
12500.51623823574,1866.983759281861,307.9495088093673,3078.514004883472,-.5068325522337386,.1232634346512718E-002,94832.90014463634
12500.51623823574,1874.999999999985,307.9737880868204,3079.122097770939,-.2679475917039525,-.1948076994963813E-002,94847.85435966181
12500.51623823574,1875.000000000024,307.9737880868265,3079.122097770998,-.2679475917039578,-.1948076994963854E-002,94847.85435966367
12500.51623823574,1883.016240718141,307.9980194600292,3079.591325774865,-.2221872963798529,.3881038373952511E-003,94862.78012103536
12500.51623823574,1900.518738660420,308.0512958023453,3080.370567308433,-.8795779825406702E-001,-.3025202911702343E-003,94895.60092611186
12500.51623823574,1924.418798881097,308.1230220238670,3081.203158336223,-.1832435084009332E-001,.2776551037798614E-003,94939.79674647319
12500.51623823574,1950.581201118912,308.2017177161810,3082.004272613926,-.9229665028933631E-002,-.2759721362772284E-003,94988.29882996637
12500.51623823574,1974.481261339550,308.2733313236783,3082.735585166894,.1952216743266955E-002,.3050392069094184E-003,95032.44682581932
12500.51623823574,1991.983759281852,308.3255749625596,3083.248210244727,-.3300305793810465E-002,-.3856005064056200E-003,95064.66020473413
12500.51623823574,1999.999999999968,308.3499999999973,3083.499999999995,.000000000000000E+000,.000000000000000E+000,95079.72249999995
13000.32262301903,.000000000000000E+000,301.8809974934865,1177.305797884936,477.4764663518368,.000000000000000E+000,91132.16555663553
13000.32262301903,8.016240718149545,301.8062574446042,1283.364891982582,519.9063678259288,.1936999523049113E-001,91087.04453621959
13000.32262301903,25.51873866042869,301.6662506231663,1484.535759908867,597.7455047358866,.7641793332091029E-003,91002.55291198815
13000.32262301903,49.41879888109523,301.5326842844371,1674.423861348148,669.1874901627777,.3913747368697779E-001,90921.98401496245
13000.32262301903,75.58120111890503,301.4567352740352,1781.801230665547,710.9597135791275,.2235778812549560E-001,90876.18336173186
13000.32262301903,99.48126133957076,301.4243971552642,1827.710806844701,731.1862994090276,.4708085057303524E-001,90856.68350078526
13000.32262301903,116.9837592818501,301.4112416316780,1846.163498220791,740.2967116820319,.1804333228546118E-001,90848.75069545947
13000.32262301903,124.9999999999995,301.4069901263865,1852.389833988070,743.6134521131793,.1234108314092708,90846.18695840123
13000.32262301903,124.9999999999989,301.4069901263849,1852.389833988061,743.6134521131758,.1234108314092703,90846.18695840077
13000.32262301903,133.0162407181498,301.4034577303067,1857.504791695488,746.3113225969129,-.3040893244147191E-001,90844.05682878217
13000.32262301903,150.5187386604267,301.3978115597625,1866.422001087898,751.1277309092791,.8019435371366479E-001,90840.65187231026
13000.32262301903,174.4187988810964,301.3930593252441,1874.773499388349,755.0820487856356,-.1865555133909852E-001,90837.78568865251
13000.32262301903,200.5812011189036,301.3903698486573,1880.771983079905,756.0017919512294,.7011893652152945E-001,90836.16322006033
13000.32262301903,224.4812613395718,301.3896449023982,1883.839025232663,754.6069173433482,-.2873621171715046E-001,90835.72538475922
13000.32262301903,241.9837592818481,301.3899589485623,1884.978862630663,752.9341372851004,.8018088446281146E-001,90835.91420712846
13000.32262301903,249.9999999999999,301.3903172204155,1885.193149362720,751.9485358550776,-.2361025699365952,90836.12996865739
13000.32262301903,249.9999999999981,301.3903172204134,1885.193149362707,751.9485358550724,-.2361025699365923,90836.12996865672
13000.32262301903,258.0162407181497,301.3907817957291,1885.371992332628,750.9038289441353,.1747069704765291,90836.40982343728
13000.32262301903,275.5187386604276,301.3921109178259,1885.709392845099,748.1613851829204,-.1109233286121195,90837.21062167504
13000.32262301903,299.4187988810972,301.3944775799350,1887.095972607280,743.2729790669082,.1287214460389832,90838.63677299448
13000.32262301903,325.5812011189054,301.3980576882260,1891.170343978051,735.3649655194147,-.1054312962551090,90840.79446483665
13000.32262301903,349.4812613395671,301.4025463599628,1897.621574207275,725.5074315680365,.1342128853567323,90843.50005244120
13000.32262301903,366.9837592818539,301.4071126934133,1903.822488165292,717.0414849362813,-.1484307390559661,90846.25270675946
13000.32262301903,375.0000000000026,301.4094983993782,1907.217701523547,712.7405786891477,.6083768910418377,90847.69096909705
13000.32262301903,375.0000000000005,301.4094983993763,1907.217701523535,712.7405786891430,.6083768910418357,90847.69096909653
13000.32262301903,383.0162407181469,301.4128058938758,1911.150522589874,708.1244219183004,-.3615171535885545,90849.68491921620
13000.32262301903,400.5187386604230,301.4209671380830,1921.503365638732,696.9860812063337,.2965368963051818,90854.60538348420
13000.32262301903,424.4187988810962,301.4348725600490,1940.344680125180,679.2627767010740,-.2687777914046133,90862.98984466663
13000.32262301903,450.5812011189073,301.4638322535027,1970.871019943183,656.1376340567830,.2683029691606991,90880.45385557730
13000.32262301903,474.4812613395653,301.5096971033647,2014.542584188934,632.9427217696209,-.2994837205730050,90908.11953758349
13000.32262301903,491.9837592818488,301.5718853110355,2066.389740541889,612.6445991164480,.3675219473190297,90945.64128476573
13000.32262301903,499.9999999999977,301.6017486966904,2093.584271540271,603.3329675996406,-1.336842413622771,90963.66849962110
13000.32262301903,499.9999999999993,301.6017486966913,2093.584271540277,603.3329675996423,-1.336842413622775,90963.66849962139
13000.32262301903,508.0162407181474,301.6672296172625,2135.280510403890,586.9271208593404,.6684507395140482,91003.18431330324
13000.32262301903,525.5187386604250,301.8025536846817,2233.711173688881,548.8965691684775,-.5330680777945455,91084.89832850941
13000.32262301903,549.4187988810925,302.1360838104333,2434.996851049814,457.5284111237638,.4872352411548875,91286.46779116592
13000.32262301903,575.5812011189098,302.7547658876679,2725.953083865184,296.6414057966272,-.4813082361149861,91660.91174680281
13000.32262301903,599.4812613395654,303.5076148818666,2973.503617034709,124.6935971443031,.5457501875026380,92117.29673243387
13000.32262301903,616.9837592818517,303.9629850171077,3065.139230240836,33.19776138433903,-.6879295443620930,92393.70876974218
13000.32262301903,625.0000000000007,304.1305160216180,3089.219021054992,5.312306102497161,1.615052578724851,92495.50415835786
13000.32262301903,625.0000000000039,304.1305160216193,3089.219021055005,5.312306102497190,1.615052578724858,92495.50415835821
13000.32262301903,633.0162407181493,304.2229028143209,3091.286203276120,-8.502316559144363,-.5717330074872526,92551.63684993060
13000.32262301903,650.5187386604227,304.3524140128753,3089.309404625466,-20.43798443737442,.4514784502913036,92630.40232276739
13000.32262301903,674.4187988810944,304.4072061964702,3074.792798890097,-16.21538918984691,-.4095708667633837,92663.74838390357
13000.32262301903,700.5812011189064,304.4437820170517,3062.413003669833,-8.668341510828665,.4095797221834410,92686.01701441449
13000.32262301903,724.4812613395709,304.4782019841867,3050.070720711028,-.3892093229075511,-.4490138299985381,92706.97659820848
13000.32262301903,741.9837592818463,304.5334897158224,3047.104837582738,1.200886242563310,.5678784006066856,92740.64877600106
13000.32262301903,750.0000000000015,304.5691424925676,3048.619507191165,.7797621679086735,-1.022955380839733,92762.36578416260
13000.32262301903,750.0000000000056,304.5691424925691,3048.619507191182,.7797621679086775,-1.022955380839738,92762.36578416309
13000.32262301903,758.0162407181422,304.5999259345691,3049.615683078635,.4798968938563698,.3086240380885662,92781.11747639411
13000.32262301903,775.5187386604150,304.6725870561112,3052.935759991073,-.5191366832102674,-.2448112472807881,92825.38681903356
13000.32262301903,799.4187988810949,304.7424245384491,3049.118817412989,.3321019576683150,.2233617884792533,92867.94624575961
13000.32262301903,825.5812011189107,304.8270852374724,3048.514841778998,.8374929048994366,-.2235648864811076,92919.55288960092
13000.32262301903,849.4812613395625,304.8962328928451,3049.924060726957,1.233226399554636,.2461086109069587,92961.71345582558
13000.32262301903,866.9837592818446,304.9421343369856,3048.905132430212,1.219185868652005,-.3135012010526437,92989.70598786852
13000.32262301903,874.9999999999990,304.9633448847098,3049.950458568972,.5020080419576114,.6093977918470378,93002.64277787210
13000.32262301903,875.0000000000010,304.9633448847105,3049.950458568980,.5020080419576145,.6093977918470389,93002.64277787242
13000.32262301903,883.0162407181449,304.9912796289979,3050.459593644335,.3843990975905885,-.1852204596073970,93019.68155095198
13000.32262301903,900.5187386604171,305.0482989356793,3051.818128577107,.5439654769826691E-001,.1454480703766725,93054.46552550353
13000.32262301903,924.4187988810968,305.1236158717986,3051.745119258946,.7378604727605121,-.1322263749640687,93100.42165599985
13000.32262301903,950.5812011189056,305.2001713905275,3052.436275605263,.6414435019933888,.1322510016601002,93147.14531065515
13000.32262301903,974.4812613395675,305.2723166978329,3052.922193316473,.8157831949936791,-.1453652448527069,93191.18797794793
13000.32262301903,991.9837592818476,305.3194553758544,3052.781469408909,1.020224874645052,.1848053496031231,93219.97042003085
13000.32262301903,999.9999999999980,305.3445910473088,3053.624080355094,.7363547733789846,-.3425306760087041,93235.32004669678
13000.32262301903,999.9999999999980,305.3445910473088,3053.624080355094,.7363547733789844,-.3425306760087041,93235.32004669675
13000.32262301903,1008.016240718138,305.3674336712019,3054.065237128812,.4334644699567209,.9901070065298039E-001,93249.27028227903
13000.32262301903,1025.518738660421,305.4252651634562,3054.933863905105,.5087210329413558,-.7795669467012645E-001,93284.59327415541
13000.32262301903,1049.418798881096,305.4977509963311,3055.493205660370,.5519508232265944,.7095906717964942E-001,93328.87644820585
13000.32262301903,1075.581201118908,305.5769274784461,3055.984958396854,.5584525420726671,-.7099569743975612E-001,93377.25920624039
13000.32262301903,1099.481261339562,305.6468658574681,3056.892515250919,.7107897916247561,.7811704634724609E-001,93420.00715353955
13000.32262301903,1116.983759281850,305.6972279009635,3056.711212568262,.7893170562143785,-.9943316741868352E-001,93450.79569992075
13000.32262301903,1125.000000000006,305.7191331194945,3057.534005996524,.2199281446679677,.1735536391118912,93464.18906154027
13000.32262301903,1125.000000000003,305.7191331194936,3057.534005996516,.2199281446679651,.1735536391118898,93464.18906154003
13000.32262301903,1133.016240718150,305.7462506315453,3057.793611872113,.4641589518890621,-.4285823458374322E-001,93480.77044416845
13000.32262301903,1150.518738660425,305.8000968286658,3058.657084605755,.3424374355186255,.3371646251127947E-001,93513.69984849528
13000.32262301903,1174.418798881095,305.8735362293808,3059.041569030093,.6596704137936600,-.3055447722522445E-001,93558.62075622541
13000.32262301903,1200.581201118908,305.9510450070992,3059.846526467402,.4225708383683178,.3069048829506490E-001,93606.04253548748
13000.32262301903,1224.481261339567,306.0229871072820,3060.325537004215,.5861352962666699,-.3359006354571437E-001,93650.06920702985
13000.32262301903,1241.983759281857,306.0726629014429,3060.626111193491,.5531013970222376,.4286949488705272E-001,93680.47553293133
13000.32262301903,1249.999999999995,306.0977259717931,3061.028429585940,.3476027911702531,-.6919425644420940E-001,93695.81849632370
13000.32262301903,1250.000000000008,306.0977259717960,3061.028429585971,.3476027911702579,-.6919425644421068E-001,93695.81849632463
13000.32262301903,1258.016240718153,306.1209952964747,3061.462634907045,.4617982656878095E-001,.1462621092639071E-001,93710.06440629927
13000.32262301903,1275.518738660422,306.1761788248541,3062.079991870745,.1530683113382256,-.1141112004066802E-001,93743.85309902663
13000.32262301903,1299.418798881096,306.2479310447139,3062.654398609387,.2008311875888436,.1049279522398910E-001,93787.79585269149
13000.32262301903,1325.581201118905,306.3267330771645,3063.242208563827,.1422625304764182,-.1040531041112641E-001,93836.06798996360
13000.32262301903,1349.481261339568,306.3975654985342,3064.029047624872,.1843219896541745,.1154204506016709E-001,93879.46871469807
13000.32262301903,1366.983759281844,306.4489646528494,3064.134519332863,.2742018571390422,-.1460202539982786E-001,93910.96851085406
13000.32262301903,1375.000000000005,306.4717791394352,3064.849855310247,-.1667441837129571,.1650664926631629E-001,93924.95205757173
13000.32262301903,1375.000000000025,306.4717791394398,3064.849855310296,-.1667441837129582,.1650664926631512E-001,93924.95205757320
13000.32262301903,1383.016240718153,306.4973308417553,3065.011579827404,-.2453371627989441,.1305318731783245E-002,93940.61445774762
13000.32262301903,1400.518738660420,306.5509309240380,3065.681870024699,-.2158960565542609,-.9352530540559512E-003,93973.47386706622
13000.32262301903,1424.418798881092,306.6232296650358,3066.185766292201,-.2494936912512213E-001,.9740774986738421E-003,94017.80555998127
13000.32262301903,1450.581201118911,306.7014151149490,3066.932252519337,-.2809065039946149,-.8418003330872836E-003,94065.75862994135
13000.32262301903,1474.481261339574,306.7730744672185,3067.582558758465,-.6502429740390991E-001,.1076790067769673E-002,94109.71979512936
13000.32262301903,1491.983759281850,306.8238607606275,3067.887948195188,-.1904404248651559,-.1222388985199718E-002,94140.88212261093
13000.32262301903,1499.999999999997,306.8482828690783,3068.423038337926,-.3290097970503623,.9289612507705047E-002,94155.86938144566
13000.32262301903,1500.000000000005,306.8482828690803,3068.423038337947,-.3290097970503651,.9289612507705047E-002,94155.86938144626
13000.32262301903,1508.016240718153,306.8724148461006,3068.693055143167,-.6165120434049849,-.6134444318297239E-002,94170.67965028426
13000.32262301903,1525.518738660410,306.9263387107242,3069.204673708760,-.4528985006686368,.4939020295049612E-002,94203.77802972906
13000.32262301903,1549.418798881102,306.9980727315326,3069.738961251591,-.3598875285032781,-.4368076496093054E-002,94247.81728347371
13000.32262301903,1575.581201118908,307.0766550503295,3070.481321953820,-.2620260708182707,.4480258137956161E-002,94296.07270316780
13000.32262301903,1599.481261339566,307.1477309198218,3071.129640833557,-.3183745852353668,-.4825612607120833E-002,94339.72921399241
13000.32262301903,1616.983759281847,307.1989719306301,3071.439503986743,-.9785304834454633E-001,.6213723552700612E-002,94371.20896731710
13000.32262301903,1624.999999999999,307.2224127664995,3072.190057704454,-.8239450656849170,-.1681139751717123E-001,94385.61159081172
13000.32262301903,1625.000000000008,307.2224127665002,3072.190057704460,-.8239450656849214,-.1681139751716954E-001,94385.61159081188
13000.32262301903,1633.016240718139,307.2474338027135,3072.268524098604,-.5484330609764507,.7821603944806993E-002,94400.98626652316
13000.32262301903,1650.518738660408,307.3012083381810,3072.872070136306,-.6780793529975631,-.6110379622847772E-002,94434.03330309222
13000.32262301903,1674.418798881097,307.3729933965606,3073.250429966643,-.2331953304782068,.5610787853428001E-002,94478.15770267200
13000.32262301903,1700.581201118914,307.4515546593570,3074.417103922161,-.6335934801868942,-.5549393228224314E-002,94526.45909428223
13000.32262301903,1724.481261339552,307.5225659206329,3074.656555694352,-.1420348990436950,.6194559188533233E-002,94570.12912734176
13000.32262301903,1741.983759281854,307.5728275123183,3075.625256509412,-.4988088012239325,-.7791532312937749E-002,94601.04478620547
13000.32262301903,1749.999999999983,307.5960296730456,3075.018141712776,-.6286693156004919E-001,.1762835841271347E-001,94615.31810817542
13000.32262301903,1750.000000000017,307.5960296730512,3075.018141712833,-.6286693156005030E-001,.1762835841271360E-001,94615.31810817718
13000.32262301903,1758.016240718161,307.6209931221367,3076.462101365148,-.8437265610090878,-.6445230013761877E-002,94630.67604465804
13000.32262301903,1775.518738660420,307.6754857977237,3076.023013258261,-.6672972010870386,.5135944644672541E-002,94664.20512955282
13000.32262301903,1799.418798881107,307.7475231214925,3077.597812889244,-.2366380222002884,-.4591073514445626E-002,94708.53845555321
13000.32262301903,1825.581201118914,307.8257932288444,3075.738113919228,-.5388480687452311,.4655327208075627E-002,94756.71934781979
13000.32262301903,1849.481261339561,307.8975104484336,3076.652464992494,-1.023671290201338,-.5067931475659732E-002,94800.87719642548
13000.32262301903,1866.983759281861,307.9494134910752,3078.335418958294,-.6509024103670269,.6482582603974787E-002,94832.84145304836
13000.32262301903,1874.999999999985,307.9735909531718,3079.003497323380,-.4017896000080475,-.1065006698378151E-001,94847.73294490173
13000.32262301903,1875.000000000024,307.9735909531777,3079.003497323439,-.4017896000080559,-.1065006698378204E-001,94847.73294490360
13000.32262301903,1883.016240718141,307.9979808025858,3079.512189186987,-.2759537097267516,.2329968251862768E-002,94862.75632008855
13000.32262301903,1900.518738660420,308.0512459216942,3080.345966065920,-.1030014452343964,-.1822189593314302E-002,94895.57020140924
13000.32262301903,1924.418798881097,308.1230068493960,3081.196197193814,-.2444461877477608E-001,.1664538045281591E-002,94939.78739814012
13000.32262301903,1950.581201118912,308.2017066753190,3082.002728616435,-.9535617479105696E-002,-.1660978757606867E-002,94988.29202528100
13000.32262301903,1974.481261339550,308.2733286476519,3082.734909331114,.2104147398502287E-003,.1829288069212447E-002,95032.44517578531
13000.32262301903,1991.983759281852,308.3255444184962,3083.248005173550,-.1545705421278215E-002,-.2325174985126858E-002,95064.64136917661
13000.32262301903,1999.999999999968,308.3499999999974,3083.499999999995,.000000000000000E+000,.000000000000000E+000,95079.72250000003
13500.59875064576,.000000000000000E+000,301.9346814566268,1174.835397226706,506.7574369971467,.000000000000000E+000,91164.58251006807
13500.59875064576,8.016240718149545,301.8605716223209,1280.666304876507,551.6504850688148,.1727608922117159E-001,91119.83386411061
13500.59875064576,25.51873866042869,301.7220165294665,1482.075402329875,633.4562145393979,.2690398805260036E-002,91036.20264298735
13500.59875064576,49.41879888109523,301.5894409513861,1674.168077498306,707.6571900261971,.3755747021599259E-001,90956.21571663985
13500.59875064576,75.58120111890503,301.5130404237385,1785.763391221672,750.6330423860142,.2417400447387219E-001,90910.13414469658
13500.59875064576,99.48126133957076,301.4805895834406,1833.239229691979,770.6490594417837,.4598678983479942E-001,90890.56289554419
13500.59875064576,116.9837592818501,301.4681190227661,1850.175699061809,779.0087840580713,.2133051067651270E-001,90883.04170709205
13500.59875064576,124.9999999999995,301.4644312576707,1855.072409415042,781.9440406495537,.1134905915661656,90880.81741549558
13500.59875064576,124.9999999999989,301.4644312576692,1855.072409415032,781.9440406495494,.1134905915661624,90880.81741549511
13500.59875064576,133.0162407181498,301.4615490117471,1858.387112415747,784.3327901233239,-.2187502357091708E-001,90879.07889406767
13500.59875064576,150.5187386604267,301.4574841763605,1862.736882657686,788.6415897151761,.7636603928160635E-001,90876.62673118067
13500.59875064576,174.4187988810964,301.4546699050582,1865.026817071836,792.8596755751903,-.1127304897363901E-001,90874.92843285446
13500.59875064576,200.5812011189036,301.4533406093943,1865.894098495293,795.1666165258055,.6764732050179623E-001,90874.12573452920
13500.59875064576,224.4812613395718,301.4527404802211,1866.232999360740,794.6710460082606,-.2021663670936036E-001,90873.76303447291
13500.59875064576,241.9837592818481,301.4525833010655,1866.965440729326,792.6650402509160,.7593373996522046E-001,90873.66774104474
13500.59875064576,249.9999999999999,301.4526131144460,1867.493835794125,791.3327677767252,-.2075891421022520,90873.68549320288
13500.59875064576,249.9999999999981,301.4526131144439,1867.493835794112,791.3327677767197,-.2075891421022629,90873.68549320224
13500.59875064576,258.0162407181497,301.4527582276908,1868.372940973738,789.7690540151825,.1637405263957028,90873.77277550999
13500.59875064576,275.5187386604276,301.4531324739354,1870.941315889372,785.8217999982701,-.9707735278419383E-001,90873.99797642998
13500.59875064576,299.4187988810972,301.4539880837326,1876.013582080675,779.1598412782574,.1214159825734749,90874.51327520650
13500.59875064576,325.5812011189054,301.4555306968725,1883.443315998181,770.0490578041827,-.9326992218515473E-001,90875.44275850651
13500.59875064576,349.4812613395671,301.4581451215786,1892.293323103695,759.7757162894973,.1251517301183345,90877.01863671807
13500.59875064576,366.9837592818539,301.4612283664255,1900.153153508234,750.8304316479401,-.1327535052584931,90878.87743456548
13500.59875064576,375.0000000000026,301.4630740846704,1904.302468913599,746.3644165274404,.5642040107030085,90879.99027040831
13500.59875064576,375.0000000000005,301.4630740846686,1904.302468913587,746.3644165274358,.5642040107029977,90879.99027040777
13500.59875064576,383.0162407181469,301.4655042936514,1908.882775729944,741.5371099929027,-.3359841792729219,90881.45549540616
13500.59875064576,400.5187386604230,301.4722664793297,1920.334349021412,730.3428135765824,.2794420944162035,90885.53295730174
13500.59875064576,424.4187988810962,301.4847312811660,1939.494177158958,712.4725189876349,-.2502655071964315,90893.04980128881
13500.59875064576,450.5812011189073,301.5116508097327,1969.708287633066,688.9174300938787,.2519173862680879,90909.28610075181
13500.59875064576,474.4812613395653,301.5530807851413,2011.761028341854,663.6677248022613,-.2808270636121913,90934.28096687542
13500.59875064576,491.9837592818488,301.6096935416882,2060.624550620844,640.6829550750374,.3436378933655646,90968.44412138757
13500.59875064576,499.9999999999977,301.6368117102336,2086.635983498372,630.2558221413512,-1.257172188019478,90984.81731392085
13500.59875064576,499.9999999999993,301.6368117102345,2086.635983498378,630.2558221413532,-1.257172188019480,90984.81731392111
13500.59875064576,508.0162407181474,301.6981490452114,2126.906408791794,613.1456448340599,.6168642308048758,91021.83890572599
13500.59875064576,525.5187386604250,301.8271132308561,2222.954809106767,574.9252750166579,-.4958178384297019,91099.72698253076
13500.59875064576,549.4187988810925,302.1453428989823,2421.997296078693,487.3534658813964,.4472125132925506,91292.06970383128
13500.59875064576,575.5812011189098,302.7235364656901,2707.462392627476,329.7647133134582,-.4497021783749099,91642.01167949138
13500.59875064576,599.4812613395654,303.4397265349565,2948.367436962404,150.9086404727030,.5007506388903173,92076.13697813699
13500.59875064576,616.9837592818517,303.9002260662445,3047.108514874156,48.36482605542673,-.6367266757557256,92355.61461479211
13500.59875064576,625.0000000000007,304.0762253395736,3076.868658433882,15.35577489117518,1.450354160552775,92462.53088348376
13500.59875064576,625.0000000000039,304.0762253395749,3076.868658433895,15.35577489117524,1.450354160552784,92462.53088348419
13500.59875064576,633.0162407181493,304.1851094037843,3084.682948303142,-3.576463979974668,-.5028448459757937,92528.67596620454
13500.59875064576,650.5187386604227,304.3392384300483,3088.910400762606,-20.89750653985617,.3964084223192882,92622.39096192637
13500.59875064576,674.4187988810944,304.4086718148861,3076.493083855202,-17.73758729724491,-.3602098091368381,92664.64118122414
13500.59875064576,700.5812011189064,304.4449783295971,3063.868637211771,-9.630351641720916,.3598733527530303,92686.74547369669
13500.59875064576,724.4812613395709,304.4787829220342,3052.246943272584,-2.100841492478768,-.3944435648747788,92707.33041142969
13500.59875064576,741.9837592818463,304.5317959029844,3048.397993949530,.6376720294377636E-001,.4979168031209618,92739.61744400011
13500.59875064576,750.0000000000015,304.5679706564845,3049.972883156785,-.2264825985729185,-.8598792691782515,92761.65231420552
13500.59875064576,750.0000000000056,304.5679706564862,3049.972883156802,-.2264825985729185,-.8598792691782563,92761.65231420602
13500.59875064576,758.0162407181422,304.5975593197314,3049.861265890260,-.1716225254277007,.2476391728639404,92779.67615373577
13500.59875064576,775.5187386604150,304.6708735382249,3052.857243613611,-.7295735531919301,-.1968445781107963,92824.34307044913
13500.59875064576,799.4187988810949,304.7425634147048,3049.384984397628,.5437032547239377,.1798609104596818,92868.03106788047
13500.59875064576,825.5812011189107,304.8266538075126,3048.583938698421,1.017221576179870,-.1800177440548534,92919.29002829638
13500.59875064576,849.4812613395625,304.8958354833484,3049.855861832244,1.232098879844780,.1982935219615556,92961.47123686844
13500.59875064576,866.9837592818446,304.9418899205323,3048.946922226768,1.299942452979072,-.2527713330928961,92989.55701967500
13500.59875064576,874.9999999999990,304.9627700194548,3049.762437817214,.6796218199719997,.4736025575442540,93002.29231260791
13500.59875064576,875.0000000000010,304.9627700194557,3049.762437817225,.6796218199720014,.4736025575442541,93002.29231260816
13500.59875064576,883.0162407181449,304.9907112524022,3050.650783500688,.5169085222334329,-.1329998888186767,93019.33497076412
13500.59875064576,900.5187386604171,305.0478966224875,3051.949193580687,.1982179757917248,.1044049228205115,93054.22020525910
13500.59875064576,924.4187988810968,305.1232437390430,3051.795996876651,.9292328644644605,-.9475196200398392E-001,93100.19464197986
13500.59875064576,950.5812011189056,305.1999259794493,3052.509597497965,.8758367454138122,.9488286383450140E-001,93146.99554719610
13500.59875064576,974.4812613395675,305.2721691393816,3053.056794233049,1.120511549749329,-.1041562062369384,93191.09789750350
13500.59875064576,991.9837592818476,305.3194095160762,3052.817221373260,1.098418860117329,.1323900941041358,93219.94244425069
13500.59875064576,999.9999999999980,305.3446401021363,3053.853503590557,.9103816571532342,-.2263749659133855,93235.35004744597
13500.59875064576,999.9999999999980,305.3446401021363,3053.853503590557,.9103816571532337,-.2263749659133859,93235.35004744597
13500.59875064576,1008.016240718138,305.3677165256671,3053.964565268634,.4548900481278686,.5607294631316834E-001,93249.44310045893
13500.59875064576,1025.518738660421,305.4252291662851,3055.078412779995,.3627893487042976,-.4420716402998523E-001,93284.57139018572
13500.59875064576,1049.418798881096,305.4975929902918,3055.502182147437,.6119234005313327,.4030660741644171E-001,93328.78000360038
13500.59875064576,1075.581201118908,305.5767042253232,3056.203670115147,.6918147569459725,-.4026364906494989E-001,93377.12282041195
13500.59875064576,1099.481261339562,305.6466045412644,3056.970779155770,.9121152060597673,.4440244370572330E-001,93419.84744048688
13500.59875064576,1116.983759281850,305.6969791621829,3056.887921356934,.9386814264684218,-.5648016471634798E-001,93450.64364127841
13500.59875064576,1125.000000000006,305.7190472490707,3057.669059587267,.4823481594984118,.8176287528052120E-001,93464.13654954021
13500.59875064576,1125.000000000003,305.7190472490699,3057.669059587259,.4823481594984107,.8176287528052026E-001,93464.13654953992
13500.59875064576,1133.016240718150,305.7458268925187,3057.842560779069,.5464361619339098,-.1004257853652196E-001,93480.51134511111
13500.59875064576,1150.518738660425,305.8000383368337,3058.786238764266,.3318204999923604,.7901818116047232E-002,93513.66408575888
13500.59875064576,1174.418798881095,305.8733395959466,3059.173892197755,.7796070885655012,-.7110175824410203E-002,93558.50045868698
13500.59875064576,1200.581201118908,305.9510162237264,3060.049400401529,.5590871498781840,.7167671080733462E-002,93606.02489641304
13500.59875064576,1224.481261339567,306.0229405261226,3060.557762239534,.7724961413296589,-.7791118317654111E-002,93650.04067442975
13500.59875064576,1241.983759281857,306.0725686354116,3060.746657406418,.6936405130579489,.9973293246743453E-002,93680.41780628524
13500.59875064576,1249.999999999995,306.0976311960482,3061.440978415832,.4557565260666970,.9356547223876577E-004,93695.76045467425
13500.59875064576,1250.000000000008,306.0976311960512,3061.440978415862,.4557565260667030,.9356547223959844E-004,93695.76045467511
13500.59875064576,1258.016240718153,306.1209455343900,3061.565593773409,.1911664048265833,-.9547741002861043E-002,93710.03392608554
13500.59875064576,1275.518738660422,306.1761489440471,3062.297179135284,.3277601775790162,.7575604753882081E-002,93743.83479672452
13500.59875064576,1299.418798881096,306.2480339376682,3062.897573663877,.3665121728260883,-.6770205291070919E-002,93787.85887769450
13500.59875064576,1325.581201118905,306.3267443072389,3063.469004788049,.3575592881153606,.6888263425496755E-002,93836.07488026496
13500.59875064576,1349.481261339568,306.3976418343245,3064.287423792358,.3804504762389127,-.7441356212595951E-002,93879.51551666300
13500.59875064576,1366.983759281844,306.4489314619404,3064.286064818505,.4295559746538211,.9575841449665834E-002,93910.94820264215
13500.59875064576,1375.000000000005,306.4718915626007,3065.021868863753,-.2908422512515774E-002,-.3362362577401778E-001,93925.02101302089
13500.59875064576,1375.000000000025,306.4718915626055,3065.021868863800,-.2908422512517106E-002,-.3362362577401867E-001,93925.02101302237
13500.59875064576,1383.016240718153,306.4973341309106,3065.232129966146,-.6014778182801717E-001,.1844919150075619E-001,93940.61652666045
13500.59875064576,1400.518738660420,306.5509812411168,3065.814876097975,-.1557043837466376E-001,-.1444153898268297E-001,93973.50478086382
13500.59875064576,1424.418798881092,306.6232803996370,3066.337534255469,.1667162933582753,.1321786906612937E-001,94017.83674418676
13500.59875064576,1450.581201118911,306.7014200096131,3067.020598254759,-.8788700919061609E-001,-.1314731924961521E-001,94065.76170702366
13500.59875064576,1474.481261339574,306.7729068466028,3067.665160912239,.6565290574428362E-001,.1454863086491054E-001,94109.61702173545
13500.59875064576,1491.983759281850,306.8237659553221,3067.962399504065,-.1278560175020198,-.1843098685086852E-001,94140.82400376347
13500.59875064576,1499.999999999997,306.8479796745648,3068.492407317385,-.2462913075669311,.4424173676005044E-001,94155.68336416283
13500.59875064576,1500.000000000005,306.8479796745669,3068.492407317405,-.2462913075669324,.4424173676005089E-001,94155.68336416341
13500.59875064576,1508.016240718153,306.8722797622425,3068.806820109152,-.5672963242149220,-.1774705059733539E-001,94170.59680220457
13500.59875064576,1525.518738660410,306.9261796217873,3069.318228241962,-.4397093194640276,.1402953327748330E-001,94203.68042664640
13500.59875064576,1549.418798881102,306.9980555921483,3069.904852412606,-.3670974104155262,-.1265994762925846E-001,94247.80680683022
13500.59875064576,1575.581201118908,307.0766210782933,3070.608184143561,-.2636718514998390,.1276996563523142E-001,94296.05188106482
13500.59875064576,1599.481261339566,307.1477088433807,3071.301450294103,-.3228263963910583,-.1392035761347415E-001,94339.71569833887
13500.59875064576,1616.983759281847,307.1989157731558,3071.507247775775,-.1447101342235324,.1783889094212954E-001,94371.17451219930
13500.59875064576,1624.999999999999,307.2225255986229,3072.353288816922,-.9106657339150557,-.3956281543966272E-001,94385.68096996643
13500.59875064576,1625.000000000008,307.2225255986236,3072.353288816930,-.9106657339150581,-.3956281543966184E-001,94385.68096996672
13500.59875064576,1633.016240718139,307.2473292595903,3072.263678886483,-.5599224475398026,.1501672032030715E-001,94400.92208215530
13500.59875064576,1650.518738660408,307.3011617203638,3072.935626724321,-.7322671812051381,-.1171141665984399E-001,94434.00471201964
13500.59875064576,1674.418798881097,307.3729461991491,3073.185698128398,-.2929097994047925,.1075437560700007E-001,94478.12874191930
13500.59875064576,1700.581201118914,307.4515204770225,3074.403263511708,-.7461975481825223,-.1067178486397496E-001,94526.43812593297
13500.59875064576,1724.481261339552,307.5224635690732,3074.602678493326,-.2251320053394248,.1182034148258598E-001,94570.06622308266
13500.59875064576,1741.983759281854,307.5727682795957,3075.627644581563,-.5363012860385942,-.1497897685429525E-001,94601.00839850247
13500.59875064576,1749.999999999983,307.5959680813246,3074.996547724794,-.2405759488017953,.3094199489156121E-001,94615.28026709845
13500.59875064576,1750.000000000017,307.5959680813304,3074.996547724853,-.2405759488017983,.3094199489156180E-001,94615.28026710014
13500.59875064576,1758.016240718161,307.6209642314421,3076.412696256086,-.9330054262624750,-.1028520994187318E-001,94630.65833251923
13500.59875064576,1775.518738660420,307.6754393396532,3075.978197014713,-.9464431233485893,.8116357478389180E-002,94664.17661436531
13500.59875064576,1799.418798881107,307.7474831840302,3077.492176256574,-.3856218307686802,-.7334969687876780E-002,94708.51394341832
13500.59875064576,1825.581201118914,307.8255883360025,3075.567444948626,-.9176380537780409,.7373537301063007E-002,94756.59325795078
13500.59875064576,1849.481261339561,307.8973628884175,3076.443427395229,-1.438771061089429,-.8080436813734784E-002,94800.78636547326
13500.59875064576,1866.983759281861,307.9492409460528,3078.231173193940,-.8134408468894248,.1030355264443403E-001,94832.73520156535
13500.59875064576,1874.999999999985,307.9733601138560,3078.945093611073,-.5153580793278258,-.1694881720599983E-001,94847.59077092970
13500.59875064576,1875.000000000024,307.9733601138621,3078.945093611133,-.5153580793278363,-.1694881720600011E-001,94847.59077093154
13500.59875064576,1883.016240718141,307.9978792714855,3079.469398540482,-.3398863718934511,.3687557333706439E-002,94862.69378967996
13500.59875064576,1900.518738660420,308.0511944812588,3080.336639550464,-.1222141027607999,-.2891995646265910E-002,94895.53851413412
13500.59875064576,1924.418798881097,308.1229808593449,3081.191387611592,-.2916739924193190E-001,.2635892360453640E-002,94939.77138380460
13500.59875064576,1950.581201118912,308.2017016269682,3082.002743390728,-.1114724827789904E-001,-.2633687060440124E-002,94988.28891329811
13500.59875064576,1974.481261339550,308.2733177165392,3082.733583654490,.1770565879132269E-003,.2898558735150953E-002,95032.43843494533
13500.59875064576,1991.983759281852,308.3255214348431,3083.249198176144,-.2123839689275875E-002,-.3686134341816146E-002,95064.62719376052
13500.59875064576,1999.999999999968,308.3499999999976,3083.499999999995,.000000000000000E+000,.000000000000000E+000,95079.72249999995
14000.17026400823,.000000000000000E+000,301.9858692655272,1179.366042065210,530.1612350533226,.000000000000000E+000,91195.49682885958
14000.17026400823,8.016240718149545,301.9122955998142,1285.843107269770,577.3798346921338,.1608995841335242E-001,91151.06429557520
14000.17026400823,25.51873866042869,301.7748862728183,1487.435028280344,664.0712853870824,.4739804324414648E-002,91068.11059473889
14000.17026400823,49.41879888109523,301.6432596404366,1676.172703204213,744.1418287067816,.3800475572641338E-001,90988.68289166805
14000.17026400823,75.58120111890503,301.5682287793319,1782.067562539777,791.2053165682512,.2741147544935851E-001,90943.41900831508
14000.17026400823,99.48126133957076,301.5368843049380,1827.908739554603,813.2583334859876,.4681815912014631E-001,90924.51076449183
14000.17026400823,116.9837592818501,301.5244401416210,1845.745202439856,822.6733281349971,.2468415544088809E-001,90917.00370343657
14000.17026400823,124.9999999999995,301.5205911438160,1851.378209132965,825.8085533345986,.1042532652063883,90914.68159624023
14000.17026400823,124.9999999999989,301.5205911438143,1851.378209132956,825.8085533345944,.1042532652063917,90914.68159623977
14000.17026400823,133.0162407181498,301.5173448274885,1855.524802869459,828.2336129904727,-.1107021888429105E-001,90912.72308097286
14000.17026400823,150.5187386604267,301.5124046695465,1861.985866824189,832.0034843813531,.7114331488932879E-001,90909.74245518594
14000.17026400823,174.4187988810964,301.5089847009339,1866.952610871796,834.4116488763035,-.2729351402224856E-002,90907.67860139534
14000.17026400823,200.5812011189036,301.5082096677963,1870.719199172554,834.4268013790067,.6283123323512951E-001,90907.21007883649
14000.17026400823,224.4812613395718,301.5086505805818,1873.581854366874,832.1896988181252,-.1158551631365490E-001,90907.47517555603
14000.17026400823,241.9837592818481,301.5092724317344,1875.421277207889,829.1209753075981,.6862642727331125E-001,90907.84962128461
14000.17026400823,249.9999999999999,301.5095874282872,1876.074018279890,827.2467109896825,-.1651911669754278,90908.03932698308
14000.17026400823,249.9999999999981,301.5095874282852,1876.074018279876,827.2467109896764,-.1651911669754211,90908.03932698241
14000.17026400823,258.0162407181497,301.5100407293270,1876.733250892751,825.1014580089959,.1380918923372252,90908.31244128465
14000.17026400823,275.5187386604276,301.5111999128611,1878.033881043013,819.3952075382952,-.7435605683534963E-001,90909.01095830252
14000.17026400823,299.4187988810972,301.5134222177718,1880.000937879397,809.4811267476738,.1028656381259416,90910.35050798830
14000.17026400823,325.5812011189054,301.5163329032879,1883.831523005407,796.3237757369013,-.7214707975739998E-001,90912.10530448460
14000.17026400823,349.4812613395671,301.5195477532502,1889.945962058342,782.4448382293086,.1047699874000301,90914.04371315106
14000.17026400823,366.9837592818539,301.5225623268059,1896.399607146436,771.3687917979295,-.1048922057710262,90915.86154633314
14000.17026400823,375.0000000000026,301.5242600664121,1900.075177331422,766.0748637768726,.4617863819159220,90916.88539908361
14000.17026400823,375.0000000000005,301.5242600664102,1900.075177331410,766.0748637768677,.4617863819159189,90916.88539908305
14000.17026400823,383.0162407181469,301.5264743588029,1904.156534905939,760.6405338342699,-.2739751632175302,90918.22073250658
14000.17026400823,400.5187386604230,301.5327836717315,1914.503985444921,749.0226267226667,.2314343129264862,90922.02589499697
14000.17026400823,424.4187988810962,301.5447492792380,1932.200962742105,733.2065158636749,-.2052624653500311,90929.24338830728
14000.17026400823,450.5812011189073,301.5710789585952,1961.301440109535,713.7914431983028,.2077807423299143,90945.12770619382
14000.17026400823,474.4812613395653,301.6126816160296,2003.547896017650,692.2332218299096,-.2322320780595785,90970.23251132874
14000.17026400823,491.9837592818488,301.6686253537522,2052.964085639015,671.0010930418618,.2817453965668082,91004.00072370934
14000.17026400823,499.9999999999977,301.6958645231123,2079.549768769240,661.1616067407267,-1.056314798649030,91020.45162625612
14000.17026400823,499.9999999999993,301.6958645231132,2079.549768769247,661.1616067407285,-1.056314798649035,91020.45162625637
14000.17026400823,508.0162407181474,301.7539285229014,2119.084209760380,644.7649949688212,.5052435622197340,91055.50673978092
14000.17026400823,525.5187386604250,301.8780616449476,2215.158264278894,608.1047759228645,-.4093381988189803,91130.49996485902
14000.17026400823,549.4187988810925,302.1732680287068,2404.560278743656,521.8568712823655,.3643583477307955,91308.98120700543
14000.17026400823,575.5812011189098,302.6954253937934,2665.385938344235,368.2436453991218,-.3718419407955102,91625.05876056280
14000.17026400823,599.4812613395654,303.3445077464637,2899.069588582564,192.7435888569559,.4098258127267659,92018.46581617126
14000.17026400823,616.9837592818517,303.7948900397371,3013.611692718256,82.14744988709401,-.5260755763137908,92291.72248328905
14000.17026400823,625.0000000000007,303.9817544011941,3052.716515010229,42.89841230708814,1.199646988071676,92405.19618798075
14000.17026400823,625.0000000000039,303.9817544011954,3052.716515010244,42.89841230708834,1.199646988071684,92405.19618798114
14000.17026400823,633.0162407181493,304.1129560335855,3069.488824421740,16.15954613604492,-.4081139271059219,92484.86972744999
14000.17026400823,650.5187386604227,304.3088983681262,3085.939400416700,-14.81112441736954,.3216245050793558,92603.95404962817
14000.17026400823,674.4187988810944,304.4050664491397,3077.391160802255,-18.76450064885660,-.2918649147656027,92662.44894471008
14000.17026400823,700.5812011189064,304.4468758195029,3065.493063087294,-11.38425567898670,.2916356401261715,92687.90107111959
14000.17026400823,724.4812613395709,304.4805259427008,3054.119641259775,-3.479398190184579,-.3193359542450734,92708.39211808384
14000.17026400823,741.9837592818463,304.5304743661000,3050.273486973676,-.5605965651902081,.4016199898307701,92738.81317848805
14000.17026400823,750.0000000000015,304.5664085238926,3051.091317858735,-.3494668530002114,-.6508330401670440,92760.70139806370
14000.17026400823,750.0000000000056,304.5664085238942,3051.091317858753,-.3494668530002154,-.6508330401670479,92760.70139806421
14000.17026400823,758.0162407181422,304.5951011067407,3050.600286490196,-.1528207533306003E-001,.1790512640228545,92778.17928813476
14000.17026400823,775.5187386604150,304.6687325074316,3052.795844196850,-.3989038960961964,-.1435620880184281,92823.03901918694
14000.17026400823,799.4187988810949,304.7427003463564,3049.579475673564,.3109044526900984,.1312219006686206,92868.11484824610
14000.17026400823,825.5812011189107,304.8263427920257,3048.743699294198,1.239277874296603,-.1315245428067830,92919.10071198543
14000.17026400823,849.4812613395625,304.8947702627762,3049.562953417680,1.637926574005816,.1449470172373145,92960.82193453331
14000.17026400823,866.9837592818446,304.9414273011382,3049.140707973062,1.395007269780727,-.1852033201214193,92989.27504707559
14000.17026400823,874.9999999999990,304.9624275044563,3049.958819236615,.8682964949536814,.3437710402025584,93002.08365169862
14000.17026400823,875.0000000000010,304.9624275044574,3049.958819236624,.8682964949536847,.3437710402025601,93002.08365169889
14000.17026400823,883.0162407181449,304.9898615125343,3050.558881506823,.3668627664029130,-.9202466586907676E-001,93018.81686653764
14000.17026400823,900.5187386604171,305.0472080259121,3051.801368310677,-.4830958883632802E-001,.7186333859687305E-001,93053.80027760952
14000.17026400823,924.4187988810968,305.1230712895563,3051.942258932448,.5671456893523321,-.6533171377981722E-001,93100.08950460691
14000.17026400823,950.5812011189056,305.1999688271151,3052.559760039085,.7088115737841972,.6523498100534547E-001,93147.02178598232
14000.17026400823,974.4812613395675,305.2719198703307,3053.122629209192,.9182631715541493,-.7170331987641998E-001,93190.94579294085
14000.17026400823,991.9837592818476,305.3194280388077,3053.029737180520,1.139715492656341,.9097381534991439E-001,93219.95384940779
14000.17026400823,999.9999999999980,305.3441984595985,3053.910731535446,.9164164593778156,-.1466539719173015,93235.08046546410
14000.17026400823,999.9999999999980,305.3441984595985,3053.910731535446,.9164164593778156,-.1466539719173013,93235.08046546410
14000.17026400823,1008.016240718138,305.3673883037762,3054.104662279049,.5772379505354908,.3181183067510529E-001,93249.24274809044
14000.17026400823,1025.518738660421,305.4248775188960,3055.254961286401,.3767278579952167,-.2513331400766422E-001,93284.35669048045
14000.17026400823,1049.418798881096,305.4976539519365,3055.639221471463,.7592588388069017,.2297655756145628E-001,93328.81733740764
14000.17026400823,1075.581201118908,305.5766307607356,3056.280929930107,.8198354665599279,-.2291566729208278E-001,93377.07800776584
14000.17026400823,1099.481261339562,305.6465094786587,3057.110799921315,1.023143751582639,.2533243129575363E-001,93419.78940322132
14000.17026400823,1116.983759281850,305.6968491794275,3057.000402054969,1.094482549665927,-.3220895677327557E-001,93450.56426157831
14000.17026400823,1125.000000000006,305.7188877542104,3057.406412933084,.6478604532955162,.3658093547622970E-001,93464.03911420835
14000.17026400823,1125.000000000003,305.7188877542096,3057.406412933075,.6478604532955143,.3658093547623026E-001,93464.03911420809
14000.17026400823,1133.016240718150,305.7455642780874,3058.108388897645,.6558017636318977,.2996279448223116E-002,93480.35085315957
14000.17026400823,1150.518738660425,305.7999613440730,3058.885013397173,.5388207259081867,-.2316868516003656E-002,93513.61708978267
14000.17026400823,1174.418798881095,305.8734459141516,3059.336464160623,.8567246071609307,.2229252469329701E-002,93558.56558677604
14000.17026400823,1200.581201118908,305.9510186877486,3060.032061017761,.6229519979591547,-.2146665675057557E-002,93606.02650978933
14000.17026400823,1224.481261339567,306.0227688286252,3060.688096456994,.9699487197212837,.2450306242325673E-002,93649.93567893768
14000.17026400823,1241.983759281857,306.0724709906530,3060.801135742995,.9295339564853083,-.3085719139470477E-002,93680.35812356308
14000.17026400823,1249.999999999995,306.0972096993410,3061.556541810835,.8327563749406257,.2145367086307123E-001,93695.50251586069
14000.17026400823,1250.000000000008,306.0972096993440,3061.556541810866,.8327563749406343,.2145367086307293E-001,93695.50251586160
14000.17026400823,1258.016240718153,306.1207716563016,3061.758076140874,.5172907949759562,-.1418141377503054E-001,93709.92755824843
14000.17026400823,1275.518738660422,306.1758833715411,3062.486101936331,.6492701391697533,.1117370810364496E-001,93743.67225311631
14000.17026400823,1299.418798881096,306.2479627484273,3063.132332118599,.6888029354924718,-.1009144058558609E-001,93787.81532977082
14000.17026400823,1325.581201118905,306.3265977152893,3063.663321777913,.6100344792051320,.1016453811174400E-001,93835.98511519108
14000.17026400823,1349.481261339568,306.3975397717783,3064.478656176930,.6217261656297262,-.1108474429188791E-001,93879.45300102251
14000.17026400823,1366.983759281844,306.4487596046883,3064.484711408564,.6697614540033916,.1419199339133426E-001,93910.84289722383
14000.17026400823,1375.000000000005,306.4718410556242,3065.211433236562,.1806956873352124,-.3812286398207457E-001,93924.99007446057
14000.17026400823,1375.000000000025,306.4718410556291,3065.211433236610,.1806956873352141,-.3812286398207465E-001,93924.99007446202
14000.17026400823,1383.016240718153,306.4971131549469,3065.374814262503,.1247190416064559,.1752009179349989E-001,93940.48109185268
14000.17026400823,1400.518738660420,306.5509306959519,3066.009909886748,.9692596338950543E-001,-.1369765651824044E-001,93973.47381263917
14000.17026400823,1424.418798881092,306.6232105943609,3066.525674306432,.3359575924333669,.1256174821304387E-001,94017.79395349564
14000.17026400823,1450.581201118911,306.7013987027509,3067.226584072122,.5554742941523516E-001,-.1246785196679989E-001,94065.74864990992
14000.17026400823,1474.481261339574,306.7728694916286,3067.867131960617,.3092148500022214,.1381964501285604E-001,94109.59412082200
14000.17026400823,1491.983759281850,306.8238147223086,3068.163013999010,.1242433240304553,-.1749732108702751E-001,94140.85395483823
14000.17026400823,1499.999999999997,306.8479163957080,3068.580829095283,.2714320969990625E-001,.3850718831502412E-001,94155.64456291235
14000.17026400823,1500.000000000005,306.8479163957098,3068.580829095302,.2714320969990741E-001,.3850718831502398E-001,94155.64456291297
14000.17026400823,1508.016240718153,306.8723708662703,3069.008752177260,-.3520554609894231,-.1398776676401636E-001,94170.65275625812
14000.17026400823,1525.518738660410,306.9262261761349,3069.437691412366,-.2326633887422588,.1105727596764114E-001,94203.70905866910
14000.17026400823,1549.418798881102,306.9981717992228,3070.068406985846,-.2390261896879462,-.9980633260587984E-002,94247.87822479730
14000.17026400823,1575.581201118908,307.0765928290747,3070.714453360910,-.1602063840424326,.1006487929815483E-001,94296.03460542910
14000.17026400823,1599.481261339566,307.1476469583298,3071.508799733082,-.2571468326407842,-.1096364528506122E-001,94339.67775397917
14000.17026400823,1616.983759281847,307.1988234926583,3071.718682303248,-.7297669659550809E-001,.1406591156748505E-001,94371.11788679819
14000.17026400823,1624.999999999999,307.2225105199108,3072.620009984817,-.7081004700966536,-.2960769719579077E-001,94385.67177514211
14000.17026400823,1625.000000000008,307.2225105199117,3072.620009984823,-.7081004700966518,-.2960769719579207E-001,94385.67177514231
14000.17026400823,1633.016240718139,307.2471860572173,3072.508289175154,-.4850806735347613,.1061219379426241E-001,94400.83415438430
14000.17026400823,1650.518738660408,307.3011845693736,3073.239343692975,-.6417031622830427,-.8229605440532139E-002,94434.01882852567
14000.17026400823,1674.418798881097,307.3730324048206,3073.396212849751,-.2098020732516701,.7624741694406745E-002,94478.18182372380
14000.17026400823,1700.581201118914,307.4515781723109,3074.569514464442,-.6402614888581410,-.7486124952810778E-002,94526.47370174841
14000.17026400823,1724.481261339552,307.5224136658031,3074.657323562548,-.1680360735412885,.8383407572480010E-002,94570.03563770829
14000.17026400823,1741.983759281854,307.5728227212066,3075.655809378658,-.5036870566054823,-.1053130182300534E-001,94601.04200454257
14000.17026400823,1749.999999999983,307.5960317080011,3074.854349559415,-.3607025267429904,.2191349403336772E-001,94615.31953688632
14000.17026400823,1750.000000000017,307.5960317080069,3074.854349559473,-.3607025267429975,.2191349403336841E-001,94615.31953688807
14000.17026400823,1758.016240718161,307.6208987767949,3076.303103791671,-.9962252145941908,-.7227778027297009E-002,94630.61819110156
14000.17026400823,1775.518738660420,307.6752184400528,3075.915242368381,-1.149585736311516,.5773513029278851E-002,94664.04080832230
14000.17026400823,1799.418798881107,307.7473952424308,3077.292373394000,-.5121751664921841,-.5150792264269698E-002,94708.45992595132
14000.17026400823,1825.581201118914,307.8253076122552,3075.117711049829,-1.513783388687972,.5229586999048168E-002,94756.42052012736
14000.17026400823,1849.481261339561,307.8970380262125,3075.955153340762,-2.078421304359066,-.5694797823417034E-002,94800.58637561079
14000.17026400823,1866.983759281861,307.9490289016115,3077.958624411302,-1.141377632051326,.7285942515454578E-002,94832.60463682300
14000.17026400823,1874.999999999985,307.9730340148239,3078.786953487078,-.6922205986110248,-.1207913772984076E-001,94847.38993704125
14000.17026400823,1875.000000000024,307.9730340148299,3078.786953487138,-.6922205986110384,-.1207913772984137E-001,94847.38993704313
14000.17026400823,1883.016240718141,307.9977219372118,3079.350620559440,-.4621632159899730,.2707432822476326E-002,94862.59689089203
14000.17026400823,1900.518738660420,308.0511257463050,3080.299873404707,-.1631106358789988,-.2116726191859195E-002,94895.49617597420
14000.17026400823,1924.418798881097,308.1229453888360,3081.184021274812,-.3649543032271080E-001,.1932704577826676E-002,94939.74952814639
14000.17026400823,1950.581201118912,308.2016946546398,3081.999612203287,-.1483050498519242E-001,-.1929618867829139E-002,94988.28461635027
14000.17026400823,1974.481261339550,308.2733083836690,3082.734235506455,.1175454303210421E-002,.2124370055441426E-002,95032.43268022439
14000.17026400823,1991.983759281852,308.3254967465664,3083.247179976885,-.3793287607021967E-002,-.2700980714078759E-002,95064.61196851806
14000.17026400823,1999.999999999968,308.3499999999976,3083.499999999995,.000000000000000E+000,.000000000000000E+000,95079.72249999999
14500.15510990854,.000000000000000E+000,302.0310266447760,1184.901401032683,557.1925912430612,.000000000000000E+000,91222.76961805849
14500.15510990854,8.016240718149545,301.9582735691683,1291.960818387598,606.9522412556971,.1569656056148426E-001,91178.82606377959
14500.15510990854,25.51873866042869,301.8219399684270,1495.492942624624,699.5136870162803,.3941976130880820E-002,91096.50926198738
14500.15510990854,49.41879888109523,301.6909168914212,1687.750614858806,786.9936016239562,.3671292957122341E-001,91017.43403679345
14500.15510990854,75.58120111890503,301.6169482822837,1794.672659059708,838.3971378502217,.2617095170741690E-001,90972.80430795235
14500.15510990854,99.48126133957076,301.5869917748283,1837.926083909114,861.2905443944517,.4522041586919867E-001,90954.73043401522
14500.15510990854,116.9837592818501,301.5756765792510,1853.267866165178,870.0322793494295,.2304733013948068E-001,90947.90329193302
14500.15510990854,124.9999999999995,301.5724411908855,1857.923794051740,872.5362382482218,.9855691765109997E-001,90945.95100117961
14500.15510990854,124.9999999999989,301.5724411908838,1857.923794051730,872.5362382482174,.9855691765109897E-001,90945.95100117914
14500.15510990854,133.0162407181498,301.5697926962408,1861.321415107830,874.2440690325205,-.8697160482981747E-002,90944.35282665376
14500.15510990854,150.5187386604267,301.5662529614727,1866.506802498469,875.7998373499977,.6641768254506764E-001,90942.21649442395
14500.15510990854,174.4187988810964,301.5643178540736,1870.213466222334,873.8716463678221,-.1001366802053871E-002,90941.04798090836
14500.15510990854,200.5812011189036,301.5642774898295,1872.210869049984,867.6709346965345,.5892340026194165E-001,90941.02256141952
14500.15510990854,224.4812613395718,301.5651609873830,1873.419237688861,859.5293793557826,-.8631892399796337E-002,90941.55469761720
14500.15510990854,241.9837592818481,301.5663817922569,1874.465815303430,852.8754677482254,.6522729661247118E-001,90942.29059340816
14500.15510990854,249.9999999999999,301.5670985108480,1874.911183897022,849.6465623029561,-.1438769724029070,90942.72270968708
14500.15510990854,249.9999999999981,301.5670985108459,1874.911183897008,849.6465623029500,-.1438769724029105,90942.72270968644
14500.15510990854,258.0162407181497,301.5679647221519,1875.526475435720,846.3340244491626,.1230650993893032,90943.24501020063
14500.15510990854,275.5187386604276,301.5700012749429,1877.028313627798,838.8480806350440,-.6084812059897615E-001,90944.47305777272
14500.15510990854,299.4187988810972,301.5731492063197,1880.367938780440,828.2461818869397,.9199690175288722E-001,90946.37139792860
14500.15510990854,325.5812011189054,301.5771330819653,1885.491289049354,816.1320098394685,-.5936956414698669E-001,90948.77398406451
14500.15510990854,349.4812613395671,301.5813229155063,1891.222368893609,804.3503204771371,.9310743031481961E-001,90951.30091081855
14500.15510990854,366.9837592818539,301.5851730308768,1896.308314064885,794.8533820424453,-.8903838945258769E-001,90953.62310123687
14500.15510990854,375.0000000000026,301.5873475014195,1899.077058629405,790.1623173282305,.3894341349948058,90954.93472687175
14500.15510990854,375.0000000000005,301.5873475014176,1899.077058629393,790.1623173282254,.3894341349947950,90954.93472687117
14500.15510990854,383.0162407181469,301.5901822428364,1902.213713854391,785.1594397512789,-.2225787842587374,90956.64460861273
14500.15510990854,400.5187386604230,301.5975478976404,1910.723714730964,773.7934470615182,.1911647758509891,90961.08795482136
14500.15510990854,424.4187988810962,301.6110957303081,1928.048213099374,756.6568297393267,-.1669105027177969,90969.26190621493
14500.15510990854,450.5812011189073,301.6387312280436,1959.919531293756,735.3050061515446,.1701808621996087,90985.93832383047
14500.15510990854,474.4812613395653,301.6801156749028,2003.936754878296,715.0944945939178,-.1906631733884120,91010.91876374051
14500.15510990854,491.9837592818488,301.7337977601960,2052.237710754439,697.1176628766796,.2305933164585899,91043.33091189183
14500.15510990854,499.9999999999977,301.7609078450486,2078.126471696989,688.6972652677478,-.8467380558979225,91059.70803999217
14500.15510990854,499.9999999999993,301.7609078450495,2078.126471696995,688.6972652677498,-.8467380558979242,91059.70803999245
14500.15510990854,508.0162407181474,301.8163095774994,2115.419234704332,674.1535689645934,.3939690957059979,91093.16440207805
14500.15510990854,525.5187386604250,301.9330961509431,2204.102186639763,639.8566828305763,-.3219392565395022,91163.73687550510
14500.15510990854,549.4187988810925,302.2068545954801,2379.046494815219,555.8600794054082,.2836574939081873,91329.28396636422
14500.15510990854,575.5812011189098,302.6767282168627,2618.873560437957,406.7123619428764,-.2914515627069195,91613.74925462887
14500.15510990854,599.4812613395654,303.2589931354390,2842.132047158354,236.5017173507577,.3204478093706816,91966.66593136420
14500.15510990854,616.9837592818517,303.6866834014912,2967.342217309419,122.0969856996571,-.4123016303723296,92226.11012043191
14500.15510990854,625.0000000000007,303.8764005669727,3014.413073565320,77.59846966923894,.9482718267926085,92341.28622671182
14500.15510990854,625.0000000000039,303.8764005669742,3014.413073565333,77.59846966923928,.9482718267926064,92341.28622671221
14500.15510990854,633.0162407181493,304.0208790983858,3042.669039738454,43.80110423349545,-.3126143122969278,92428.98648968068
14500.15510990854,650.5187386604227,304.2601033939251,3077.605467216823,-3.073366118214427,.2484913387519888,92574.31353939959
14500.15510990854,674.4187988810944,304.3965221223249,3078.273623994288,-18.33975203693073,-.2236815074722189,92657.25555965696
14500.15510990854,700.5812011189064,304.4485660441218,3067.847649528079,-13.19492966162463,.2238005987322893,92688.93079526740
14500.15510990854,724.4812613395709,304.4834140992153,3056.756419624740,-5.613962599235406,-.2446207165795963,92710.15118042628
14500.15510990854,741.9837592818463,304.5316822005887,3052.483489170586,-1.894602001501921,.3069530985569685,92739.54951328094
14500.15510990854,750.0000000000015,304.5654591058367,3053.199978782901,-1.782943213493947,-.4815304728839391,92760.12383406708
14500.15510990854,750.0000000000056,304.5654591058383,3053.199978782918,-1.782943213493953,-.4815304728839403,92760.12383406755
14500.15510990854,758.0162407181422,304.5925928530054,3051.379606224635,-.2033419115984740,.1361695438938642,92776.65208072009
14500.15510990854,775.5187386604150,304.6654567541972,3052.817341386877,.1625498284287077,-.1095624737585750,92821.04387624285
14500.15510990854,799.4187988810949,304.7426119175432,3050.172060050830,.8751518132350029,.1004294185193505,92868.06140374583
14500.15510990854,825.5812011189107,304.8254886923432,3048.982635329994,1.607355867514019,-.1006711980971680,92918.58034875258
14500.15510990854,849.4812613395625,304.8940662292262,3049.593977376601,2.199965406727272,.1110634138234587,92960.39285465503
14500.15510990854,866.9837592818446,304.9415069085353,3049.669706294131,1.700497853323666,-.1420493073816148,92989.32387927093
14500.15510990854,874.9999999999990,304.9626825668717,3049.958322200850,1.395572461971731,.2721250117691804,93002.23957918750
14500.15510990854,875.0000000000010,304.9626825668727,3049.958322200858,1.395572461971734,.2721250117691819,93002.23957918781
14500.15510990854,883.0162407181449,304.9892860856692,3050.595731831182,.9054067139073165,-.7568881674780964E-001,93018.46616660265
14500.15510990854,900.5187386604171,305.0469402753395,3051.900238105810,.3076241111216704,.5913535744626564E-001,93053.63725841902
14500.15510990854,924.4187988810968,305.1227238351574,3052.026641891022,.7033581339639811,-.5360019095831720E-001,93099.87775167046
14500.15510990854,950.5812011189056,305.1998433415862,3052.408832246907,.7254153529516458,.5360571482037507E-001,93146.94543222777
14500.15510990854,974.4812613395675,305.2711946349410,3053.209341711074,.9102790364439176,-.5886547793642560E-001,93190.50319638994
14500.15510990854,991.9837592818476,305.3190014590675,3053.020726528170,1.062364378234871,.7471225617528965E-001,93219.69351860302
14500.15510990854,999.9999999999980,305.3437692232195,3053.792370430354,.5201374635093610,-.1253750497965114,93234.81853291747
14500.15510990854,999.9999999999980,305.3437692232195,3053.792370430354,.5201374635093610,-.1253750497965114,93234.81853291746
14500.15510990854,1008.016240718138,305.3669352687876,3053.989721314946,.6140109672076591,.3020008512683042E-001,93248.96619613169
14500.15510990854,1025.518738660421,305.4242118339693,3055.304373814718,.2633198407542119,-.2388115284351500E-001,93283.95017002823
14500.15510990854,1049.418798881096,305.4974806635704,3055.680449791852,.7289596125579909,.2176156944602192E-001,93328.71151504369
14500.15510990854,1075.581201118908,305.5765672287662,3056.440735984491,.8070984373458220,-.2177593968972613E-001,93377.03921564046
14500.15510990854,1099.481261339562,305.6464327660065,3057.167056054673,.9968559828169050,.2398271057335100E-001,93419.74254824212
14500.15510990854,1116.983759281850,305.6965545040626,3057.085971117362,1.190755663028371,-.3055838637504327E-001,93450.38413082814
14500.15510990854,1125.000000000006,305.7189250755353,3057.662076699239,.8461033098527588,.4321611144796250E-001,93464.06198956005
14500.15510990854,1125.000000000003,305.7189250755345,3057.662076699230,.8461033098527565,.4321611144796272E-001,93464.06198955979
14500.15510990854,1133.016240718150,305.7453042351378,3058.253448454578,.6778210626233458,-.4462952359522543E-002,93480.19187519710
14500.15510990854,1150.518738660425,305.7998150628760,3058.987365285802,.7048401728545666,.3479226296530302E-002,93513.52766016137
14500.15510990854,1174.418798881095,305.8733893400075,3059.600732378148,1.004769129801864,-.3121358765348581E-002,93558.53100497302
14500.15510990854,1200.581201118908,305.9510627115496,3060.244769090697,.8319117107885985,.3155020746366727E-002,93606.05347034364
14500.15510990854,1224.481261339567,306.0228026365440,3060.942578498969,1.067736926269531,-.3405699167709858E-002,93649.95641707433
14500.15510990854,1241.983759281857,306.0724424379529,3060.983156878628,1.009750052454583,.4368128740859414E-002,93680.34069240440
14500.15510990854,1249.999999999995,306.0970100732357,3061.664253074791,.8400408797777832,-.2200252924447532E-002,93695.38037874110
14500.15510990854,1250.000000000008,306.0970100732386,3061.664253074819,.8400408797777921,-.2200252924449753E-002,93695.38037874200
14500.15510990854,1258.016240718153,306.1208944689937,3061.932001528176,.5561314930313674,-.2203806235041683E-002,93710.00281539101
14500.15510990854,1275.518738660422,306.1757774051821,3062.607110916119,.6248240851913480,.1742256622556289E-002,93743.60744937381
14500.15510990854,1299.418798881096,306.2480229524649,3063.274676482381,.8015739949934999,-.1552848033660917E-002,93787.85229210602
14500.15510990854,1325.581201118905,306.3265225846940,3063.822484512380,.8688481076382448,.1568497082119993E-002,93835.93916417817
14500.15510990854,1349.481261339568,306.3974810360460,3064.679310169217,.9189819704249724,-.1693256455741143E-002,93879.41708626739
14500.15510990854,1366.983759281844,306.4486805489011,3064.752561900783,1.013149729205521,.2186716185514997E-002,93910.79452076761
14500.15510990854,1375.000000000005,306.4718497357782,3065.392261851053,.4838185039659959,-.7863914451220783E-002,93924.99548117063
14500.15510990854,1375.000000000025,306.4718497357828,3065.392261851102,.4838185039660083,-.7863914451222337E-002,93924.99548117208
14500.15510990854,1383.016240718153,306.4970257324630,3065.577451386741,.5103304880089756,.4507761551492573E-002,93940.42759367949
14500.15510990854,1400.518738660420,306.5509189285807,3066.257898665510,.3872607304948541,-.3489783786552625E-002,93973.46669366556
14500.15510990854,1424.418798881092,306.6232816183667,3066.764746904183,.6422869047020601,.3262205567120119E-002,94017.83761061612
14500.15510990854,1450.581201118911,306.7015462424345,3067.423556934528,.2833966652398743,-.3168778910559278E-002,94065.83926673494
14500.15510990854,1474.481261339574,306.7728975393809,3067.981379825645,.4934105981217264,.3592559179871113E-002,94109.61146289977
14500.15510990854,1491.983759281850,306.8239973979461,3068.324470143336,.2496632888256728,-.4475046592804233E-002,94140.96620116009
14500.15510990854,1499.999999999997,306.8478698902724,3068.567113359176,.2627073543027643,.8938796361246948E-002,94155.61618284651
14500.15510990854,1500.000000000005,306.8478698902744,3068.567113359195,.2627073543027660,.8938796361246892E-002,94155.61618284712
14500.15510990854,1508.016240718153,306.8723790351459,3069.044926208257,-.2515179457918890,-.2651235657339546E-002,94170.65793544633
14500.15510990854,1525.518738660410,306.9260720447782,3069.454954050290,-.1271463211774089,.2148430968967663E-002,94203.61461318862
14500.15510990854,1549.418798881102,306.9980860601782,3070.167657867685,-.1099286508189006,-.1877463245291700E-002,94247.82573294199
14500.15510990854,1575.581201118908,307.0764420734218,3070.745889224218,-.1316200543650747E-001,.1948144046552913E-002,94295.94215434600
14500.15510990854,1599.481261339566,307.1474833463668,3071.583509323282,-.1327891310011435,-.2068993001556357E-002,94339.57736974367
14500.15510990854,1616.983759281847,307.1986074447603,3071.756792031221,.1572148317596631E-001,.2692965393376268E-002,94370.98526109345
14500.15510990854,1624.999999999999,307.2223728544080,3072.784676815621,-.6444936075784043,-.5374599417822284E-002,94385.58730034452
14500.15510990854,1625.000000000008,307.2223728544087,3072.784676815627,-.6444936075784060,-.5374599417821813E-002,94385.58730034469
14500.15510990854,1633.016240718139,307.2469445239220,3072.551133558474,-.4252795238186324,.1936662507457498E-002,94400.68583632100
14500.15510990854,1650.518738660408,307.3009150808117,3073.397094683135,-.5590235078219777,-.1463562292744525E-002,94433.85328682573
14500.15510990854,1674.418798881097,307.3728378962684,3073.628073428082,-.1454225779280361,.1433095598683487E-002,94478.06230312926
14500.15510990854,1700.581201118914,307.4514136773782,3074.898547265902,-.4780578380983251,-.1299606206493525E-002,94526.37257960974
14500.15510990854,1724.481261339552,307.5222184817716,3075.030566040078,.2144338624230668E-001,.1609917145535933E-002,94569.91560476721
14500.15510990854,1741.983759281854,307.5727838143345,3076.078501214492,-.2033397347812659,-.1845105811672687E-002,94601.01808220579
14500.15510990854,1749.999999999983,307.5958011509851,3075.225212309023,-.1930023560954004,.4954169455347254E-002,94615.17771589961
14500.15510990854,1750.000000000017,307.5958011509911,3075.225212309080,-.1930023560954043,.4954169455347129E-002,94615.17771590131
14500.15510990854,1758.016240718161,307.6209421101382,3076.655441521866,-.7570641488787272,-.1851018463009460E-002,94630.64487293175
14500.15510990854,1775.518738660420,307.6752124566755,3076.243465693418,-.9707421060292516,.1617703091888467E-002,94664.03716638991
14500.15510990854,1799.418798881107,307.7475613542437,3077.409014009342,-.3466329429332557,-.1303715649465860E-002,94708.56222745840
14500.15510990854,1825.581201118914,307.8253058671799,3074.801723057921,-2.007597139944643,.1427364833689083E-002,94756.41952323684
14500.15510990854,1849.481261339561,307.8967344401299,3075.334574578949,-2.672602501154054,-.1486343000877251E-002,94800.39949718105
14500.15510990854,1866.983759281861,307.9487660244840,3077.576543771865,-1.486121887696797,.1951023183356049E-002,94832.44277542146
14500.15510990854,1874.999999999985,307.9726683258267,3078.572582190265,-.8909199802238548,-.3539407836339364E-002,94847.16472705363
14500.15510990854,1875.000000000024,307.9726683258328,3078.572582190325,-.8909199802238718,-.3539407836339180E-002,94847.16472705558
14500.15510990854,1883.016240718141,307.9975665800367,3079.198805743826,-.5924753654500713,.1019418417298017E-002,94862.50121663598
14500.15510990854,1900.518738660420,308.0510501380251,3080.255348014577,-.1996918520268597,-.7828829959492939E-003,94895.44960637916
14500.15510990854,1924.418798881097,308.1229041734823,3081.173954742501,-.4514291777430263E-001,.7232918625901218E-003,94939.72413469144
14500.15510990854,1950.581201118912,308.2016838439555,3081.996659401937,-.1672218061174552E-001,-.7176547068017507E-003,94988.27795506553
14500.15510990854,1974.481261339550,308.2732982434813,3082.734140778732,.7488930513368519E-003,.7922432345407893E-003,95032.42642930028
14500.15510990854,1991.983759281852,308.3254702213748,3083.245699120082,-.4028759056777687E-002,-.1005690088273196E-002,95064.59561282636
14500.15510990854,1999.999999999968,308.3499999999975,3083.499999999996,.000000000000000E+000,.000000000000000E+000,95079.72249999995
15000.04593155990,.000000000000000E+000,302.0797262960449,1192.708953453120,578.8756964979109,.000000000000000E+000,91252.19050494541
15000.04593155990,8.016240718149545,302.0077191866576,1300.809542174195,630.7418120986514,.1389879509355717E-001,91208.69046519854
15000.04593155990,25.51873866042869,301.8734115001089,1505.303522401699,727.1991355616541,.6416030685408858E-002,91127.58325083493
15000.04593155990,49.41879888109523,301.7455015730879,1695.389372713678,818.9249378440589,.3611346629186504E-001,91050.37257615938
15000.04593155990,75.58120111890503,301.6740784082486,1797.371073142795,873.4605295429569,.2854292889450960E-001,91007.27041126744
15000.04593155990,99.48126133957076,301.6456205123960,1836.465121267885,897.8013779076233,.4434446004435233E-001,90990.09744164356
15000.04593155990,116.9837592818501,301.6349438529506,1850.059675555963,906.6833410506523,.2564737898348479E-001,90983.65426748042
15000.04593155990,124.9999999999995,301.6318005805090,1854.310315186980,908.9500892543278,.8793000455587968E-001,90981.75718585284
15000.04593155990,124.9999999999989,301.6318005805075,1854.310315186970,908.9500892543232,.8793000455587974E-001,90981.75718585236
15000.04593155990,133.0162407181498,301.6292160222083,1857.399106724476,910.2083996238148,-.7770465939898052E-003,90980.19728625000
15000.04593155990,150.5187386604267,301.6256132982017,1862.342758809109,910.4358659716574,.6039675985274107E-001,90978.02256974405
15000.04593155990,174.4187988810964,301.6235489975503,1866.057935536967,906.9128397615677,.4212324757606245E-002,90976.77587756931
15000.04593155990,200.5812011189036,301.6235011920908,1868.338697515675,900.2180869975945,.5225920791622873E-001,90976.74590549103
15000.04593155990,224.4812613395718,301.6246829450505,1869.728456983774,892.3505949971808,-.4218278179847212E-002,90977.45799413035
15000.04593155990,241.9837592818481,301.6260717592016,1871.079861997783,885.3586543739061,.5559624401015051E-001,90978.29530268216
15000.04593155990,249.9999999999999,301.6267737502318,1871.840448074621,881.7434762599510,-.1160979123301655,90978.71858216221
15000.04593155990,249.9999999999981,301.6267737502297,1871.840448074607,881.7434762599446,-.1160979123301640,90978.71858216156
15000.04593155990,258.0162407181497,301.6275074963485,1872.821243651859,877.9734636268818,.1021001709804124,90979.16102684618
15000.04593155990,275.5187386604276,301.6291405576114,1875.187263132620,869.2830658277616,-.4893476450493273E-001,90980.14577984388
15000.04593155990,299.4187988810972,301.6316471557230,1879.391688168112,856.8337784502653,.7518054863817625E-001,90981.65738626602
15000.04593155990,325.5812011189054,301.6350267660591,1885.561341195059,842.8312586104663,-.4920806337456995E-001,90983.69568419877
15000.04593155990,349.4812613395671,301.6387036705830,1892.747172244054,829.4345788742150,.7487017063305923E-001,90985.91355024200
15000.04593155990,366.9837592818539,301.6419906999882,1899.180729398323,818.9077082984691,-.7452163726811500E-001,90987.89649303223
15000.04593155990,375.0000000000026,301.6438350357739,1902.637797841128,813.8140259748586,.3155862103305800,90989.00920312063
15000.04593155990,375.0000000000005,301.6438350357720,1902.637797841117,813.8140259748534,.3155862103305795,90989.00920312005
15000.04593155990,383.0162407181469,301.6462879652046,1906.517163565806,808.5488053782605,-.1816825111494711,90990.48909288403
15000.04593155990,400.5187386604230,301.6528004087975,1916.438262463861,796.9294370865661,.1527399575239965,90994.41849821509
15000.04593155990,424.4187988810962,301.6654860238267,1934.700317876082,780.8443258550321,-.1364351374756090,91002.07367336277
15000.04593155990,450.5812011189073,301.6923614620669,1966.274129776313,762.8209154052623,.1360751725448999,91018.29450279119
15000.04593155990,474.4812613395653,301.7339914667584,2009.767205230353,744.8133663808028,-.1549653237296398,91043.42774785376
15000.04593155990,491.9837592818488,301.7872711885857,2056.616579162736,726.8938146302278,.1867403599016552,91075.60264877517
15000.04593155990,499.9999999999977,301.8136972911614,2081.252512536232,718.1190134976389,-.6777422139596866,91091.56915467059
15000.04593155990,499.9999999999993,301.8136972911624,2081.252512536239,718.1190134976407,-.6777422139596881,91091.56915467087
15000.04593155990,508.0162407181474,301.8663477714153,2116.588871932298,703.1322318888210,.3036657050614124,91123.36886650557
15000.04593155990,525.5187386604250,301.9758208802880,2198.751479312839,667.6755885327157,-.2463426849727039,91189.53309007286
15000.04593155990,549.4187988810925,302.2266719260942,2356.744323102550,585.5365378504173,.2194980680084969,91341.25440414852
15000.04593155990,575.5812011189098,302.6490006944441,2577.588243214497,446.1733036752332,-.2207423203233211,91596.95675594610
15000.04593155990,599.4812613395654,303.1837128575156,2798.748356014412,280.3340793900433,.2483559883050334,91921.03094646928
15000.04593155990,616.9837592818517,303.6036185262476,2935.473542834028,157.4746957123771,-.3155725677396636,92175.71872468745
15000.04593155990,625.0000000000007,303.7952346193313,2988.288943439314,106.1994256117485,.6880965763269793,92292.02338155644
15000.04593155990,625.0000000000039,303.7952346193325,2988.288943439327,106.1994256117490,.6880965763269866,92292.02338155686
15000.04593155990,633.0162407181493,303.9519816771600,3023.467116976571,65.52777042006358,-.2034617405758795,92387.15661921377
15000.04593155990,650.5187386604227,304.2194229273666,3069.682595416303,5.887647043335487,.1622378629059588,92549.59631006693
15000.04593155990,674.4187988810944,304.3871585469358,3078.606952710976,-17.97004477806493,-.1459984331019043,92651.56294251882
15000.04593155990,700.5812011189064,304.4502599613770,3069.971956908068,-15.17645346601923,.1458509814845118,92689.96300721908
15000.04593155990,724.4812613395709,304.4879542072712,3059.869650218821,-7.790915419732467,-.1591985981667650,92712.91620204525
15000.04593155990,741.9837592818463,304.5322593977705,3055.036848048227,-3.734553163825189,.1984063763326984,92739.90139629060
15000.04593155990,750.0000000000015,304.5665116696088,3055.798067808110,-3.437552404979552,-.2568259144073572,92760.76530892678
15000.04593155990,750.0000000000056,304.5665116696105,3055.798067808127,-3.437552404979570,-.2568259144073541,92760.76530892731
15000.04593155990,758.0162407181422,304.5912859787270,3053.046827652838,-1.748647719197433,.6019200778051625E-001,92775.85640413816
15000.04593155990,775.5187386604150,304.6629040878664,3053.093806667405,-.5297592230118202,-.4962780977671621E-001,92819.48923714190
15000.04593155990,799.4187988810949,304.7420858244914,3050.125747336337,1.064130380371111,.4579365418412051E-001,92867.74139076078
15000.04593155990,825.5812011189107,304.8246473872120,3049.220299601640,2.032371371733048,-.4606727101279928E-001,92918.06776756162
15000.04593155990,849.4812613395625,304.8931866382505,3049.479989027888,2.708474117498576,.5090886174859421E-001,92959.85684052095
15000.04593155990,866.9837592818446,304.9411065030918,3050.212908670564,2.279905537542443,-.6565917388179687E-001,92989.07992070651
15000.04593155990,874.9999999999990,304.9629917468960,3050.391725234436,1.737057263601568,.1107082188904392,93002.42845540991
15000.04593155990,875.0000000000010,304.9629917468970,3050.391725234445,1.737057263601575,.1107082188904392,93002.42845541018
15000.04593155990,883.0162407181449,304.9888130859345,3051.016971707167,1.225798561665366,-.1909443900644581E-001,93018.17792940591
15000.04593155990,900.5187386604171,305.0460871190643,3052.075622504373,.8410885316165984,.1454698246983388E-001,93053.11704681601
15000.04593155990,924.4187988810968,305.1222814236479,3052.378435658330,1.117209628332662,-.1308141141386876E-001,93099.60796697132
15000.04593155990,950.5812011189056,305.1997612847033,3052.600667410344,1.186532273031319,.1305845244063353E-001,93146.89548040318
15000.04593155990,974.4812613395675,305.2708255700064,3053.379607556922,1.224119121806492,-.1427376144983405E-001,93190.27798399016
15000.04593155990,991.9837592818476,305.3189939462695,3053.009252216074,1.365425765871955,.1799234334755651E-001,93219.68906466939
15000.04593155990,999.9999999999980,305.3433875800313,3053.983559157528,.8043111660205715,-.7246087825713232E-002,93234.58563361882
15000.04593155990,999.9999999999980,305.3433875800313,3053.983559157528,.8043111660205713,-.7246087825712233E-002,93234.58563361879
15000.04593155990,1008.016240718138,305.3670430560759,3054.029938878250,.7656056696413942,-.1048172354035948E-001,93249.03217397798
15000.04593155990,1025.518738660421,305.4240104987974,3055.350907939877,.4243863337145146,.8106212736840979E-002,93283.82735270237
15000.04593155990,1049.418798881096,305.4975567967049,3055.784867577371,.8105891183645940,-.7345340573302050E-002,93328.75819168135
15000.04593155990,1075.581201118908,305.5764911083680,3056.595507667027,.9899687886348865,.7348497419089939E-002,93376.99284642856
15000.04593155990,1099.481261339562,305.6463664847452,3057.297035663520,1.163579719337584,-.8019570507215024E-002,93419.70217917622
15000.04593155990,1116.983759281850,305.6964803539404,3057.279196186315,1.208918399706792,.1020018801104716E-001,93450.33895424606
15000.04593155990,1125.000000000006,305.7194517541632,3057.707718222168,.9832406213040892,-.4208790632225079E-001,93464.38421279502
15000.04593155990,1125.000000000003,305.7194517541623,3057.707718222159,.9832406213040870,-.4208790632225046E-001,93464.38421279476
15000.04593155990,1133.016240718150,305.7453303952761,3058.339888036103,.5999236854795844,.2508803844310292E-001,93480.20805036720
15000.04593155990,1150.518738660425,305.7997216661358,3058.991380910632,.6407704057900185,-.1972822121305651E-001,93513.47075280777
15000.04593155990,1174.418798881095,305.8733353433909,3059.631503757917,.8808731869576338,.1799252788679684E-001,93558.49818325575
15000.04593155990,1200.581201118908,305.9508266106804,3060.297025485491,.9172038221515459,-.1796434659664570E-001,93605.90918028977
15000.04593155990,1224.481261339567,306.0224153095224,3061.041112176908,1.234200418460405,.1981931472500431E-001,93649.71950050921
15000.04593155990,1241.983759281857,306.0723605915836,3061.211417774837,1.333848211683320,-.2517764485139395E-001,93680.29071683984
15000.04593155990,1249.999999999995,306.0968331991996,3061.892032629546,.8918925879968156,.6007104416174691E-001,93695.27222004885
15000.04593155990,1250.000000000008,306.0968331992025,3061.892032629574,.8918925879968218,.6007104416174797E-001,93695.27222004975
15000.04593155990,1258.016240718153,306.1206773857486,3062.011445737380,.8667962502984345,-.2401943022536246E-001,93709.87003105809
15000.04593155990,1275.518738660422,306.1756273250833,3062.815125180384,.7422717377164338,.1892135480412871E-001,93743.51566525997
15000.04593155990,1299.418798881096,306.2480298686250,3063.403036181857,.8060252273916698,-.1713983922633172E-001,93787.85663045340
15000.04593155990,1325.581201118905,306.3263964510417,3063.882734585773,.7029027996991951,.1721615201987364E-001,93835.86198153289
15000.04593155990,1349.481261339568,306.3972858901078,3064.655160232278,.7267175759425474,-.1885722019551933E-001,93879.29757828201
15000.04593155990,1366.983759281844,306.4484442156501,3064.870206945317,.8904169885753801,.2406303840002511E-001,93910.64973852088
15000.04593155990,1375.000000000005,306.4716879472609,3065.356347726457,.4627920774993440,-.5410008598231886E-001,93924.89637428064
15000.04593155990,1375.000000000025,306.4716879472655,3065.356347726505,.4627920774993530,-.5410008598232086E-001,93924.89637428208
15000.04593155990,1383.016240718153,306.4967901398322,3065.656950353125,.4883202639404887,.2067404226809255E-001,93940.28322908591
15000.04593155990,1400.518738660420,306.5507331085398,3066.434817284533,.5032626902477126,-.1619443395790060E-001,93973.35280614652
15000.04593155990,1424.418798881092,306.6232625101137,3066.974693323058,.8733524718835266,.1481334799042208E-001,94017.82591918783
15000.04593155990,1450.581201118911,306.7015515326574,3067.692516867999,.5778988730241066,-.1471948933767553E-001,94065.84253949845
15000.04593155990,1474.481261339574,306.7728639599279,3068.305249617621,.8887914500427732,.1632910930562015E-001,94109.59089451144
15000.04593155990,1491.983759281850,306.8239469319291,3068.721605574648,.6357576879051603,-.2060002456413967E-001,94140.93527214472
15000.04593155990,1499.999999999997,306.8479005458338,3068.996819480873,.6857750911605427,.4206034257324145E-001,94155.63503951779
15000.04593155990,1500.000000000005,306.8479005458357,3068.996819480891,.6857750911605458,.4206034257324048E-001,94155.63503951841
15000.04593155990,1508.016240718153,306.8723639826520,3069.477416511302,.2953160961509025,-.1368439975343327E-001,94170.64874013400
15000.04593155990,1525.518738660410,306.9260930558791,3069.918419247633,.4351090755271598,.1096424481802616E-001,94203.62756655860
15000.04593155990,1549.418798881102,306.9982610431750,3070.593627016787,.3743948192970188,-.9729605186959978E-002,94247.93324148329
15000.04593155990,1575.581201118908,307.0765427264575,3071.054889318035,.3577799553690721,.9978705662404219E-002,94296.00406055631
15000.04593155990,1599.481261339566,307.1475627918595,3071.843934056575,.3616441254247249E-001,-.1072901400452897E-001,94339.62627855493
15000.04593155990,1616.983759281847,307.1986431771655,3071.865372908963,.1288522617158570,.1389111139074828E-001,94371.00733535259
15000.04593155990,1624.999999999999,307.2224984086976,3072.956491114849,-.5656567552751597,-.2797156912379606E-001,94385.66457833577
15000.04593155990,1625.000000000008,307.2224984086982,3072.956491114857,-.5656567552751581,-.2797156912379645E-001,94385.66457833600
15000.04593155990,1633.016240718139,307.2469099648336,3072.588910150885,-.3322408855819499,.9506341757047676E-002,94400.66473563350
15000.04593155990,1650.518738660408,307.3008332049024,3073.435657632065,-.5439009716777092,-.7313392844522981E-002,94433.80310958272
15000.04593155990,1674.418798881097,307.3728497559378,3073.577056933394,-.1820875582290424,.6799118426439821E-002,94478.06973694982
15000.04593155990,1700.581201118914,307.4513449340227,3074.861839279132,-.5548940393236161,-.6701086602560746E-002,94526.33044628522
15000.04593155990,1724.481261339552,307.5219420088514,3074.981106866374,-.1691248011703924,.7441589158636130E-002,94569.74568535335
15000.04593155990,1741.983759281854,307.5725294519683,3076.189613379572,-.2006647150332357,-.9412508069358588E-002,94600.86172179147
15000.04593155990,1749.999999999983,307.5954996523251,3075.279948418551,-.3607311647381790,.1949278820466033E-001,94614.99234242947
15000.04593155990,1750.000000000017,307.5954996523310,3075.279948418608,-.3607311647381832,.1949278820466094E-001,94614.99234243127
15000.04593155990,1758.016240718161,307.6206376177167,3076.819762632115,-.6765727801664315,-.6431578833458629E-002,94630.45763640455
15000.04593155990,1775.518738660420,307.6748706259133,3076.515041581796,-.8682542367674461,.5125753366195335E-002,94663.82690208030
15000.04593155990,1799.418798881107,307.7474184752139,3077.664749418700,-.8997553722649243E-001,-.4552381544584982E-002,94708.47433857150
15000.04593155990,1825.581201118914,307.8251388709896,3074.767595111224,-2.199634330572475,.4666863180207009E-002,94756.31673536354
15000.04593155990,1849.481261339561,307.8965173005948,3075.068775436863,-2.984245019629824,-.5036049649555577E-002,94800.26579578595
15000.04593155990,1866.983759281861,307.9487823848386,3077.408582529040,-1.616783508412937,.6479616573027674E-002,94832.45285556473
15000.04593155990,1874.999999999985,307.9723770103194,3078.447372596891,-.9976937670851357,-.1086378676578525E-001,94846.98529036506
15000.04593155990,1875.000000000024,307.9723770103253,3078.447372596952,-.9976937670851563,-.1086378676578581E-001,94846.98529036698
15000.04593155990,1883.016240718141,307.9974941574771,3079.136747940986,-.6336644379084109,.2530202984964199E-002,94862.45660645221
15000.04593155990,1900.518738660420,308.0510480266448,3080.234178783361,-.2086795702474975,-.1968339712215682E-002,94895.44830562401
15000.04593155990,1924.418798881097,308.1228868833808,3081.170859416066,-.4887450645086208E-001,.1802991713457732E-002,94939.71347925332
15000.04593155990,1950.581201118912,308.2016906573585,3081.995567675975,-.1643830407802369E-001,-.1797384819263831E-002,94988.28215478608
15000.04593155990,1974.481261339550,308.2732974458245,3082.734604253579,-.5631380747679327E-003,.1979868349475276E-002,95032.42593800102
15000.04593155990,1991.983759281852,308.3254451114387,3083.244888081568,-.2409892064856284E-002,-.2517069658587652E-002,95064.58012968190
15000.04593155990,1999.999999999968,308.3499999999975,3083.499999999996,.000000000000000E+000,.000000000000000E+000,95079.72249999999
