10000.04119801644,.000000000000000E+000,301.2000049437622,1244.416767448256,321.1735317017613,.000000000000000E+000,90721.44297812265
10000.04119801644,8.016240718149545,301.1662124253589,1357.164813063120,349.5396446707747,.1329963640023915E-001,90701.08768029569
10000.04119801644,25.51873866042869,301.0945577749849,1571.320178475231,400.1751390947437,-.5896801167712518E-002,90657.93444551204
10000.04119801644,49.41879888109523,301.0054769076172,1773.710875218115,446.1252433364870,.2491529141853399E-001,90604.30259032457
10000.04119801644,75.58120111890503,300.9351036318960,1885.772871536586,476.7119429783246,.1615177386151823E-001,90561.94458463803
10000.04119801644,99.48126133957076,300.9010244586962,1929.582249031458,497.0340990512368,.3927023916203387E-001,90541.43420598705
10000.04119801644,116.9837592818501,300.8883602992375,1943.966241574971,509.1436993029428,.1624652538672589E-001,90533.81225315254
10000.04119801644,124.9999999999995,300.8849446620197,1947.881408432401,513.8932370860140,.1013422121085283,90531.75640714596
10000.04119801644,124.9999999999989,300.8849446620180,1947.881408432392,513.8932370860113,.1013422121085119,90531.75640714548
10000.04119801644,133.0162407181498,300.8821749156102,1950.324880563533,518.0388992968744,-.2161555771018175E-001,90530.08928985657
10000.04119801644,150.5187386604267,300.8785194412309,1952.623231341840,525.3108987171012,.6584649568770740E-001,90527.88882680744
10000.04119801644,174.4187988810964,300.8760208239704,1952.170363696632,532.3652805045381,-.1304063183633275E-001,90526.38452225659
10000.04119801644,200.5812011189036,300.8752309699425,1950.043411446556,538.2550718477413,.5687304281081396E-001,90525.90862468083
10000.04119801644,224.4812613395718,300.8756170823697,1946.984649817924,542.2641153570637,-.2212334922246750E-001,90526.14053975965
10000.04119801644,241.9837592818481,300.8763261711917,1945.255768734821,544.2372701751285,.6363993627567055E-001,90526.56697132811
10000.04119801644,249.9999999999999,300.8767628203860,1944.562295481960,544.8037898944161,-.1874612505734881,90526.82961235622
10000.04119801644,249.9999999999981,300.8767628203839,1944.562295481946,544.8037898944121,-.1874612505734623,90526.82961235562
10000.04119801644,258.0162407181497,300.8772727200245,1944.236001888256,545.2201840901217,.1396212090115005,90527.13632519182
10000.04119801644,275.5187386604276,300.8787266547471,1944.034310778349,545.6065315322744,-.9002081755874780E-001,90528.01102753350
10000.04119801644,299.4187988810972,300.8811397437979,1945.405522407482,543.5419031271625,.1017390051373956,90529.46298368949
10000.04119801644,325.5812011189054,300.8850994436563,1947.758768700024,537.0498763438084,-.8714170746063754E-001,90531.84588149711
10000.04119801644,349.4812613395671,300.8905788411695,1950.964843280566,528.8627928288035,.1045113756804428,90535.14372862811
10000.04119801644,366.9837592818539,300.8964316645892,1955.642718505935,522.0624894656646,-.1212949988681187,90538.66661208594
10000.04119801644,375.0000000000026,300.8990320275102,1958.697495404972,518.3295976845330,.4955225801514480,90540.23195037346
10000.04119801644,375.0000000000005,300.8990320275083,1958.697495404959,518.3295976845297,.4955225801514311,90540.23195037288
10000.04119801644,383.0162407181469,300.9045469562308,1962.628852985292,513.9363288218764,-.3148218717487739,90543.55127780497
10000.04119801644,400.5187386604230,300.9153423931871,1973.481701167076,503.4648202239249,.2520153467786308,90550.04985049411
10000.04119801644,424.4187988810962,300.9384832426178,1994.893717870345,486.5815715840885,-.2362729902764924,90563.98144251874
10000.04119801644,450.5812011189073,300.9905648817461,2034.204286133837,464.9760186905461,.2274247479586542,90595.34341162237
10000.04119801644,474.4812613395653,301.0721959961285,2089.949470324328,443.3518808258640,-.2632536593347519,90644.52349518037
10000.04119801644,491.9837592818488,301.1769363271007,2152.156342935556,422.0008985548707,.3088363223368535,90707.65821899418
10000.04119801644,499.9999999999977,301.2364833590032,2186.814755554636,410.2634269485478,-1.194403302101168,90743.57611896716
10000.04119801644,499.9999999999993,301.2364833590041,2186.814755554643,410.2634269485491,-1.194403302101160,90743.57611896744
10000.04119801644,508.0162407181474,301.3474072756624,2234.804257397660,393.5458091026125,.6130210028205143,90810.46212496553
10000.04119801644,525.5187386604250,301.6039974921603,2356.449309245728,352.4226058916681,-.4937151496219332,90965.33977008745
10000.04119801644,549.4187988810925,302.1923705909945,2600.809131585944,262.4249560646704,.4556833300586167,91320.90386275029
10000.04119801644,575.5812011189098,303.0953705194655,2891.632504782586,128.3107335857587,-.4441463197493484,91867.54626407899
10000.04119801644,599.4812613395654,303.8511429395219,3043.625960357908,33.14349984593164,.5042950597458340,92325.90144368031
10000.04119801644,616.9837592818517,304.1437459463430,3069.845857156368,3.108196007651423,-.6484726995504875,92503.54928373246
10000.04119801644,625.0000000000007,304.2662056222296,3083.307997162268,-4.679498684544319,1.677596473391650,92578.00099601218
10000.04119801644,625.0000000000039,304.2662056222309,3083.307997162282,-4.679498684544331,1.677596473391660,92578.00099601253
10000.04119801644,633.0162407181493,304.3070323735127,3076.079346053868,-7.288119719990813,-.5995015284735453,92602.80528051261
10000.04119801644,650.5187386604227,304.3846305053725,3073.189634990360,-9.347190416844320,.4706344268277040,92650.01001656288
10000.04119801644,674.4187988810944,304.4148906288245,3061.369358717239,-5.933169240488155,-.4261795211713029,92668.42631978227
10000.04119801644,700.5812011189064,304.4534358702991,3051.675793277936,-1.764144666802157,.4264685385920977,92691.89512017329
10000.04119801644,724.4812613395709,304.4884392270418,3039.670598866157,3.110678434600790,-.4673072693027709,92713.21054752814
10000.04119801644,741.9837592818463,304.5450465736490,3041.980755935882,2.175679733097159,.5913403249602132,92747.68740016969
10000.04119801644,750.0000000000015,304.5816835905800,3044.058431841549,1.543213495617267,-1.071303900809225,92770.00494906477
10000.04119801644,750.0000000000056,304.5816835905816,3044.058431841564,1.543213495617278,-1.071303900809230,92770.00494906527
10000.04119801644,758.0162407181422,304.6143817429854,3047.830727049564,.3552985430644782,.3233071283860409,92789.92402225787
10000.04119801644,775.5187386604150,304.6819984473129,3050.808023252407,.7194526770530685E-001,-.2561859591944977,92831.12137278092
10000.04119801644,799.4187988810949,304.7436441534419,3047.809309863203,.2723605955027043,.2338456161183582,92868.68926581705
10000.04119801644,825.5812011189107,304.8276241626157,3048.062073734559,.6918599458283623,-.2338168205700730,92919.88128464585
10000.04119801644,849.4812613395625,304.8979280595303,3049.808850030278,.8415558391814608,.2575672168423717,92962.74705622418
10000.04119801644,866.9837592818446,304.9450009724155,3048.092538482960,.9288957175079453,-.3277816031341645,92991.45427652734
10000.04119801644,874.9999999999990,304.9688674071596,3050.216183714302,.8407520144240244E-001,.6393445264176834,93006.01102553862
10000.04119801644,875.0000000000010,304.9688674071604,3050.216183714311,.8407520144240199E-001,.6393445264176845,93006.01102553892
10000.04119801644,883.0162407181449,304.9962095912360,3050.069108160824,.2828260283358222,-.1967701879057719,93022.68864239885
10000.04119801644,900.5187386604171,305.0503930710261,3051.175719275141,.2958626551219279E-001,.1547242607572075,93055.74304836824
10000.04119801644,924.4187988810968,305.1235221680704,3051.043446941471,.3903508034620378,-.1405934003779228,93100.36444217627
10000.04119801644,950.5812011189056,305.2003954908453,3051.990530307452,.7436423605451536E-001,.1407586661560973,93147.28207056507
10000.04119801644,974.4812613395675,305.2730216779399,3052.107036256242,.2676743948887059,-.1546093408425351,93191.61838202438
10000.04119801644,991.9837592818476,305.3219757753579,3052.578504378204,.1386735785859162,.1966373156820587,93221.50948094785
10000.04119801644,999.9999999999980,305.3466920921265,3053.205110117346,-.3668127969284196E-001,-.3685833873216591,93236.60306852055
10000.04119801644,999.9999999999980,305.3466920921265,3053.205110117346,-.3668127969284174E-001,-.3685833873216589,93236.60306852055
10000.04119801644,1008.016240718138,305.3697568158157,3053.279307178284,-.2950547036879809,.1087857629862961,93250.68910094319
10000.04119801644,1025.518738660421,305.4263318096472,3054.035557625347,-.2396688304489416,-.8558773434260791E-001,93285.24484511740
10000.04119801644,1049.418798881096,305.4974702832064,3054.706997047896,.1539888692794877E-001,.7797652498934537E-001,93328.70495650946
10000.04119801644,1075.581201118908,305.5768727700803,3055.292636739599,-.7342918686746513E-001,-.7794554962952427E-001,93377.22577805640
10000.04119801644,1099.481261339562,305.6474683063924,3056.250256586108,.1139190672120338,.8581317342103634E-001,93420.37542231797
10000.04119801644,1116.983759281850,305.6985502524900,3056.078329452282,.1610144494209044,-.1092071616450383,93451.60418177702
10000.04119801644,1125.000000000006,305.7215479993339,3057.014150626087,-.2345327301795579,.1975834748507797,93465.66556421173
10000.04119801644,1125.000000000003,305.7215479993332,3057.014150626079,-.2345327301795577,.1975834748507803,93465.66556421149
10000.04119801644,1133.016240718150,305.7476448994394,3057.249149747846,-.2490355850525843,-.5291112603826154E-001,93481.62298370230
10000.04119801644,1150.518738660425,305.8006869154731,3057.785050210587,-.2394510534559489,.4159744144633515E-001,93514.06071744885
10000.04119801644,1174.418798881095,305.8734099853714,3058.333022116190,-.3131884766031362E-001,-.3778631737023197E-001,93558.54350809849
10000.04119801644,1200.581201118908,305.9512936350480,3059.212669919569,-.1997039426741356,.3780972449893016E-001,93606.19464851612
10000.04119801644,1224.481261339567,306.0234383920497,3059.741806801419,.2643134542984499E-001,-.4158515758132664E-001,93650.34540313487
10000.04119801644,1241.983759281857,306.0740301933976,3060.132228359706,-.2153596291311849E-001,.5283376306051424E-001,93681.31251417568
10000.04119801644,1249.999999999995,306.0988634190625,3060.605777031168,-.1671220559573355,-.9213102610583546E-001,93696.51480367326
10000.04119801644,1250.000000000008,306.0988634190655,3060.605777031198,-.1671220559573351,-.9213102610583790E-001,93696.51480367412
10000.04119801644,1258.016240718153,306.1224407294943,3060.992350599663,-.3380673623050697,.2328256360629100E-001,93710.94933700169
10000.04119801644,1275.518738660422,306.1765758776053,3061.454469428892,-.1345944952582950,-.1837452706238940E-001,93744.09623020102
10000.04119801644,1299.418798881096,306.2480165122824,3062.143634274653,-.1071671774353316,.1669052372686664E-001,93787.84821681422
10000.04119801644,1325.581201118905,306.3268077981943,3062.843345757753,-.8936150481292748E-001,-.1668908329963537E-001,93836.11378779594
10000.04119801644,1349.481261339568,306.3978710954550,3063.638145970324,-.2208888536913883E-001,.1841345845053877E-001,93879.65599889026
10000.04119801644,1366.983759281844,306.4497613680736,3063.773524848815,.4933023536636022E-001,-.2335956278856044E-001,93911.45681783887
10000.04119801644,1375.000000000005,306.4730518831616,3064.608705495155,-.2155398310493115,.3770402732327027E-001,93925.73213664794
10000.04119801644,1375.000000000025,306.4730518831665,3064.608705495201,-.2155398310493174,.3770402732326894E-001,93925.73213664940
10000.04119801644,1383.016240718153,306.4980298217223,3064.754984748721,-.2742722012800838,-.7396409468135245E-002,93941.04288549838
10000.04119801644,1400.518738660420,306.5510672015082,3065.233968166812,-.1161071044147030,.5884940741168188E-002,93973.55736793578
10000.04119801644,1424.418798881092,306.6230617859037,3065.869166350615,-.3034049631991592E-001,-.5280647732515131E-002,94017.70254224625
10000.04119801644,1450.581201118911,306.7015202288352,3066.710367836900,-.8743444078311280E-001,.5317940053549908E-002,94065.82301823571
10000.04119801644,1474.481261339574,306.7732530567918,3067.291111231730,-.2058205628741278E-001,-.5843952688576015E-002,94109.82927502527
10000.04119801644,1491.983759281850,306.8247358746569,3067.771138784025,-.5558535245343527E-001,.7408745807795436E-002,94141.41902752337
10000.04119801644,1499.999999999997,306.8491236048309,3067.975481038346,-.3975092144154485E-001,-.9860545364337558E-002,94156.38518433625
10000.04119801644,1500.000000000005,306.8491236048329,3067.975481038364,-.3975092144154391E-001,-.9860545364340612E-002,94156.38518433679
10000.04119801644,1508.016240718153,306.8731770956789,3068.570127893750,-.3844114278905777,.7573977098482843E-003,94171.14732682789
10000.04119801644,1525.518738660410,306.9263913446254,3068.935335990346,-.1448179049964234,-.6248902248712773E-003,94203.81019231853
10000.04119801644,1549.418798881102,306.9980247788042,3069.568022782650,-.1335199961487341,.5427606126973683E-003,94247.78768254630
10000.04119801644,1575.581201118908,307.0766260651808,3070.380755333455,-.1203758177519263,-.5850024629582007E-003,94296.05472434800
10000.04119801644,1599.481261339566,307.1480832723947,3071.026147213947,-.9230281285301112E-001,.5785789039417510E-003,94339.94548471129
10000.04119801644,1616.983759281847,307.1999196795707,3071.469627687407,-.4078228998979702E-001,-.8531489032369000E-003,94371.79107065938
10000.04119801644,1624.999999999999,307.2235113174536,3072.114621405595,-.4348249720086040,-.2587001554795909E-002,94386.28636318317
10000.04119801644,1625.000000000008,307.2235113174542,3072.114621405601,-.4348249720086027,-.2587001554795826E-002,94386.28636318335
10000.04119801644,1633.016240718139,307.2483000471336,3072.281393647683,-.2022220362597201,.2948410958592329E-002,94401.51833369158
10000.04119801644,1650.518738660408,307.3014839961874,3072.665206617334,-.2423945870271854,-.2443186688653065E-002,94434.20250296283
10000.04119801644,1674.418798881097,307.3731387004638,3073.354431367697,-.5192641007614629E-002,.2101860162039865E-002,94478.24682725890
10000.04119801644,1700.581201118914,307.4516554855137,3074.120016964803,-.1772446094020834,-.2214594078854770E-002,94526.52089944732
10000.04119801644,1724.481261339552,307.5230036603843,3074.784011298762,.2663438943318824E-001,.2360322858788566E-002,94570.39818986360
10000.04119801644,1741.983759281854,307.5741114876240,3075.165619467613,-.9225343938218888E-001,-.3059229141563841E-002,94601.83444317763
10000.04119801644,1749.999999999983,307.5972636817424,3075.736076962357,.3550541189961987E-001,.1058391985718637E-001,94616.07704007978
10000.04119801644,1750.000000000017,307.5972636817480,3075.736076962414,.3550541189962120E-001,.1058391985718798E-001,94616.07704008154
10000.04119801644,1758.016240718161,307.6222939236187,3076.283355976296,-.3770461665794153,-.5580747065659808E-002,94631.47612260608
10000.04119801644,1775.518738660420,307.6759935736182,3076.101622077263,-.6192144854584725E-001,.4389521143961267E-002,94664.51736525611
10000.04119801644,1799.418798881107,307.7476287834650,3077.579444758221,-.9772535821315764E-001,-.3959252171325811E-002,94708.60329113374
10000.04119801644,1825.581201118914,307.8262973006754,3076.858505799099,.3235260524052381,.4004230403880038E-002,94757.02951074550
10000.04119801644,1849.481261339561,307.8978852898679,3077.824623624182,.9873362930910456E-002,-.4363704299543594E-002,94801.10790189919
10000.04119801644,1866.983759281861,307.9503327324718,3078.906315545297,-.9501069248497140E-001,.5575437483247292E-002,94833.40753151875
10000.04119801644,1874.999999999985,307.9737936125055,3079.419045701279,.3257103634633285E-001,-.9766478890113173E-002,94847.85767340931
10000.04119801644,1875.000000000024,307.9737936125115,3079.419045701339,.3257103634633329E-001,-.9766478890113117E-002,94847.85767341113
10000.04119801644,1883.016240718141,307.9985375539225,3079.766352896757,-.4712223762420431E-001,.2487717910670137E-002,94863.09921231271
10000.04119801644,1900.518738660420,308.0513875499395,3080.428154918897,-.2115119175223446E-001,-.1954294945102034E-002,94895.65742118875
10000.04119801644,1924.418798881097,308.1231221400202,3081.220067591355,-.2964835534633725E-002,.1778222433022461E-002,94939.85842503981
10000.04119801644,1950.581201118912,308.2017193807729,3082.008316073393,-.4169320301790957E-002,-.1778672019819367E-002,94988.29984537905
10000.04119801644,1974.481261339550,308.2733770965406,3082.737498132547,.2364979241343046E-002,.1956950637585634E-002,95032.47503764510
10000.04119801644,1991.983759281852,308.3256990562224,3083.249581675606,-.2831449719724044E-002,-.2488514155181161E-002,95064.73671385620
10000.04119801644,1999.999999999968,308.3499999999975,3083.499999999995,.000000000000000E+000,.000000000000000E+000,95079.72249999995
10500.26591003560,.000000000000000E+000,301.2306193677608,1235.229549069228,330.3999729637475,.000000000000000E+000,90739.88634481361
10500.26591003560,8.016240718149545,301.1974340052909,1347.097082866639,359.5701361825255,.1406234874240371E-001,90719.89472612736
10500.26591003560,25.51873866042869,301.1271340610326,1559.861086265612,411.8621776425994,-.6816402038006375E-002,90677.55281146738
10500.26591003560,49.41879888109523,301.0398306176627,1761.347547473265,459.6440858584132,.2451991131321485E-001,90624.98505880641
10500.26591003560,75.58120111890503,300.9703656121234,1872.763554692652,491.8274903245829,.1379319835183801E-001,90583.16878079608
10500.26591003560,99.48126133957076,300.9354307423422,1916.759362473427,513.2719614491851,.3803121467223636E-001,90562.14106583621
10500.26591003560,116.9837592818501,300.9214375211881,1931.645835001734,525.5670305145227,.1397858812101394E-001,90553.71845619993
10500.26591003560,124.9999999999995,300.9173609223920,1935.806392949549,530.4330431546827,.1037077663168562,90551.26463585639
10500.26591003560,124.9999999999989,300.9173609223906,1935.806392949539,530.4330431546799,.1037077663168489,90551.26463585591
10500.26591003560,133.0162407181498,300.9139476968351,1938.602321337832,534.6233563554702,-.2582214415470174E-001,90549.21011829386
10500.26591003560,150.5187386604267,300.9090492872959,1942.022167617827,542.3421392076201,.6756208293938215E-001,90546.26145901810
10500.26591003560,174.4187988810964,300.9057224358906,1942.601946626274,549.9437380318161,-.1542401904479340E-001,90544.25856878684
10500.26591003560,200.5812011189036,300.9046833509489,1940.259318909626,555.4353241115610,.5938948253641185E-001,90543.63265125619
10500.26591003560,224.4812613395718,300.9050341725604,1937.604999615056,558.7699151482694,-.2402775486163700E-001,90543.84339365725
10500.26591003560,241.9837592818481,300.9057386624164,1936.726306714999,560.3099222952771,.6706731177065661E-001,90544.26713635949
10500.26591003560,249.9999999999999,300.9061645495761,1936.485537273942,560.7086397135976,-.2003150257944162,90544.52334783690
10500.26591003560,249.9999999999981,300.9061645495739,1936.485537273928,560.7086397135937,-.2003150257944206,90544.52334783628
10500.26591003560,258.0162407181497,300.9066354625229,1936.452438613604,560.9461847810729,.1488894159632514,90544.80665477095
10500.26591003560,275.5187386604276,300.9079645390046,1936.480019944539,560.8899564362300,-.9587875842049343E-001,90545.60634967868
10500.26591003560,299.4187988810972,300.9102860728336,1936.715408673264,559.5395870924062,.1093276605364522,90547.00334382695
10500.26591003560,325.5812011189054,300.9141544521717,1938.203149756450,556.1064481440151,-.9193444752779678E-001,90549.33146650082
10500.26591003560,349.4812613395671,300.9188937839072,1942.443269974568,550.6805041815550,.1128947780053478,90552.18402866002
10500.26591003560,366.9837592818539,300.9239641751834,1947.871304549566,545.2721841765213,-.1277972801517155,90555.23609187439
10500.26591003560,375.0000000000026,300.9262294200394,1951.037606768963,542.4197782488911,.5278182323664946,90556.59980197894
10500.26591003560,375.0000000000005,300.9262294200373,1951.037606768951,542.4197782488877,.5278182323664879,90556.59980197839
10500.26591003560,383.0162407181469,300.9317031242979,1955.035996099714,539.0691551992629,-.3326076113715477,90559.89459673599
10500.26591003560,400.5187386604230,300.9424297169787,1965.608830032928,531.1087295821389,.2691069516518045,90566.35221158515
10500.26591003560,424.4187988810962,300.9644994531988,1986.370397240575,517.5931302827637,-.2493890569353561,90579.64025139998
10500.26591003560,450.5812011189073,301.0126847155128,2023.792917446461,498.8715651053449,.2430072008829571,90608.65883030675
10500.26591003560,474.4812613395653,301.0928632374980,2078.717589082181,477.0014357121695,-.2781339588638423,90656.96677703160
10500.26591003560,491.9837592818488,301.1981852641366,2141.408004049102,452.6982853592054,.3286659545986567,90720.45317724254
10500.26591003560,499.9999999999977,301.2578746430314,2176.465158873768,439.0624357812914,-1.271439484928076,90756.45895587961
10500.26591003560,499.9999999999993,301.2578746430323,2176.465158873776,439.0624357812928,-1.271439484928079,90756.45895587985
10500.26591003560,508.0162407181474,301.3643614432748,2225.080007793823,419.3851735788732,.6498379206995752,90820.66995463773
10500.26591003560,525.5187386604250,301.6089827896685,2346.984286400332,370.1673781748204,-.5250947094801404,90968.32821953308
10500.26591003560,549.4187988810925,302.1742319358909,2581.361280804001,273.1516046908100,.4806508841199809,91309.92379425291
10500.26591003560,575.5812011189098,303.0357115524786,2866.526668596685,142.1556501461120,-.4684871611362597,91831.39812106607
10500.26591003560,599.4812613395654,303.8044158153848,3038.864308841091,38.93661200002133,.5387139511884679,92297.50585489004
10500.26591003560,616.9837592818517,304.1364624418630,3073.898419343700,1.838324360433037,-.6840276414769237,92499.10573616067
10500.26591003560,625.0000000000007,304.2626505649154,3086.014456521887,-7.803921198197001,1.716045090641996,92575.82669057784
10500.26591003560,625.0000000000039,304.2626505649168,3086.014456521901,-7.803921198197031,1.716045090642005,92575.82669057822
10500.26591003560,633.0162407181493,304.3083973971403,3079.382852016005,-9.849360778009682,-.5967807259374412,92603.62892616913
10500.26591003560,650.5187386604227,304.3880922255653,3075.148017038101,-11.26365927764131,.4691570438190976,92652.11595504067
10500.26591003560,674.4187988810944,304.4191429298739,3062.681769795268,-6.713135385969911,-.4250065307552850,92671.01523860238
10500.26591003560,700.5812011189064,304.4538891672352,3052.481965030751,-2.199325656413418,.4253005598379891,92692.17111140893
10500.26591003560,724.4812613395709,304.4880498215405,3040.864224041678,3.290234031332327,-.4661667315973047,92712.97336945182
10500.26591003560,741.9837592818463,304.5432575630288,3042.018707551855,2.510755413084951,.5899776613547679,92746.59774731095
10500.26591003560,750.0000000000015,304.5798776856966,3044.305741718627,1.781257741762456,-1.078207812216743,92768.90474526832
10500.26591003560,750.0000000000056,304.5798776856983,3044.305741718644,1.781257741762465,-1.078207812216749,92768.90474526885
10500.26591003560,758.0162407181422,304.6138929329817,3048.053874780045,.6331628439117263,.3287580430788187,92789.62604323900
10500.26591003560,775.5187386604150,304.6830362171846,3051.201667934236,-.1125884308020446,-.2602760908363647,92831.75358185338
10500.26591003560,799.4187988810949,304.7444662963441,3047.688072807405,.3958567886894401,.2374509694558454,92869.19037058151
10500.26591003560,825.5812011189107,304.8272244863908,3048.194521235428,.6837640052998473,-.2376085050496292,92919.63767970086
10500.26591003560,849.4812613395625,304.8979222683201,3049.755642678921,.7381320203227544,.2616006258084663,92962.74353899003
10500.26591003560,866.9837592818446,304.9442248216067,3048.165831272383,.7049257612404247,-.3331004081944905,92990.98091209168
10500.26591003560,874.9999999999990,304.9683406744480,3050.135466482211,-.8789721519095284E-001,.6520566090402189,93005.68974797559
10500.26591003560,875.0000000000010,304.9683406744489,3050.135466482220,-.8789721519095006E-001,.6520566090402217,93005.68974797588
10500.26591003560,883.0162407181449,304.9955375701371,3050.031656665009,.8305323550092725E-001,-.2009093458289211,93022.27869243186
10500.26591003560,900.5187386604171,305.0500446143801,3051.331223966173,-.1580387981884033,.1579056731970048,93055.53037479080
10500.26591003560,924.4187988810968,305.1233209535844,3051.116346490418,.4461137185638169,-.1434359626107678,93100.24154235583
10500.26591003560,950.5812011189056,305.2004737948840,3052.193174969718,.2099932334385826,.1436078151847261,93147.32974647205
10500.26591003560,974.4812613395675,305.2730656639339,3052.318935159683,.4655821033311063,-.1577168542052555,93191.64513819308
10500.26591003560,991.9837592818476,305.3219804834312,3052.886852933853,.3127456670111183,.2005875822312325,93221.51226395863
10500.26591003560,999.9999999999980,305.3462884549483,3053.052010390280,.2288773825129433,-.3742283227446366,93236.35648876656
10500.26591003560,999.9999999999980,305.3462884549483,3053.052010390280,.2288773825129433,-.3742283227446367,93236.35648876654
10500.26591003560,1008.016240718138,305.3699010884112,3053.626862142231,-.1461246892088868,.1098056180698158,93250.77712761739
10500.26591003560,1025.518738660421,305.4263421037186,3054.277859762879,-.7369608128491212E-001,-.8636193640831846E-001,93285.25106217616
10500.26591003560,1049.418798881096,305.4977232176850,3054.942625789622,.9352751569934759E-002,.7872628368942403E-001,93328.85945433006
10500.26591003560,1075.581201118908,305.5770639793535,3055.431560566852,-.3388657969453091E-001,-.7866378366816296E-001,93377.34263230229
10500.26591003560,1099.481261339562,305.6475693646867,3056.344898581022,.7858789235966523E-001,.8662414000142804E-001,93420.43721374821
10500.26591003560,1116.983759281850,305.6985880903358,3056.207218422766,.3612127408012300E-001,-.1102101404689097,93451.62734554062
10500.26591003560,1125.000000000006,305.7213000148503,3056.894572318084,-.1528612118958206,.1952323126061720,93465.51396279084
10500.26591003560,1125.000000000003,305.7213000148494,3056.894572318077,-.1528612118958207,.1952323126061715,93465.51396279060
10500.26591003560,1133.016240718150,305.7477149001903,3057.304013684236,-.2013052923435900,-.4997323413209431E-001,93481.66582739976
10500.26591003560,1150.518738660425,305.8006550855697,3057.861639973643,-.2764400633685505,.3931478041900299E-001,93514.04128547451
10500.26591003560,1174.418798881095,305.8734637765934,3058.342955679885,-.3087580648398514E-001,-.3567503663579413E-001,93558.57645682638
10500.26591003560,1200.581201118908,305.9512971406773,3059.215268425276,-.2265520987963134,.3575849053966618E-001,93606.19684143350
10500.26591003560,1224.481261339567,306.0233333079898,3059.713152509039,-.7179186908134738E-002,-.3923853382585935E-001,93650.28112998507
10500.26591003560,1241.983759281857,306.0739260285553,3060.133785356613,-.1183571580450359,.4997912544695904E-001,93681.24878556338
10500.26591003560,1249.999999999995,306.0988013823446,3060.643017918394,-.1984331577083266,-.8390901293962977E-001,93696.47685569493
10500.26591003560,1250.000000000008,306.0988013823476,3060.643017918425,-.1984331577083276,-.8390901293962968E-001,93696.47685569586
10500.26591003560,1258.016240718153,306.1221961192837,3060.864035609501,-.3712251202469932,.1953096814657967E-001,93710.79960606154
10500.26591003560,1275.518738660422,306.1764165439657,3061.455279219551,-.2056417605287690,-.1530947087328344E-001,93743.99867543729
10500.26591003560,1299.418798881096,306.2478625473105,3062.097996707451,-.1181351344158519,.1401251310794949E-001,93787.75390631225
10500.26591003560,1325.581201118905,306.3266911142403,3062.849837619759,-.1062970126689593,-.1393313929923395E-001,93836.04227025123
10500.26591003560,1349.481261339568,306.3978942359252,3063.623156434406,-.2267198396893455E-001,.1541969864139492E-001,93879.67014052466
10500.26591003560,1366.983759281844,306.4498337142935,3063.773882053383,.4189356172127878E-001,-.1955784923154480E-001,93911.50112816252
10500.26591003560,1375.000000000005,306.4730359690870,3064.740521832309,-.2019630951666255,.2927645748743113E-001,93925.72235254249
10500.26591003560,1375.000000000025,306.4730359690918,3064.740521832357,-.2019630951666289,.2927645748743324E-001,93925.72235254393
10500.26591003560,1383.016240718153,306.4980962171617,3064.719776903177,-.2839256298672925,-.4324241738606738E-002,93941.08356401036
10500.26591003560,1400.518738660420,306.5512644419705,3065.247360272452,-.1473393794664359,.3423395650820560E-002,93973.67829140482
10500.26591003560,1424.418798881092,306.6232372028010,3065.853239188076,-.2132641655132950E-001,-.3093172618260809E-002,94017.81014049044
10500.26591003560,1450.581201118911,306.7016355689274,3066.704394351095,-.1026523217469256,.3092935563870580E-002,94065.89381668580
10500.26591003560,1474.481261339574,306.7733213891685,3067.294194270079,.1690293007705090E-001,-.3405059952770184E-002,94109.87126189994
10500.26591003560,1491.983759281850,306.8247868559687,3067.754362943275,-.3656487737760183E-001,.4315690983916265E-002,94141.45038085265
10500.26591003560,1499.999999999997,306.8491174664017,3067.944964288884,-.6603555850085496E-001,-.2595597136521466E-002,94156.38149308215
10500.26591003560,1500.000000000005,306.8491174664035,3067.944964288905,-.6603555850085596E-001,-.2595597136520855E-002,94156.38149308275
10500.26591003560,1508.016240718153,306.8731600632136,3068.589678491739,-.3869160216855241,-.2103810908098747E-002,94171.13695001267
10500.26591003560,1525.518738660410,306.9264169917851,3068.922475477133,-.9896415561030270E-001,.1646807373747006E-002,94203.82601352764
10500.26591003560,1549.418798881102,306.9980724338903,3069.563573685944,-.1238178849957385,-.1493995866540365E-002,94247.81702784557
10500.26591003560,1575.581201118908,307.0766453159075,3070.352644610496,-.1045774361890231,.1494952331759336E-002,94296.06663865551
10500.26591003560,1599.481261339566,307.1480607893793,3070.991545590272,-.1175679697903021,-.1640612180052098E-002,94339.93176514737
10500.26591003560,1616.983759281847,307.1998541848668,3071.419432345815,-.6887175250859789E-001,.2075507469116833E-002,94371.75092137151
10500.26591003560,1624.999999999999,307.2233727120938,3072.076591760764,-.4694147828407298,-.8903091035361715E-002,94386.20128584967
10500.26591003560,1625.000000000008,307.2233727120947,3072.076591760770,-.4694147828407327,-.8903091035361438E-002,94386.20128584991
10500.26591003560,1633.016240718139,307.2482003423693,3072.243264298298,-.2436315209238958,.5344847049080503E-002,94401.45715379014
10500.26591003560,1650.518738660408,307.3013678922345,3072.623444237042,-.3009350826425559,-.4209875025478468E-002,94434.13122358356
10500.26591003560,1674.418798881097,307.3730182567999,3073.315182899747,-.6661883069678590E-001,.3835131761510083E-002,94478.17284359751
10500.26591003560,1700.581201118914,307.4515530032664,3074.083728179628,-.2300761945717397,-.3824979356582853E-002,94526.45792640769
10500.26591003560,1724.481261339552,307.5229048565950,3074.736293820387,-.3842979366511853E-001,.4231386013438893E-002,94570.33744657072
10500.26591003560,1741.983759281854,307.5740113553263,3075.184975768496,-.1232600002567044,-.5366313176782198E-002,94601.77286927208
10500.26591003560,1749.999999999983,307.5972561832701,3075.536788641851,.6712148900677611E-001,.1520859278315929E-001,94616.07245125315
10500.26591003560,1750.000000000017,307.5972561832759,3075.536788641909,.6712148900677589E-001,.1520859278316028E-001,94616.07245125491
10500.26591003560,1758.016240718161,307.6221754130640,3076.259347544902,-.4563580566899429,-.7043321591152840E-002,94631.40323005649
10500.26591003560,1775.518738660420,307.6759537769082,3076.053772724548,-.9830395860869900E-001,.5543840412159565E-002,94664.49289354609
10500.26591003560,1799.418798881107,307.7476164389848,3077.564477985392,-.8963865216866945E-001,-.5027317456743854E-002,94708.59570810877
10500.26591003560,1825.581201118914,307.8263046510784,3076.708768426163,.2807257051397943,.5036353680509802E-002,94757.03405231136
10500.26591003560,1849.481261339561,307.8978814451791,3077.677888452766,-.3912607992970274E-001,-.5537367601348639E-002,94801.10555166067
10500.26591003560,1866.983759281861,307.9502607577818,3078.850774035760,-.1107639397505550,.7041714584885020E-002,94833.36321791352
10500.26591003560,1874.999999999985,307.9738105312912,3079.361418646004,.6483088963038730E-002,-.1194989682648990E-001,94847.86810820040
10500.26591003560,1875.000000000024,307.9738105312972,3079.361418646065,.6483088963038786E-002,-.1194989682649012E-001,94847.86810820230
10500.26591003560,1883.016240718141,307.9984741798221,3079.735656956662,-.5103384466757027E-001,.2803926293782521E-002,94863.06018672715
10500.26591003560,1900.518738660420,308.0513588561896,3080.416018595787,-.2472120044825793E-001,-.2207385433897653E-002,94895.63975064346
10500.26591003560,1924.418798881097,308.1230973520895,3081.217226315943,-.3701190541248539E-002,.2006381672109909E-002,94939.84315401044
10500.26591003560,1950.581201118912,308.2017108384074,3082.007008772766,-.4639311837189908E-002,-.2007399784115254E-002,94988.29458148866
10500.26591003560,1974.481261339550,308.2733676311729,3082.737657126060,.2353955518597725E-002,.2208299530698297E-002,95032.46920237990
10500.26591003560,1991.983759281852,308.3256877238075,3083.249043137491,-.2612361042746245E-002,-.2808281301704978E-002,95064.72972590532
10500.26591003560,1999.999999999968,308.3499999999975,3083.499999999994,.000000000000000E+000,.000000000000000E+000,95079.72249999995
11000.49062205476,.000000000000000E+000,301.2906463332023,1214.908590668161,354.9996884207081,.000000000000000E+000,90776.05386803934
11000.49062205476,8.016240718149545,301.2575775468010,1324.629321727470,386.4559601815126,.1483969573264901E-001,90756.12850283783
11000.49062205476,25.51873866042869,301.1877105285027,1533.430719859147,443.6570117389504,-.7147234949965914E-002,90714.03899392371
11000.49062205476,49.41879888109523,301.1017925354441,1731.527788332061,495.5347995973650,.2568433652272009E-001,90662.29504214204
11000.49062205476,75.58120111890503,301.0339467240219,1842.930475738726,527.4674381885495,.1367019344931381E-001,90621.44482646610
11000.49062205476,99.48126133957076,300.9987523845614,1888.993618087545,546.4771813947450,.3896067035848794E-001,90600.25644012116
11000.49062205476,116.9837592818501,300.9837251589854,1906.070750424358,557.2095105391105,.1341724286461954E-001,90591.20968642597
11000.49062205476,124.9999999999995,300.9791404855015,1911.352094133139,561.6002167555064,.1109403920294045,90588.44954118451
11000.49062205476,124.9999999999989,300.9791404854999,1911.352094133130,561.6002167555034,.1109403920294081,90588.44954118400
11000.49062205476,133.0162407181498,300.9752224583611,1915.348297769062,565.4836458617242,-.3099436771717989E-001,90586.09075923753
11000.49062205476,150.5187386604267,300.9692965449506,1921.509257777231,573.1587811696209,.7192932989324419E-001,90582.52303953274
11000.49062205476,174.4187988810964,300.9647202864800,1925.834813178519,581.7216745510152,-.1937705216444552E-001,90579.76769579490
11000.49062205476,200.5812011189036,300.9623603000447,1926.886290738053,588.6639718008585,.6321206572885540E-001,90578.34652146992
11000.49062205476,224.4812613395718,300.9615570841300,1925.704778293471,593.4181219962447,-.2827834649921446E-001,90577.86258857659
11000.49062205476,241.9837592818481,300.9615823697014,1924.558845306765,596.3659212554658,.7248958309787945E-001,90577.87753277355
11000.49062205476,249.9999999999999,300.9617472279452,1924.033949366063,597.5148241558786,-.2224100985634268,90577.97665650546
11000.49062205476,249.9999999999981,300.9617472279431,1924.033949366049,597.5148241558742,-.2224100985634423,90577.97665650480
11000.49062205476,258.0162407181497,300.9619983031631,1923.658524996813,598.5510909313365,.1629661334780016,90578.12768029950
11000.49062205476,275.5187386604276,300.9628845877963,1923.192296298824,600.2046456772487,-.1064227036449656,90578.66097684932
11000.49062205476,299.4187988810972,300.9647091951829,1923.816666671240,600.6749539368875,.1200824328161125,90579.75910334822
11000.49062205476,325.5812011189054,300.9680982773680,1926.723830695903,598.4266562604142,-.1010203733963744,90581.79909060214
11000.49062205476,349.4812613395671,300.9725582979802,1932.539163792128,593.9960542959730,.1250838068048726,90584.48395873050
11000.49062205476,366.9837592818539,300.9774215246329,1938.752753542238,589.5580607672387,-.1402529122635192,90587.41174161393
11000.49062205476,375.0000000000026,300.9796928038555,1941.972417992259,587.3426414396989,.5793097400669531,90588.77924959287
11000.49062205476,375.0000000000005,300.9796928038536,1941.972417992246,587.3426414396954,.5793097400669482,90588.77924959228
11000.49062205476,383.0162407181469,300.9850777709972,1945.853297353956,584.6419176364328,-.3590048489090137,90592.02109746334
11000.49062205476,400.5187386604230,300.9953355617400,1955.749141958177,578.3969265713189,.2924077514987329,90598.19740054087
11000.49062205476,424.4187988810962,301.0160093696114,1974.256172382287,566.8624594709619,-.2682215918407812,90610.64680091191
11000.49062205476,450.5812011189073,301.0600207010779,2007.949127192911,548.7407351085793,.2648872057725266,90637.15499823418
11000.49062205476,474.4812613395653,301.1343667353695,2060.595032860955,524.5168093576766,-.2979958543611561,90681.95023502159
11000.49062205476,491.9837592818488,301.2343974622698,2121.900231473705,496.7469409882094,.3602676943774865,90742.24863838783
11000.49062205476,499.9999999999977,301.2891354448128,2155.685359346647,481.8490933073342,-1.362594325760699,90775.26883014181
11000.49062205476,499.9999999999993,301.2891354448136,2155.685359346654,481.8490933073356,-1.362594325760704,90775.26883014207
11000.49062205476,508.0162407181474,301.3920061990774,2203.340079884051,460.2809021564898,.6973598437030228,90837.30390786857
11000.49062205476,525.5187386604250,301.6194402508378,2321.464963949697,408.5132669777248,-.5563751946739518,90974.58994782354
11000.49062205476,549.4187988810925,302.1300267975581,2546.354297692925,308.2130442576681,.5152837377616178,91283.13455306187
11000.49062205476,575.5812011189098,302.9414547712623,2834.322562200084,167.3993654225303,-.4992022556906833,91774.25591388540
11000.49062205476,599.4812613395654,303.7364315851896,3029.415410175598,50.33591234188177,.5743527996393776,92256.23725036217
11000.49062205476,616.9837592818517,304.1078741877092,3075.199170153101,5.078052067045313,-.7261949423670371,92481.74020591385
11000.49062205476,625.0000000000007,304.2453438555409,3089.122135777281,-7.926733235147990,1.754293646352108,92565.30744876574
11000.49062205476,625.0000000000039,304.2453438555420,3089.122135777294,-7.926733235148020,1.754293646352117,92565.30744876617
11000.49062205476,633.0162407181493,304.3017977073980,3083.346946368780,-10.74487175590483,-.6056615675781651,92599.61650422732
11000.49062205476,650.5187386604227,304.3910683440180,3078.563407040202,-13.17862551760612,.4769554212854823,92653.92775346769
11000.49062205476,674.4187988810944,304.4260415129191,3065.883332496259,-8.309756106985137,-.4323040936805373,92675.21540143008
11000.49062205476,700.5812011189064,304.4572566348603,3054.597894348134,-3.256756853194277,.4325905552667618,92694.22154413888
11000.49062205476,724.4812613395709,304.4878999177785,3042.268541291154,2.857417178100556,-.4741436029993512,92712.88208633540
11000.49062205476,741.9837592818463,304.5422679131663,3042.743066375710,2.784946703376916,.5998395059522621,92745.99523052585
11000.49062205476,750.0000000000015,304.5792966729599,3045.185150129421,2.176805939171529,-1.098777988500330,92768.55110516066
11000.49062205476,750.0000000000056,304.5792966729615,3045.185150129437,2.176805939171546,-1.098777988500335,92768.55110516114
11000.49062205476,758.0162407181422,304.6125703365148,3048.213183979316,.9238107663515760,.3376002581338346,92788.82047435082
11000.49062205476,775.5187386604150,304.6827637661033,3051.571313213578,-.1327665257801995,-.2674478486949700,92831.58768513796
11000.49062205476,799.4187988810949,304.7451565272878,3047.981159084112,.6011294543363137,.2439769602586822,92869.61114502962
11000.49062205476,825.5812011189107,304.8267715212488,3048.140163126362,.8027884411369168,-.2441641694279500,92919.36163920020
11000.49062205476,849.4812613395625,304.8976484754731,3049.674763330844,.7319149178693229,.2687548941419866,92962.57665044666
11000.49062205476,866.9837592818446,304.9435788614909,3048.204244228254,.9071261348466364,-.3422771729046588,92990.58697778879
11000.49062205476,874.9999999999990,304.9667648061735,3049.853253196057,.3167473018310791,.6706166111147386,93004.72864195626
11000.49062205476,875.0000000000010,304.9667648061745,3049.853253196068,.3167473018310791,.6706166111147407,93004.72864195652
11000.49062205476,883.0162407181449,304.9949584721266,3050.214558060692,.5464992307458294E-001,-.2071606699082129,93021.92549089179
11000.49062205476,900.5187386604171,305.0499156697495,3051.337398122098,-.2261749770622981,.1627205442721557,93055.45172778916
11000.49062205476,924.4187988810968,305.1233639093563,3051.151633863911,.4541342233579131,-.1479810102054336,93100.26777045542
11000.49062205476,950.5812011189056,305.2003979955966,3052.321048268795,.1916365117477332,.1479682553855441,93147.28350132196
11000.49062205476,974.4812613395675,305.2727653658569,3052.392371634241,.4655001912609262,-.1626874616906672,93191.46179291597
11000.49062205476,991.9837592818476,305.3213538805078,3052.895779932976,.4043653254926303,.2067692029428599,93221.12961460141
11000.49062205476,999.9999999999980,305.3459108339943,3053.030252908516,.2148012272703406,-.3925926216886507,93236.12584783854
11000.49062205476,999.9999999999980,305.3459108339942,3053.030252908515,.2148012272703409,-.3925926216886506,93236.12584783853
11000.49062205476,1008.016240718138,305.3695867835661,3053.770648533268,-.6355625241804647E-001,.1185133158000810,93250.58512367337
11000.49062205476,1025.518738660421,305.4261909920467,3054.385849502143,.6063904631184758E-001,-.9327909063997919E-001,93285.15870754405
11000.49062205476,1049.418798881096,305.4976973576748,3055.029802275788,.5639176287338965E-001,.8496107196563707E-001,93328.84360267424
11000.49062205476,1075.581201118908,305.5769544749106,3055.520052763072,-.2549982255928945E-001,-.8491258099989446E-001,93377.27563632233
11000.49062205476,1099.481261339562,305.6474122687227,3056.489035010482,.3181157657868333E-002,.9351981305622747E-001,93420.34110155678
11000.49062205476,1116.983759281850,305.6981253474117,3056.176359392837,.7268730680178914E-001,-.1189484883907670,93451.34432777922
11000.49062205476,1125.000000000006,305.7211620941665,3057.473581876486,-.4105134644689976,.2160858487279507,93465.42952178557
11000.49062205476,1125.000000000003,305.7211620941657,3057.473581876478,-.4105134644689958,.2160858487279501,93465.42952178532
11000.49062205476,1133.016240718150,305.7472393241609,3057.289427552776,-.2564771218768127,-.5836357865736330E-001,93481.37488914463
11000.49062205476,1150.518738660425,305.8006145532947,3058.162833487514,-.3085395536649333,.4592591805476931E-001,93514.01636348640
11000.49062205476,1174.418798881095,305.8734492913494,3058.513913933298,-.8361745450017138E-002,-.4168221853327081E-001,93558.56746085493
11000.49062205476,1200.581201118908,305.9513524891096,3059.463292570118,-.2356398626685089,.4177166206693844E-001,93606.23058014252
11000.49062205476,1224.481261339567,306.0234720926955,3059.897738758859,.7611676239025089E-002,-.4583866054818686E-001,93650.36596459088
11000.49062205476,1241.983759281857,306.0739442348432,3060.296297603252,-.1354171972166925,.5838844921688968E-001,93681.25983672077
11000.49062205476,1249.999999999995,306.0987918718195,3060.853944983945,-.3030714507893487,-.1013093013151058,93696.47094536180
11000.49062205476,1250.000000000008,306.0987918718223,3060.853944983975,-.3030714507893506,-.1013093013151077,93696.47094536273
11000.49062205476,1258.016240718153,306.1222175626931,3061.066225284118,-.4620655218338601,.2553624220730155E-001,93710.81265462334
11000.49062205476,1275.518738660422,306.1765346391268,3061.615327862838,-.3077328214984389,-.2001838314169924E-001,93744.07092582670
11000.49062205476,1299.418798881096,306.2480563571264,3062.221822205094,-.2274354462092811,.1831100755310988E-001,93787.87257582086
11000.49062205476,1325.581201118905,306.3268044804248,3062.920131487968,-.2359454348738220,-.1822116622766878E-001,93836.11171053945
11000.49062205476,1349.481261339568,306.3979880532952,3063.652831175445,-.8821757279955689E-001,.2015285897520175E-001,93879.72763740976
11000.49062205476,1366.983759281844,306.4498525509582,3063.847915075999,-.9924108292839784E-001,-.2554903480145215E-001,93911.51268876097
11000.49062205476,1375.000000000005,306.4729880125233,3064.535545200907,-.3758263076169497,.4065516951247680E-001,93925.69298367837
11000.49062205476,1375.000000000025,306.4729880125280,3064.535545200955,-.3758263076169557,.4065516951247664E-001,93925.69298367985
11000.49062205476,1383.016240718153,306.4980548327399,3064.741710633336,-.2876942486162271,-.7601266543556640E-002,93941.05821993896
11000.49062205476,1400.518738660420,306.5512105861426,3065.256752857068,-.2499632460055840,.6059441013327227E-002,93973.64529723520
11000.49062205476,1424.418798881092,306.6231901616254,3065.845777634287,-.4605269091886366E-001,-.5407571907360936E-002,94017.78130865774
11000.49062205476,1450.581201118911,306.7015051187765,3066.678505515954,-.1278777393923836,.5502783906993602E-002,94065.81380380198
11000.49062205476,1474.481261339574,306.7732405831548,3067.289560442518,.4992113095671802E-001,-.5963325791957019E-002,94109.82167337157
11000.49062205476,1491.983759281850,306.8246264485747,3067.729002401927,-.1052016425516322E-001,.7653432683868144E-002,94141.35193318261
11000.49062205476,1499.999999999997,306.8489712839923,3068.140375191734,-.2947990111918408E-001,-.8951673799222071E-002,94156.29176143050
11000.49062205476,1500.000000000005,306.8489712839944,3068.140375191754,-.2947990111918397E-001,-.8951673799220572E-002,94156.29176143114
11000.49062205476,1508.016240718153,306.8731105992730,3068.543437903234,-.3195031800388328,-.9886502408007480E-004,94171.10657554798
11000.49062205476,1525.518738660410,306.9264236316167,3068.993058138612,-.7456850958299310E-001,.1147290851927774E-003,94203.83007259085
11000.49062205476,1549.418798881102,306.9981284177087,3069.601160289540,-.3487519667484973E-001,-.6136409142804000E-004,94247.85139130267
11000.49062205476,1575.581201118908,307.0767602946444,3070.369674621580,-.4706677734437514E-001,.9976171017805902E-004,94296.13725845231
11000.49062205476,1599.481261339566,307.1480932882512,3071.015453332362,-.5909001357102239E-001,-.6685204340112216E-004,94339.95174560549
11000.49062205476,1616.983759281847,307.1998793535120,3071.379433289777,.3361317383222048E-001,.1174781587672258E-003,94371.76641298985
11000.49062205476,1624.999999999999,307.2234073394099,3072.020538571329,-.4906734848268012,-.5143527768940614E-002,94386.22259000738
11000.49062205476,1625.000000000008,307.2234073394106,3072.020538571334,-.4906734848268002,-.5143527768939393E-002,94386.22259000759
11000.49062205476,1633.016240718139,307.2481797303591,3072.249121577868,-.2308052470054773,.4269117445722226E-002,94401.44452554297
11000.49062205476,1650.518738660408,307.3013645842812,3072.636365702058,-.3265831659431225,-.3330838759810550E-002,94434.12922969915
11000.49062205476,1674.418798881097,307.3730205411649,3073.269018128078,-.5426360437953481E-001,.3067249804871108E-002,94478.17428767617
11000.49062205476,1700.581201118914,307.4515685635976,3074.125662633953,-.3347836346064805,-.3033253728692453E-002,94526.46753583709
11000.49062205476,1724.481261339552,307.5229016707069,3074.650676228227,-.9652432423370105E-001,.3374514244935345E-002,94570.33553123039
11000.49062205476,1741.983759281854,307.5738576734734,3075.257768761780,-.3095964761734284,-.4273567698055980E-002,94601.67837638370
11000.49062205476,1749.999999999983,307.5972836110035,3075.421801669764,.7925037565379084E-001,.1243318429250773E-001,94616.08937403451
11000.49062205476,1750.000000000017,307.5972836110092,3075.421801669821,.7925037565379078E-001,.1243318429250831E-001,94616.08937403624
11000.49062205476,1758.016240718161,307.6220835768783,3076.220335427094,-.6306077758189845,-.5825581183011727E-002,94631.34678524992
11000.49062205476,1775.518738660420,307.6758903215585,3075.986808300418,-.2857178504983691,.4580894583842705E-002,94664.45390335569
11000.49062205476,1799.418798881107,307.7476178587124,3077.570119289704,-.1967862036528578,-.4157098481828291E-002,94708.59663722746
11000.49062205476,1825.581201118914,307.8262180862235,3076.392453399863,.1172583654145757,.4160604580135431E-002,94756.98080966569
11000.49062205476,1849.481261339561,307.8977611730119,3077.350133643712,-.2345090306980392,-.4571567878219419E-002,94801.03152507436
11000.49062205476,1866.983759281861,307.9501058548090,3078.681227691778,-.2517312506062041,.5821477069295394E-002,94833.26783691384
11000.49062205476,1874.999999999985,307.9738268664745,3079.279123684024,-.6290756014870960E-001,-.9742893170304533E-002,94847.87819129022
11000.49062205476,1875.000000000024,307.9738268664806,3079.279123684085,-.6290756014870888E-001,-.9742893170304509E-002,94847.87819129211
11000.49062205476,1883.016240718141,307.9983699335372,3079.663499944532,-.1132286385051029,.2216608996487283E-002,94862.99598724161
11000.49062205476,1900.518738660420,308.0513211935643,3080.392962670769,-.4969814533771774E-001,-.1741086142967137E-002,94895.61655674629
11000.49062205476,1924.418798881097,308.1230675728743,3081.211341714602,-.9890543036712843E-002,.1585472544388584E-002,94939.82480780045
11000.49062205476,1950.581201118912,308.2017004332108,3082.005035642178,-.6985565541636748E-002,-.1584562565399966E-002,94988.28816983465
11000.49062205476,1974.481261339550,308.2733563441130,3082.737453816103,.2457838833713560E-002,.1744004098405929E-002,95032.46224398780
11000.49062205476,1991.983759281852,308.3256634798355,3083.247940928022,-.3355651581067640E-002,-.2217103924014343E-002,95064.71477609247
11000.49062205476,1999.999999999968,308.3499999999976,3083.499999999995,.000000000000000E+000,.000000000000000E+000,95079.72249999995
11499.98507901988,.000000000000000E+000,301.3506286323567,1206.199076542688,395.4008558318953,.000000000000000E+000,90812.20167638319
11499.98507901988,8.016240718149545,301.3166848391007,1315.189894530768,430.4198294046182,.1625235780552989E-001,90791.74503401062
11499.98507901988,25.51873866042869,301.2449719542617,1522.655319027453,493.4230723833636,-.7705897196184197E-002,90748.53528856134
11499.98507901988,49.41879888109523,301.1572917703418,1719.078619217367,548.3646887725491,.2841884706563624E-001,90695.72042211969
11499.98507901988,75.58120111890503,301.0895881630087,1829.245841083706,578.1051755076885,.1550363447887337E-001,90654.94840468321
11499.98507901988,99.48126133957076,301.0557665219179,1874.913307087915,592.1837427765416,.4355878856173989E-001,90634.58258466914
11499.98507901988,116.9837592818501,301.0416845773066,1891.878169704187,599.2795954622668,.1611987518028557E-001,90626.10326307466
11499.98507901988,124.9999999999995,301.0374671162797,1897.106125662707,602.2013934269221,.1240245847928725,90623.56368790002
11499.98507901988,124.9999999999989,301.0374671162783,1897.106125662696,602.2013934269189,.1240245847928749,90623.56368789956
11499.98507901988,133.0162407181498,301.0337740841417,1900.908086186366,604.8912798065646,-.3356907922195096E-001,90621.33993430290
11499.98507901988,150.5187386604267,301.0280527031455,1906.496859314725,610.5154233624082,.8157846082559717E-001,90617.89471142755
11499.98507901988,174.4187988810964,301.0231855316326,1909.836006844047,617.4537323956658,-.2010644565238140E-001,90614.96372778287
11499.98507901988,200.5812011189036,301.0200648319839,1910.624111490305,624.0777603796912,.7238042371250675E-001,90613.08426731359
11499.98507901988,224.4812613395718,301.0185702151465,1909.408578240585,628.7874980322927,-.2978560586965717E-001,90612.18393715569
11499.98507901988,241.9837592818481,301.0181931546999,1908.187546462202,631.0576097227306,.8280118368868694E-001,90611.95661031113
11499.98507901988,249.9999999999999,301.0181953883640,1907.670556954814,631.7628845460592,-.2496134758044880,90611.95781948051
11499.98507901988,249.9999999999981,301.0181953883618,1907.670556954800,631.7628845460548,-.2496134758044979,90611.95781947984
11499.98507901988,258.0162407181497,301.0183170568482,1907.348358729737,632.2778229327455,.1861635911548363,90612.03093607028
11499.98507901988,275.5187386604276,301.0189973425738,1907.058962683128,632.9423523286355,-.1193213417856954,90612.44023517524
11499.98507901988,299.4187988810972,301.0208660737712,1907.660198375859,632.6881152085987,.1371223081854187,90613.56501181892
11499.98507901988,325.5812011189054,301.0245068887252,1910.175608482967,630.8661295767847,-.1139461690892571,90615.75679765237
11499.98507901988,349.4812613395671,301.0294110608758,1915.142997529955,627.4696038213951,.1422860569963147,90618.70944414174
11499.98507901988,366.9837592818539,301.0343892665973,1920.820146230464,623.6079315983701,-.1600397574119243,90621.70691431122
11499.98507901988,375.0000000000026,301.0367845364038,1924.083846758913,621.4789143313915,.6564967277280555,90623.14927690552
11499.98507901988,375.0000000000005,301.0367845364019,1924.083846758901,621.4789143313870,.6564967277280510,90623.14927690495
11499.98507901988,383.0162407181469,301.0417163535362,1928.008291786533,618.8485064524831,-.3991200755703750,90626.11885388642
11499.98507901988,400.5187386604230,301.0516785502261,1938.349644233603,612.2028226075922,.3242418581263480,90632.11817325786
11499.98507901988,424.4187988810962,301.0713900316861,1956.847740144547,599.6939438406795,-.2974903784533546,90643.99023502431
11499.98507901988,450.5812011189073,301.1130453858786,1991.531418281269,580.2214304398410,.2930406583114476,90669.08483489702
11499.98507901988,474.4812613395653,301.1796305640826,2045.329598984768,555.4189893066989,-.3317238963507999,90709.21307801438
11499.98507901988,491.9837592818488,301.2685252411424,2107.505984174289,529.4971802624852,.3990558716046064,90762.80625059950
11499.98507901988,499.9999999999977,301.3165402651163,2141.049369243101,516.0446054445216,-1.490006779663380,90791.77230748186
11499.98507901988,499.9999999999993,301.3165402651173,2141.049369243107,516.0446054445231,-1.490006779663387,90791.77230748217
11499.98507901988,508.0162407181474,301.4120631518493,2189.320918799624,496.2805195354575,.7595205698717828,90849.37736676844
11499.98507901988,525.5187386604250,301.6166647334236,2304.091963302477,447.6114820862523,-.6093809632365943,90972.87086243046
11499.98507901988,549.4187988810925,302.0926939948275,2521.940768110122,349.3673072030773,.5578287986272299,91260.48909018497
11499.98507901988,575.5812011189098,302.8742349539616,2810.366951402797,199.1202871442006,-.5479546780093705,91733.46411096430
11499.98507901988,599.4812613395654,303.6785113368156,3017.663140923429,65.62454059089461,.6236773384953103,92221.08326514246
11499.98507901988,616.9837592818517,304.0727160818916,3072.093163894047,11.27642298301144,-.7900320593278887,92460.40199456186
11499.98507901988,625.0000000000007,304.2210287644601,3088.041819693438,-4.367939335187693,1.901113466034086,92550.54976508472
11499.98507901988,625.0000000000039,304.2210287644615,3088.041819693452,-4.367939335187707,1.901113466034097,92550.54976508512
11499.98507901988,633.0162407181493,304.2845790600935,3084.532788568042,-9.519469503882398,-.6701219702227034,92589.16082585375
11499.98507901988,650.5187386604227,304.3887902544856,3081.480678745548,-14.47506041556763,.5278447587010036,92652.54600364473
11499.98507901988,674.4187988810944,304.4296144737973,3068.378641922997,-9.844862670990182,-.4788466715393256,92677.39123746444
11499.98507901988,700.5812011189064,304.4605835406200,3056.885225869349,-4.229951155115902,.4790559983265113,92696.24733454039
11499.98507901988,724.4812613395709,304.4878000197011,3043.830832623131,2.216753138772518,-.5251555509787220,92712.82128132877
11499.98507901988,741.9837592818463,304.5408322102755,3043.596099839399,2.639745679763760,.6645362951289731,92745.12080870058
11499.98507901988,750.0000000000015,304.5783993549509,3045.801367702316,2.179501440634587,-1.221712540277425,92768.00445184959
11499.98507901988,750.0000000000056,304.5783993549526,3045.801367702332,2.179501440634603,-1.221712540277431,92768.00445185009
11499.98507901988,758.0162407181422,304.6110097178967,3048.282028504541,.8493022279565032,.3783448993737603,92787.86977109421
11499.98507901988,775.5187386604150,304.6826277764361,3051.926573584173,-.2642602114414587,-.2997525508911657,92831.50485847017
11499.98507901988,799.4187988810949,304.7451983907229,3048.433047893297,.6941322669841119,.2734977416118280,92869.63660953566
11499.98507901988,825.5812011189107,304.8266526173616,3048.217944463617,1.070609563640474,-.2736069800507244,92919.28908559598
11499.98507901988,849.4812613395625,304.8976312910622,3049.919518338638,1.046843048381587,.3012747305679953,92962.56613224281
11499.98507901988,866.9837592818446,304.9432617682662,3048.314086130789,1.343589397580423,-.3834880784160591,92990.39354856263
11499.98507901988,874.9999999999990,304.9663551737170,3049.992293948491,.5983271293054795,.7524701980226978,93004.47873783577
11499.98507901988,875.0000000000010,304.9663551737179,3049.992293948499,.5983271293054795,.7524701980226998,93004.47873783609
11499.98507901988,883.0162407181449,304.9946168243787,3050.278578515623,.3373638728438659,-.2332820886562516,93021.71710951709
11499.98507901988,900.5187386604171,305.0501023556111,3051.499862209356,-.6680946587772940E-001,.1833760530365424,93055.56565095023
11499.98507901988,924.4187988810968,305.1234480874709,3051.198641423464,.5372072376907134,-.1666801300313362,93100.31917726266
11499.98507901988,950.5812011189056,305.2002520596537,3052.311693796715,.1775302385008162,.1667576462163036,93147.19446308938
11499.98507901988,974.4812613395675,305.2726779253496,3052.436879422954,.5010044170945722,-.1832907138603448,93191.40842539583
11499.98507901988,991.9837592818476,305.3209452483813,3052.790091388473,.5542056509339310,.2329845773537922,93220.88011637452
11499.98507901988,999.9999999999980,305.3460837144901,3053.330970444373,.1845998491411001,-.4400436773173558,93236.23145294056
11499.98507901988,999.9999999999980,305.3460837144901,3053.330970444372,.1845998491410998,-.4400436773173555,93236.23145294054
11499.98507901988,1008.016240718138,305.3692034875583,3053.811601003174,.1077762474609332,.1315084104988480,93250.35105370173
11499.98507901988,1025.518738660421,305.4261281093350,3054.641341183656,.1830795144158748,-.1035439202074866,93285.12031745818
11499.98507901988,1049.418798881096,305.4975822192198,3055.198822573045,.3290837419469679,.9426015081090477E-001,93328.77326395357
11499.98507901988,1075.581201118908,305.5769687442919,3055.677759801821,.3044581424568233,-.9426224639141817E-001,93377.28436144226
11499.98507901988,1099.481261339562,305.6473588843270,3056.633470099375,.3129091229364362,.1037622130003242,93420.30847960450
11499.98507901988,1116.983759281850,305.6982475062991,3056.161736881510,.2904135877284970,-.1320347950258855,93451.41903705410
11499.98507901988,1125.000000000006,305.7206293998341,3057.282642306145,-.3008657836871569,.2409639839808779,93465.10384689031
11499.98507901988,1125.000000000003,305.7206293998333,3057.282642306137,-.3008657836871562,.2409639839808769,93465.10384689005
11499.98507901988,1133.016240718150,305.7473888722373,3057.355229276652,-.2255833729525420,-.6572282788552591E-001,93481.46638304480
11499.98507901988,1150.518738660425,305.8005488603144,3058.049326695021,-.3745251551074678,.5167445859469155E-001,93513.97624260472
11499.98507901988,1174.418798881095,305.8734600761375,3058.448806939258,-.1487194042914457,-.4694834982489504E-001,93558.57411044210
11499.98507901988,1200.581201118908,305.9511605153459,3059.383197209203,-.3468979809496622,.4698360938928758E-001,93606.11315007793
11499.98507901988,1224.481261339567,306.0232072525175,3059.894353424366,-.3120030267832219E-001,-.5163163569325238E-001,93650.20388050549
11499.98507901988,1241.983759281857,306.0736467055173,3060.282463170975,-.1264344720572333,.6569404232206502E-001,93681.07769353001
11499.98507901988,1249.999999999995,306.0984260501459,3060.821977762337,-.2316108248218024,-.1173053951546382,93696.24697071596
11499.98507901988,1250.000000000008,306.0984260501487,3060.821977762367,-.2316108248218036,-.1173053951546385,93696.24697071688
11499.98507901988,1258.016240718153,306.1218839994582,3061.133946028346,-.4658461621524342,.3134864691285502E-001,93710.60840350212
11499.98507901988,1275.518738660422,306.1763777094934,3061.708034163462,-.3071051696795217,-.2462637622578709E-001,93743.97478124118
11499.98507901988,1299.418798881096,306.2479904311409,3062.329653302610,-.2076022083961364,.2247229853902269E-001,93787.83213517947
11499.98507901988,1325.581201118905,306.3267659824712,3063.014383490729,-.2413208224592558,-.2240778078771441E-001,93836.08805631915
11499.98507901988,1349.481261339568,306.3979471396617,3063.741961964503,-.1847759488952794,.2473795894830191E-001,93879.70249693106
11499.98507901988,1366.983759281844,306.4497417061215,3063.959562134709,-.1602992170020067,-.3140107803215203E-001,93911.44468274174
11499.98507901988,1375.000000000005,306.4729023081018,3064.553600066702,-.4313513410556544,.5304996358357791E-001,93925.64038463228
11499.98507901988,1375.000000000025,306.4729023081064,3064.553600066750,-.4313513410556614,.5304996358357894E-001,93925.64038463376
11499.98507901988,1383.016240718153,306.4980350682399,3064.898702276935,-.5244157862013029,-.1199351169717053E-001,93941.04603588500
11499.98507901988,1400.518738660420,306.5512656008890,3065.359562385802,-.4112305618970488,.9506236224513104E-002,93973.67896832275
11499.98507901988,1424.418798881092,306.6233133472047,3065.953777975732,-.2424038626955525,-.8540413334472474E-002,94017.85680860197
11499.98507901988,1450.581201118911,306.7016327384448,3066.725450935243,-.3314826428947556,.8654264479478063E-002,94065.89206291447
11499.98507901988,1474.481261339574,306.7733564826004,3067.317836180162,-.1499397961926068,-.9392408742499858E-002,94109.89278472227
11499.98507901988,1491.983759281850,306.8246473829673,3067.690282622279,-.2081597766758299,.1206506442373953E-001,94141.36478962566
11499.98507901988,1499.999999999997,306.8489905340004,3068.134303374240,-.2278584736846528,-.1876884764274783E-001,94156.30359962700
11499.98507901988,1500.000000000005,306.8489905340024,3068.134303374260,-.2278584736846549,-.1876884764274669E-001,94156.30359962766
11499.98507901988,1508.016240718153,306.8731673624394,3068.507493491114,-.5348906610516426,.3649650470902349E-002,94171.14144096209
11499.98507901988,1525.518738660410,306.9264599050749,3068.952939128595,-.2760605633905522,-.2797352605965892E-002,94203.85237463508
11499.98507901988,1549.418798881102,306.9981702753940,3069.562861759200,-.1894838495566709,.2621084588010747E-002,94247.87713533855
11499.98507901988,1575.581201118908,307.0767692493283,3070.372572182378,-.1023370880352995,-.2559394324247566E-002,94296.14280600390
11499.98507901988,1599.481261339566,307.1480633327512,3071.002720467601,-.1000438330809017,.2878965350279206E-002,94339.93339298217
11499.98507901988,1616.983759281847,307.1998148648896,3071.418813996358,.9856123974033648E-001,-.3615088286090029E-002,94371.72684204488
11499.98507901988,1624.999999999999,307.2233246432241,3072.037158315573,-.5127119862107137,.2931841998225659E-002,94386.17183316445
11499.98507901988,1625.000000000008,307.2233246432247,3072.037158315578,-.5127119862107177,.2931841998226659E-002,94386.17183316471
11499.98507901988,1633.016240718139,307.2480988236683,3072.277931035497,-.1678044304523899,.1385591583267454E-002,94401.39486215742
11499.98507901988,1650.518738660408,307.3013239613324,3072.699478700903,-.2423266651179370,-.1050385606345905E-002,94434.10431688474
11499.98507901988,1674.418798881097,307.3729894162053,3073.325451372914,.8842067249901553E-001,.1012440353066246E-002,94478.15520318874
11499.98507901988,1700.581201118914,307.4515174318424,3074.239708297856,-.2146610620393752,-.9488594180115939E-003,94526.43613967628
11499.98507901988,1724.481261339552,307.5228084337294,3074.738476945694,.8510500091986195E-001,.1125168788224051E-002,94570.27822302640
11499.98507901988,1741.983759281854,307.5736725278030,3075.417437641851,-.1964926268679639,-.1356125555806387E-002,94601.56451646973
11499.98507901988,1749.999999999983,307.5971284628222,3075.461619125422,.2975206428455617,.5992000753416826E-002,94615.99396279419
11499.98507901988,1750.000000000017,307.5971284628278,3075.461619125480,.2975206428455668,.5992000753417215E-002,94615.99396279595
11499.98507901988,1758.016240718161,307.6219361080085,3076.364423599470,-.5383902920123023,-.3356500386692551E-002,94631.25608940305
11499.98507901988,1775.518738660420,307.6758115845469,3076.054381991468,-.2418933822014853,.2687381641419129E-002,94664.40548440450
11499.98507901988,1799.418798881107,307.7475835793064,3077.679666934898,-.9802485470868860E-001,-.2388661435702322E-002,94708.57556376190
11499.98507901988,1825.581201118914,307.8261604502795,3076.101910109491,-.7080243190775715E-003,.2426999251430612E-002,94756.94534544564
11499.98507901988,1849.481261339561,307.8977404507075,3077.058546287647,-.5313626884487391,-.2644371849611221E-002,94801.01877868074
11499.98507901988,1866.983759281861,307.9500166339507,3078.553257292239,-.4461877694270522,.3376509311399434E-002,94833.21289699020
11499.98507901988,1874.999999999985,307.9738676591852,3079.221150615345,-.2013468307922228,-.5582584035248916E-002,94847.90332852252
11499.98507901988,1875.000000000024,307.9738676591913,3079.221150615408,-.2013468307922254,-.5582584035249472E-002,94847.90332852444
11499.98507901988,1883.016240718141,307.9982948197533,3079.614441861537,-.1965558363091641,.1251621363818942E-002,94862.94972572199
11499.98507901988,1900.518738660420,308.0512984906328,3080.377491284145,-.8137444621853954E-001,-.9811403016567674E-003,94895.60257463407
11499.98507901988,1924.418798881097,308.1230493024135,3081.208121260970,-.1493525719906727E-001,.8957978670140476E-003,94939.81355131796
11499.98507901988,1950.581201118912,308.2016955576000,3082.003451063883,-.9944026106238180E-002,-.8942417564327398E-003,94988.28516562234
11499.98507901988,1974.481261339550,308.2733491686638,3082.737592231623,.3295885923648434E-002,.9849369748079120E-003,95032.45782036312
11499.98507901988,1991.983759281852,308.3256374217841,3083.247111173577,-.4708879988359060E-002,-.1251160243107549E-002,95064.69870763680
11499.98507901988,1999.999999999968,308.3499999999975,3083.499999999995,.000000000000000E+000,.000000000000000E+000,95079.72249999992
12000.24011061030,.000000000000000E+000,301.4106142126755,1209.835211041051,430.4883364727923,.000000000000000E+000,90848.35866021307
12000.24011061030,8.016240718149545,301.3760410195174,1319.192804719461,468.6778793119823,.1690259576331116E-001,90827.51859646957
12000.24011061030,25.51873866042869,301.3029238672300,1527.017025259400,537.9924368284893,-.8315110084314056E-002,90783.45410029934
12000.24011061030,49.41879888109523,301.2131726067620,1722.185812108997,600.2634106694693,.2853463012469673E-001,90729.38134860335
12000.24011061030,75.58120111890503,301.1434479612357,1830.039914008196,634.3436853704518,.1444791204935339E-001,90687.38466924868
12000.24011061030,99.48126133957076,301.1087850322771,1874.482226777383,648.8065792942045,.4303373243646541E-001,90666.50859162808
12000.24011061030,116.9837592818501,301.0944855729520,1890.262429223113,654.3850761102623,.1440399110078622E-001,90657.89673205726
12000.24011061030,124.9999999999995,301.0902334970781,1894.745604225883,656.1916012440504,.1227165604529897,90655.33584518847
12000.24011061030,124.9999999999989,301.0902334970766,1894.745604225873,656.1916012440472,.1227165604529892,90655.33584518800
12000.24011061030,133.0162407181498,301.0866150185472,1897.669595126748,657.6223941036837,-.3383069439692760E-001,90653.15656434496
12000.24011061030,150.5187386604267,301.0813243590623,1901.077584631148,660.3385330988303,.7985689767806253E-001,90649.97003318145
12000.24011061030,174.4187988810964,301.0777111637682,1901.514433299230,663.6563771614229,-.2005648780826175E-001,90647.79353656285
12000.24011061030,200.5812011189036,301.0766043232327,1900.367284608599,666.8933864720809,.7119152720809929E-001,90647.12635746182
12000.24011061030,224.4812613395718,301.0770828025570,1899.141781128983,668.9695353381721,-.2917601441655482E-001,90647.41397361751
12000.24011061030,241.9837592818481,301.0782140292296,1898.232463487565,669.7308974494197,.8206501691331047E-001,90648.09485484628
12000.24011061030,249.9999999999999,301.0789325367692,1897.697007557883,669.8178974316919,-.2406240806328573,90648.52739407796
12000.24011061030,249.9999999999981,301.0789325367670,1897.697007557869,669.8178974316871,-.2406240806328628,90648.52739407735
12000.24011061030,258.0162407181497,301.0797516235372,1897.223352542540,669.7588710354063,.1786191095093457,90649.02050255061
12000.24011061030,275.5187386604276,301.0819158013762,1896.080459890481,669.0941615293746,-.1124930125538216,90650.32348475175
12000.24011061030,299.4187988810972,301.0853880649151,1894.928133253971,666.7709577578264,.1318695894831391,90652.41415029182
12000.24011061030,325.5812011189054,301.0900783326312,1895.276827195863,662.0919050482847,-.1069345217830024,90655.23843772226
12000.24011061030,349.4812613395671,301.0952072607447,1897.753128116868,655.4229493761837,.1370856406015268,90658.32712897845
12000.24011061030,366.9837592818539,301.0999433283276,1900.996923665714,648.8952648425561,-.1509706118519073,90661.17945642426
12000.24011061030,375.0000000000026,301.1021556930673,1903.011253236187,645.4099471977208,.6161114807146990,90662.51202183194
12000.24011061030,375.0000000000005,301.1021556930655,1903.011253236175,645.4099471977167,.6161114807146899,90662.51202183141
12000.24011061030,383.0162407181469,301.1065659031388,1905.679525227130,641.4580372574370,-.3688992556244551,90665.16823118876
12000.24011061030,400.5187386604230,301.1153302574202,1913.671040625165,632.3055237892403,.3020194064440650,90670.44753295422
12000.24011061030,424.4187988810962,301.1329870148931,1931.826078901280,618.3395922807144,-.2751812475023790,90681.08475965832
12000.24011061030,450.5812011189073,301.1707013670964,1967.635527807051,600.4429390460748,.2717705624475092,90703.80980893670
12000.24011061030,474.4812613395653,301.2313732426543,2021.958099319711,580.1623924172163,-.3085960740500797,90740.38003099986
12000.24011061030,491.9837592818488,301.3115261753681,2083.323755583706,557.6215114700390,.3699714361989318,90788.70987861231
12000.24011061030,499.9999999999977,301.3534502932084,2116.121836030310,545.4447465184071,-1.369792626323952,90814.00516622275
12000.24011061030,499.9999999999993,301.3534502932093,2116.121836030316,545.4447465184087,-1.369792626323956,90814.00516622303
12000.24011061030,508.0162407181474,301.4409932615496,2162.765008423851,525.7904362601248,.6843443512071885,90866.80333174196
12000.24011061030,525.5187386604250,301.6238299715704,2272.948179308144,479.4262755027653,-.5532660376178904,90977.17295995813
12000.24011061030,549.4187988810925,302.0616603538170,2486.403895277450,381.9583891475877,.5012103074207290,91241.71611481377
12000.24011061030,575.5812011189098,302.8039124118115,2777.504867034098,228.4065229993738,-.4972326453308629,91690.87545511441
12000.24011061030,599.4812613395654,303.6018632519313,2997.924024966002,84.14045464604956,.5632230616208422,92174.59182565876
12000.24011061030,616.9837592818517,304.0217912627335,3065.187099116345,19.03625765799499,-.7116074856051071,92429.48236734539
12000.24011061030,625.0000000000007,304.1825621466638,3085.139418860780,.3579119314657198,1.691301628114772,92527.18131702303
12000.24011061030,625.0000000000039,304.1825621466651,3085.139418860791,.3579119314657169,1.691301628114775,92527.18131702345
12000.24011061030,633.0162407181493,304.2624764240322,3084.998374219089,-8.728540076778945,-.5963978220608326,92575.72890723172
12000.24011061030,650.5187386604227,304.3846926636658,3083.638817680924,-16.84891473087130,.4708497509984838,92650.05521698666
12000.24011061030,674.4187988810944,304.4335263838401,3070.543912081030,-12.17786337443336,-.4267913332817017,92679.77322244679
12000.24011061030,700.5812011189064,304.4635058579199,3058.514211626307,-5.302068352309082,.4270791667276398,92698.02679741505
12000.24011061030,724.4812613395709,304.4881860160730,3045.687405446725,1.827468633713824,-.4681222063459234,92713.05632742876
12000.24011061030,741.9837592818463,304.5399330694806,3044.422320742820,2.617227639308448,.5924166572624574,92744.57326250289
12000.24011061030,750.0000000000015,304.5782188804343,3046.436661711389,1.866734098682543,-1.086577410754139,92767.89458370942
12000.24011061030,750.0000000000056,304.5782188804360,3046.436661711406,1.866734098682555,-1.086577410754149,92767.89458370987
12000.24011061030,758.0162407181422,304.6099854546558,3048.591734789193,.7214528677194670,.3360218508954284,92787.24589945617
12000.24011061030,775.5187386604150,304.6818889765294,3052.379190507993,-.4338316127094138,-.2661695390531617,92831.05474271787
12000.24011061030,799.4187988810949,304.7456386949335,3048.715688445828,.7964973510647773,.2428333197711644,92869.90497342189
12000.24011061030,825.5812011189107,304.8266008226171,3048.517872857751,1.217185933761046,-.2429463696565854,92919.25750422791
12000.24011061030,849.4812613395625,304.8974593300779,3049.883887554578,1.234769252689947,.2675236221396185,92962.46129356361
12000.24011061030,866.9837592818446,304.9431825797785,3048.580111200344,1.271568544457822,-.3406707030842588,92990.34526115155
12000.24011061030,874.9999999999990,304.9656094991383,3049.845105594760,.5040327774015672,.6643201666261374,93004.02397987986
12000.24011061030,875.0000000000010,304.9656094991391,3049.845105594770,.5040327774015698,.6643201666261400,93004.02397988012
12000.24011061030,883.0162407181449,304.9942336502974,3050.404154959357,.5192214513139999,-.2032849346404270,93021.48342924693
12000.24011061030,900.5187386604171,305.0497584445764,3051.735268913249,.1212195916167742,.1597606210346726,93055.35587624478
12000.24011061030,924.4187988810968,305.1233478870613,3051.386531225722,.8024943101996365,-.1451456068428307,93100.25804291420
12000.24011061030,950.5812011189056,305.2000844714729,3052.446936023530,.5426622277122579,.1452832291596957,93147.09215945151
12000.24011061030,974.4812613395675,305.2727868547719,3052.714036090746,.7600609212492433,-.1596036931751061,93191.47493822868
12000.24011061030,991.9837592818476,305.3206033974170,3052.772202465599,.7638047652648989,.2029549355637134,93220.67136811465
12000.24011061030,999.9999999999980,305.3456450027310,3053.308702872985,.3932027285184576,-.3820992304272892,93235.96357427401
12000.24011061030,999.9999999999980,305.3456450027310,3053.308702872985,.3932027285184572,-.3820992304272888,93235.96357427401
12000.24011061030,1008.016240718138,305.3691414596533,3053.887629509492,.1468844595785503,.1136837347301546,93250.31319011230
12000.24011061030,1025.518738660421,305.4259507131959,3054.647340659510,.1859835444814220,-.8946652740578304E-001,93285.01197569030
12000.24011061030,1049.418798881096,305.4976265089425,3055.226977058539,.3061670935149263,.8146457325804146E-001,93328.80034174722
12000.24011061030,1075.581201118908,305.5769495939159,3055.701366253549,.3186743520272723,-.8149788474714809E-001,93377.27267278044
12000.24011061030,1099.481261339562,305.6472649273931,3056.755019277209,.4408933067945382,.8964377360714848E-001,93420.25105275246
12000.24011061030,1116.983759281850,305.6980889225299,3056.404767735850,.5657767555618365,-.1141740902451633,93451.32208889927
12000.24011061030,1125.000000000006,305.7203198555840,3057.269325583286,.9071331018180384E-001,.2041974355045773,93464.91459308399
12000.24011061030,1125.000000000003,305.7203198555831,3057.269325583277,.9071331018180429E-001,.2041974355045764,93464.91459308374
12000.24011061030,1133.016240718150,305.7471515058001,3057.663675540211,.9338117529832068E-001,-.5340535658344947E-001,93481.32124471052
12000.24011061030,1150.518738660425,305.8005023433539,3058.335597565486,.5772003631613543E-001,.4193300114800091E-001,93513.94780406945
12000.24011061030,1174.418798881095,305.8734892577103,3058.735483851584,.3007956470577189,-.3809606841203200E-001,93558.59197145687
12000.24011061030,1200.581201118908,305.9511463118987,3059.546569174890,-.1208255598545183E-001,.3816842243617813E-001,93606.10447063672
12000.24011061030,1224.481261339567,306.0232833313587,3060.020121799025,.1380044256947288,-.4188102504746044E-001,93650.25045957605
12000.24011061030,1241.983759281857,306.0735396433018,3060.304507280970,.6068436813574873E-001,.5333347610332528E-001,93681.01218421076
12000.24011061030,1249.999999999995,306.0986125042824,3060.922330809725,-.2312897695368341,-.9236146511418941E-001,93696.36115433762
12000.24011061030,1250.000000000008,306.0986125042854,3060.922330809753,-.2312897695368367,-.9236146511419074E-001,93696.36115433855
12000.24011061030,1258.016240718153,306.1218929904341,3061.119862008366,-.3930132715181145,.2319253944595390E-001,93710.61395334818
12000.24011061030,1275.518738660422,306.1764248376608,3061.738908348149,-.2876832383989207,-.1821952150972361E-001,93744.00370025131
12000.24011061030,1299.418798881096,306.2480614707595,3062.267589966565,-.2246436268538461,.1661802254471323E-001,93787.87571895188
12000.24011061030,1325.581201118905,306.3268357226356,3062.967793201175,-.2540457057378683,-.1660001489919377E-001,93836.13086510604
12000.24011061030,1349.481261339568,306.3979036254187,3063.607116858966,-.1725801460108927,.1828361773777271E-001,93879.67591754987
12000.24011061030,1366.983759281844,306.4496787320442,3063.881715474329,-.1454909277318107,-.2326851166178445E-001,93911.40617188222
12000.24011061030,1375.000000000005,306.4728433952871,3064.542430567208,-.4527055970573456,.3744709028915755E-001,93925.60436470967
12000.24011061030,1375.000000000025,306.4728433952919,3064.542430567255,-.4527055970573520,.3744709028915671E-001,93925.60436471115
12000.24011061030,1383.016240718153,306.4979451385557,3064.684019391833,-.5681266257698145,-.7388489573671886E-002,93940.99100063401
12000.24011061030,1400.518738660420,306.5510594397030,3065.274757879111,-.4310623133116440,.5805295351787088E-002,93973.55265172642
12000.24011061030,1424.418798881092,306.6231679566163,3065.885375839648,-.2399297551502740,-.5261224198544412E-002,94017.76770810119
12000.24011061030,1450.581201118911,306.7014454780023,3066.703936590405,-.3913821966801846,.5285815596854759E-002,94065.77723299043
12000.24011061030,1474.481261339574,306.7731723771137,3067.370116569887,-.1738021253989284,-.5770070724958887E-002,94109.77984127088
12000.24011061030,1491.983759281850,306.8245184396471,3067.732248240087,-.3194954790288413,.7388863633031872E-002,94141.28566434453
12000.24011061030,1499.999999999997,306.8487371839707,3068.196553551667,-.3160238398687764,-.1061578339286140E-001,94156.14811897808
12000.24011061030,1500.000000000005,306.8487371839727,3068.196553551686,-.3160238398687795,-.1061578339286212E-001,94156.14811897870
12000.24011061030,1508.016240718153,306.8729946306714,3068.591379022550,-.6748462644818121,.1556491284184003E-002,94171.03542382458
12000.24011061030,1525.518738660410,306.9263685944542,3069.056000176681,-.4760613022736880,-.1160241963778008E-002,94203.79630816082
12000.24011061030,1549.418798881102,306.9980935100173,3069.638661750562,-.4271267600199465,.1147562564910110E-002,94247.82997571584
12000.24011061030,1575.581201118908,307.0767112179509,3070.443449463289,-.3757246418996472,-.1039506800114331E-002,94296.10712893406
12000.24011061030,1599.481261339566,307.1480211247182,3071.071339773601,-.3735871155632760,.1274391640724459E-002,94339.90742161838
12000.24011061030,1616.983759281847,307.1997096129463,3071.475971332397,-.1756377319203621,-.1490363309017195E-002,94371.66213159876
12000.24011061030,1624.999999999999,307.2232300693722,3072.014699815286,-.7268797744023225,.1209344401120749E-005,94386.11368062074
12000.24011061030,1625.000000000008,307.2232300693728,3072.014699815292,-.7268797744023229,.1209344400510126E-005,94386.11368062097
12000.24011061030,1633.016240718139,307.2480015172912,3072.334463183255,-.4806186423167974,.1758607027737169E-002,94401.33502322502
12000.24011061030,1650.518738660408,307.3013549384181,3072.771827563746,-.5007971425389401,-.1285994531535439E-002,94434.12331163853
12000.24011061030,1674.418798881097,307.3730440535149,3073.326066254782,-.9337349908573578E-001,.1269698856962265E-002,94478.18875591247
12000.24011061030,1700.581201118914,307.4515899392595,3074.319359202986,-.3431885869041909,-.1187076697758305E-002,94526.48070014257
12000.24011061030,1724.481261339552,307.5228487424402,3074.741906842804,.8519710939967884E-001,.1384063403058411E-002,94570.30300146181
12000.24011061030,1741.983759281854,307.5736777903613,3075.535443088110,-.2118046037360228,-.1703857705407402E-002,94601.56775127738
12000.24011061030,1749.999999999983,307.5970403514528,3075.295147679084,.3540307093146153,.6080577237374207E-002,94615.93976579413
12000.24011061030,1750.000000000017,307.5970403514588,3075.295147679142,.3540307093146247,.6080577237374207E-002,94615.93976579586
12000.24011061030,1758.016240718161,307.6218140128577,3076.453225154160,-.5545341006966136,-.3106696448849561E-002,94631.18098045082
12000.24011061030,1775.518738660420,307.6757763323620,3076.112035621390,-.2151448806476735,.2477484652620182E-002,94664.38380151785
12000.24011061030,1799.418798881107,307.7475773553147,3077.743525823601,-.1892610361687508E-001,-.2197299834168415E-002,94708.57174361052
12000.24011061030,1825.581201118914,307.8261060522392,3075.991807384772,.4697601138198815E-001,.2252572832205757E-002,94756.91186214064
12000.24011061030,1849.481261339561,307.8976769897592,3077.027258488135,-.4683024978878554,-.2426209466890095E-002,94800.97970148086
12000.24011061030,1866.983759281861,307.9499416915184,3078.568273777282,-.4075238465880338,.3128017794631663E-002,94833.16673751202
12000.24011061030,1874.999999999985,307.9738630050917,3079.199349473540,-.1979896140814891,-.5000416558970919E-002,94847.90046068074
12000.24011061030,1875.000000000024,307.9738630050978,3079.199349473601,-.1979896140814916,-.5000416558971002E-002,94847.90046068263
12000.24011061030,1883.016240718141,307.9982491195570,3079.612228196501,-.1814513553940231,.1036884756656725E-002,94862.92157091571
12000.24011061030,1900.518738660420,308.0513091447416,3080.380961367645,-.7428088186266135E-001,-.8010942541182772E-003,94895.60913574112
12000.24011061030,1924.418798881097,308.1230486099385,3081.207364990164,-.1480506051884944E-001,.7385985998472760E-003,94939.81312279291
12000.24011061030,1950.581201118912,308.2017059668042,3082.004468485981,-.8867758155848560E-002,-.7333155324130876E-003,94988.29158122469
12000.24011061030,1974.481261339550,308.2733461771591,3082.736884931178,.2574863192021271E-002,.8091568744698768E-003,95032.45597602474
12000.24011061030,1991.983759281852,308.3256143341371,3083.247559861978,-.3715734688235106E-002,-.1027161148150503E-002,95064.68447102516
12000.24011061030,1999.999999999968,308.3499999999975,3083.499999999995,.000000000000000E+000,.000000000000000E+000,95079.72249999992
12500.51623823574,.000000000000000E+000,301.4706457916781,1198.037927723504,453.7408158638418,.000000000000000E+000,90884.55057429064
12500.51623823574,8.016240718149545,301.4368657518249,1306.312586034128,494.0680657232293,.1661204087011832E-001,90864.18452745909
12500.51623823574,25.51873866042869,301.3654899894715,1511.132240123778,567.3907525842789,-.8160498959421003E-002,90821.16069419794
12500.51623823574,49.41879888109523,301.2781578056778,1703.509808741909,633.5551649906021,.2748064504792525E-001,90768.53417139250
12500.51623823574,75.58120111890503,301.2094839052612,1810.662263873602,670.9708995762840,.1308492718015053E-001,90727.16129196825
12500.51623823574,99.48126133957076,301.1736747315913,1854.338861474922,688.1806244009163,.4058207708208128E-001,90705.59029718416
12500.51623823574,116.9837592818501,301.1581739112008,1870.157516423894,695.4279549574361,.1235382818387043E-001,90696.25306391476
12500.51623823574,124.9999999999995,301.1533503442902,1874.950152472640,697.8639923288938,.1178965763476747,90693.34743929938
12500.51623823574,124.9999999999989,301.1533503442887,1874.950152472631,697.8639923288902,.1178965763476698,90693.34743929890
12500.51623823574,133.0162407181498,301.1492145631217,1878.408574135997,699.7820038609802,-.3471161470531703E-001,90690.85613379037
12500.51623823574,150.5187386604267,301.1429333680122,1883.477583116617,703.1032940260413,.7523033818306057E-001,90687.07232133421
12500.51623823574,174.4187988810964,301.1380980484388,1886.707375933543,706.4038362686847,-.2209552035706874E-001,90684.15925347246
12500.51623823574,200.5812011189036,301.1357830017596,1888.740556441470,708.9787784089845,.6604798112514754E-001,90682.76421380452
12500.51623823574,224.4812613395718,301.1354483427172,1890.027999215235,709.9289051630149,-.3155271654430880E-001,90682.56213439694
12500.51623823574,241.9837592818481,301.1361198543330,1890.375768044111,709.4672335665103,.7661324071466025E-001,90682.96626007905
12500.51623823574,249.9999999999999,301.1366584539259,1890.314099123054,708.9161597476295,-.2325937670489502,90683.29052022882
12500.51623823574,249.9999999999981,301.1366584539237,1890.314099123041,708.9161597476246,-.2325937670489546,90683.29052022815
12500.51623823574,258.0162407181497,301.1372992448904,1890.285738636861,708.1554610049425,.1656760786170546,90683.67632891395
12500.51623823574,275.5187386604276,301.1390044892171,1890.259332046962,705.8254379732693,-.1087971309533335,90684.70312685508
12500.51623823574,299.4187988810972,301.1416706649222,1890.816665377049,701.4009062331985,.1212306869133641,90686.30869761515
12500.51623823574,325.5812011189054,301.1452732081909,1892.982768772380,694.9709805391823,-.1035540618246058,90688.47837457138
12500.51623823574,349.4812613395671,301.1495692835836,1897.402008377788,687.5804738683419,.1264473401925450,90691.06600527413
12500.51623823574,366.9837592818539,301.1540732525159,1902.363335756769,681.5131529796514,-.1450899477353671,90693.77907214448
12500.51623823574,375.0000000000026,301.1562739533384,1905.099961407494,678.5473334073877,.5732507315935806,90695.10485033730
12500.51623823574,375.0000000000005,301.1562739533366,1905.099961407483,678.5473334073831,.5732507315935775,90695.10485033672
12500.51623823574,383.0162407181469,301.1607408118200,1908.360718161566,675.1831363110840,-.3423217247083514,90697.79563262727
12500.51623823574,400.5187386604230,301.1698316085988,1916.757933808790,667.2387332683170,.2766027950669601,90703.27250714961
12500.51623823574,424.4187988810962,301.1875436371447,1933.239906362577,653.8061588403784,-.2545627530338628,90713.94468355826
12500.51623823574,450.5812011189073,301.2243262315777,1964.324621252286,634.0702485206385,.2501221731841650,90736.11104070707
12500.51623823574,474.4812613395653,301.2803574059833,2011.770882736465,609.9975263477684,-.2836189545474297,90769.88664430738
12500.51623823574,491.9837592818488,301.3527833886302,2066.862329450175,585.6158541041198,.3421690778940242,90813.56054828568
12500.51623823574,499.9999999999977,301.3892706503086,2096.077708314493,574.0156820978862,-1.257030197661268,90835.57628774404
12500.51623823574,499.9999999999993,301.3892706503094,2096.077708314498,574.0156820978880,-1.257030197661272,90835.57628774433
12500.51623823574,508.0162407181474,301.4703643929344,2140.102148143360,555.1841117847005,.6257474397499955,90884.48736170569
12500.51623823574,525.5187386604250,301.6360013441662,2244.969278858662,512.7452688720102,-.5031944204398955,90984.47064669535
12500.51623823574,549.4187988810925,302.0347055271881,2454.433190147517,418.5709290350853,.4594635795171422,91225.36815104159
12500.51623823574,575.5812011189098,302.7278325718241,2742.748961110246,264.8167331387980,-.4510159756651008,91644.79117916740
12500.51623823574,599.4812613395654,303.5197395850196,2974.667362099322,110.9380218245672,.5158198680054925,92124.78323481638
12500.51623823574,616.9837592818517,303.9709875216904,3058.342558801950,31.78569253494533,-.6497194570432074,92398.63869227018
12500.51623823574,625.0000000000007,304.1519366458142,3084.689964063244,6.706417467556612,1.558119292524911,92508.58463144192
12500.51623823574,625.0000000000039,304.1519366458155,3084.689964063258,6.706417467556639,1.558119292524920,92508.58463144233
12500.51623823574,633.0162407181493,304.2424954487544,3086.268451777510,-5.755043714352494,-.5491491627620605,92563.58920871334
12500.51623823574,650.5187386604227,304.3812218352367,3086.730341935033,-17.86327639643617,.4337873473764102,92647.94616846058
12500.51623823574,674.4187988810944,304.4366977680456,3072.770750258025,-14.02882521579515,-.3930664760685496,92681.70456232356
12500.51623823574,700.5812011189064,304.4668201681756,3060.515905711650,-6.748607403160011,.3932055742346515,92700.04503136048
12500.51623823574,724.4812613395709,304.4887910900529,3047.642439576598,1.126754390615845,-.4308846559614162,92713.42475135603
12500.51623823574,741.9837592818463,304.5403214562439,3046.000222043192,2.324434195133786,.5449478503421735,92744.80984720399
12500.51623823574,750.0000000000015,304.5789663353494,3047.794777394286,1.466538824439321,-.9915075017006216,92768.35003302191
12500.51623823574,750.0000000000056,304.5789663353510,3047.794777394302,1.466538824439330,-.9915075017006258,92768.35003302243
12500.51623823574,758.0162407181422,304.6093690833334,3049.083454678539,.6085842114955705,.3060208629670045,92786.87051769593
12500.51623823574,775.5187386604150,304.6822436335229,3052.589047516907,-.7328444605041686,-.2426890160635030,92831.27109495206
12500.51623823574,799.4187988810949,304.7458677212946,3048.785178224852,.2701250150095256,.2214883296837980,92870.04469877465
12500.51623823574,825.5812011189107,304.8265270301756,3048.474835725466,1.028891236710472,-.2216102223566945,92919.21264726252
12500.51623823574,849.4812613395625,304.8966609747470,3049.854251111321,1.350473752638752,.2440615789254513,92961.97456618931
12500.51623823574,866.9837592818446,304.9428854252999,3048.803584006607,1.429578134937860,-.3108177506890057,92990.16408762897
12500.51623823574,874.9999999999990,304.9653956028252,3049.975746793066,.6493969003633939,.6172406442933339,93003.89357529450
12500.51623823574,875.0000000000010,304.9653956028259,3049.975746793075,.6493969003633941,.6172406442933351,93003.89357529473
12500.51623823574,883.0162407181449,304.9933580720131,3050.418526905477,.6776852303473264,-.1940164119382383,93020.94940939842
12500.51623823574,900.5187386604171,305.0497924976083,3051.753136643865,.1799629496859736,.1523896652207292,93055.37674901314
12500.51623823574,924.4187988810968,305.1232205541086,3051.546224567704,.8399992220047046,-.1385166479743058,93100.18040142268
12500.51623823574,950.5812011189056,305.2001449197513,3052.470582190706,.7304984160105610,.1385530165189306,93147.12913398605
12500.51623823574,974.4812613395675,305.2725537256795,3052.775219695594,.9367460006747536,-.1522905227249193,93191.33267154840
12500.51623823574,991.9837592818476,305.3202629119020,3052.832775173924,1.026013546277016,.1936249665785686,93220.46352016117
12500.51623823574,999.9999999999980,305.3456375624301,3053.673465797257,.6695159600430259,-.3704242878894398,93235.95910637402
12500.51623823574,999.9999999999980,305.3456375624300,3053.673465797256,.6695159600430256,-.3704242878894398,93235.95910637401
12500.51623823574,1008.016240718138,305.3688777271356,3054.166304599462,.4632110926648342,.1131509864432945,93250.15218057524
12500.51623823574,1025.518738660421,305.4256132794870,3054.777723046151,.4902296236344832,-.8901612575873652E-001,93284.80590703076
12500.51623823574,1049.418798881096,305.4976334777488,3055.495230836641,.5006585353380530,.8111437119620674E-001,93328.80463235386
12500.51623823574,1075.581201118908,305.5769374214495,3055.863946797458,.5143441508990689,-.8103346316966470E-001,93377.26525944489
12500.51623823574,1099.481261339562,305.6472635906657,3056.803128149993,.5380118737083559,.8925863301379944E-001,93420.25026803456
12500.51623823574,1116.983759281850,305.6980520755707,3056.478212905039,.5903847472543331,-.1135362380764985,93451.29960206508
12500.51623823574,1125.000000000006,305.7204002721863,3057.427229415348,-.6206231941688423E-001,.2087297612152234,93464.96381513381
12500.51623823574,1125.000000000003,305.7204002721855,3057.427229415340,-.6206231941688434E-001,.2087297612152227,93464.96381513355
12500.51623823574,1133.016240718150,305.7469646410445,3057.481731826741,.1152725841132936,-.5776124276315531E-001,93481.20704104868
12500.51623823574,1150.518738660425,305.8004239473782,3058.369755723994,.3955752849320771E-001,.4540986287199233E-001,93513.89991552359
12500.51623823574,1174.418798881095,305.8734835925580,3058.779599465404,.3737429897710871,-.4127607900942520E-001,93558.58856511633
12500.51623823574,1200.581201118908,305.9511339939133,3059.678501069099,.1918909840938565,.4127719276528541E-001,93606.09699057169
12500.51623823574,1224.481261339567,306.0232136453089,3060.215526720443,.4691569106553590,-.4539888161784456E-001,93650.20786674603
12500.51623823574,1241.983759281857,306.0735060832038,3060.520372990874,.4263945790202706,.5773175248727103E-001,93680.99169618305
12500.51623823574,1249.999999999995,306.0983548735444,3061.050446475168,.1503374675407816,-.1042702181508254,93696.20349208031
12500.51623823574,1250.000000000008,306.0983548735476,3061.050446475197,.1503374675407845,-.1042702181508259,93696.20349208121
12500.51623823574,1258.016240718153,306.1217762712150,3061.318462153657,-.5655350607278287E-002,.2844693450761793E-001,93710.54255303374
12500.51623823574,1275.518738660422,306.1762690031462,3061.957740527786,.3132302507960949E-001,-.2236459733185547E-001,93743.90833213378
12500.51623823574,1299.418798881096,306.2479073383024,3062.486894258775,.7874587736028471E-001,.2039928387229006E-001,93787.78134740729
12500.51623823574,1325.581201118905,306.3266447878287,3063.189407599768,.1533685431668697E-001,-.2033556263855185E-001,93836.01389679279
12500.51623823574,1349.481261339568,306.3977754770038,3063.878204073056,.1986276231314554E-001,.2246287930969482E-001,93879.59737888331
12500.51623823574,1366.983759281844,306.4496284453770,3064.054308667685,.6416181138435928E-001,-.2850094615810350E-001,93911.37533922604
12500.51623823574,1375.000000000005,306.4726736409975,3064.717428192776,-.4197558041762859,.4937531010895913E-001,93925.50030074389
12500.51623823574,1375.000000000025,306.4726736410024,3064.717428192825,-.4197558041762914,.4937531010896123E-001,93925.50030074531
12500.51623823574,1383.016240718153,306.4979234777061,3064.911863579409,-.4232598401315399,-.1190296651343870E-001,93940.97771319968
12500.51623823574,1400.518738660420,306.5511553623187,3065.467080538598,-.3854196762309998,.9416990399993330E-002,93973.61146037930
12500.51623823574,1424.418798881092,306.6232792384850,3065.990409412846,-.1800211826899824,-.8499110799600640E-002,94017.83596563562
12500.51623823574,1450.581201118911,306.7014860304785,3066.757539476269,-.3404723150103016,.8554921469201560E-002,94065.80213637964
12500.51623823574,1474.481261339574,306.7731650264820,3067.386275552801,-.9443245447636867E-001,-.9353364982320533E-002,94109.77536678899
12500.51623823574,1491.983759281850,306.8244798829421,3067.687422680948,-.2234494523158058,.1194351997660581E-001,94141.26204474183
12500.51623823574,1499.999999999997,306.8486943795136,3068.249409132678,-.2994469354849885,-.2046032223657590E-001,94156.12188971354
12500.51623823574,1500.000000000005,306.8486943795155,3068.249409132698,-.2994469354849901,-.2046032223657690E-001,94156.12188971412
12500.51623823574,1508.016240718153,306.8729102500133,3068.525628299267,-.6479986110258977,.5032040567759966E-002,94170.98367950246
12500.51623823574,1525.518738660410,306.9263140425293,3069.019109151352,-.4568093464978307,-.3927683368639023E-002,94203.76286196559
12500.51623823574,1549.418798881102,306.9980190767970,3069.590948304490,-.3960077009635526,.3605041998675174E-002,94247.78430559760
12500.51623823574,1575.581201118908,307.0766204910278,3070.432782753215,-.3471311084226754,-.3577515233699313E-002,94296.05142589126
12500.51623823574,1599.481261339566,307.1479306883599,3071.115370864892,-.3362594733055773,.3975685216627833E-002,94339.85187581704
12500.51623823574,1616.983759281847,307.1996109785105,3071.501239013243,-.1652413607662978,-.5018288762107970E-002,94371.60153705692
12500.51623823574,1624.999999999999,307.2231560506622,3072.160617973849,-.7216950415915639,.7277507905494529E-002,94386.06821384543
12500.51623823574,1625.000000000008,307.2231560506630,3072.160617973854,-.7216950415915659,.7277507905495750E-002,94386.06821384565
12500.51623823574,1633.016240718139,307.2479200091998,3072.395398998780,-.5546891886336873,-.7839323837723899E-003,94401.28494700798
12500.51623823574,1650.518738660408,307.3013376130300,3072.863353642389,-.6108093057612647,.6711725239595401E-003,94434.11267525185
12500.51623823574,1674.418798881097,307.3730598096564,3073.327954627781,-.2161048479911486,-.5316865467501763E-003,94478.19845476199
12500.51623823574,1700.581201118914,307.4515933678397,3074.379680323629,-.5800968608368583,.6127974572578410E-003,94526.48282150185
12500.51623823574,1724.481261339552,307.5228539532811,3074.657947978706,-.1017666519917200,-.5900173939840103E-003,94570.30622191039
12500.51623823574,1741.983759281854,307.5735868649448,3075.563322118824,-.4802770599727605,.8085058572609438E-003,94601.51184179417
12500.51623823574,1749.999999999983,307.5969654530665,3075.011204508652,.1442951931679373,.7569584489216519E-003,94615.89371682868
12500.51623823574,1750.000000000017,307.5969654530721,3075.011204508711,.1442951931679384,.7569584489217074E-003,94615.89371683040
12500.51623823574,1758.016240718161,307.6217209031679,3076.396313370990,-.7834746523683908,-.1233618255467639E-002,94631.12372505767
12500.51623823574,1775.518738660420,307.6757348035398,3076.015405992870,-.4969682644330304,.9861063718050178E-003,94664.35827862582
12500.51623823574,1799.418798881107,307.7475868730962,3077.613950029358,-.1646247309349976,-.8765731603997406E-003,94708.57763498189
12500.51623823574,1825.581201118914,307.8260319793138,3075.878454993011,-.2672050235639491,.8818927676907951E-003,94756.86629023723
12500.51623823574,1849.481261339561,307.8975830196364,3076.918737197137,-.7360310747760730,-.9666204104452347E-003,94800.92185758783
12500.51623823574,1866.983759281861,307.9498364219102,3078.517276559237,-.5068328782117083,.1232425928780992E-002,94833.10191592216
12500.51623823574,1874.999999999985,307.9737798995343,3079.122006151738,-.2679442694367432,-.1949908574658127E-002,94847.84928944768
12500.51623823574,1875.000000000024,307.9737798995403,3079.122006151799,-.2679442694367509,-.1949908574658016E-002,94847.84928944954
12500.51623823574,1883.016240718141,307.9981713579494,3079.592842388127,-.2221865517182693,.3879944637901478E-003,94862.87367872905
12500.51623823574,1900.518738660420,308.0512870419158,3080.370478259768,-.8795752819125402E-001,-.3025841384610428E-003,94895.59552236818
12500.51623823574,1924.418798881097,308.1230344312297,3081.203281227754,-.1832396364431677E-001,.2774758676819672E-003,94939.80438720545
12500.51623823574,1950.581201118912,308.2017077425564,3082.004171576347,-.9229463842277852E-002,-.2760647354357881E-003,94988.29267699148
12500.51623823574,1974.481261339550,308.2733411270005,3082.735681622501,.1952734881638607E-002,.3048730189460502E-003,95032.45286368462
12500.51623823574,1991.983759281852,308.3255901424277,3083.248359484609,-.3299869348653450E-002,-.3857298186524072E-003,95064.66955519540
12500.51623823574,1999.999999999968,308.3499999999973,3083.499999999995,.000000000000000E+000,.000000000000000E+000,95079.72249999995
13000.32262301903,.000000000000000E+000,301.5306503464811,1175.991100216592,476.9454918698781,.000000000000000E+000,90920.73339804597
13000.32262301903,8.016240718149545,301.4970598340969,1282.101851960713,519.3969178349216,.1626659977016821E-001,90900.47757360378
13000.32262301903,25.51873866042869,301.4261809293693,1483.404963087077,597.2918908538966,-.7839813713015176E-002,90857.74471647726
13000.32262301903,49.41879888109523,301.3398945029254,1673.391765538911,668.7756325002531,.2759033479328010E-001,90805.73794504456
13000.32262301903,75.58120111890503,301.2726200694775,1780.735570533710,710.5352352928562,.1387947771404474E-001,90765.19981041140
13000.32262301903,99.48126133957076,301.2374261745126,1826.590266750115,730.7390191408506,.4127700708679954E-001,90743.99497875766
13000.32262301903,116.9837592818501,301.2217316066761,1845.011869310859,739.8359106670523,.1363120335192386E-001,90734.53904094275
13000.32262301903,124.9999999999995,301.2166220256330,1851.227692790861,743.1478430823362,.1192549928792921,90731.46050376944
13000.32262301903,124.9999999999989,301.2166220256315,1851.227692790851,743.1478430823325,.1192549928792905,90731.46050376896
13000.32262301903,133.0162407181498,301.2121322342240,1856.332449113643,745.8410767421904,-.3403985312317331E-001,90728.75542204513
13000.32262301903,150.5187386604267,301.2047856833891,1865.231757499907,750.6491893523693,.7714434211673327E-001,90724.32909072965
13000.32262301903,174.4187988810964,301.1984352299677,1873.566362230858,754.5961563261858,-.2092832311732751E-001,90720.50278611481
13000.32262301903,200.5812011189036,301.1947261987751,1879.553338696503,755.5122646903419,.6830087413124153E-001,90718.26780682692
13000.32262301903,224.4812613395718,301.1932061361363,1882.612690451028,754.1159416966835,-.3018797294328029E-001,90717.35164806168
13000.32262301903,241.9837592818481,301.1929081695740,1883.747636663149,752.4424461527015,.7878048646970764E-001,90717.17186010706
13000.32262301903,249.9999999999999,301.1929667494730,1883.959782318566,751.4566143541019,-.2372294925139207,90717.20702554414
13000.32262301903,249.9999999999981,301.1929667494707,1883.959782318552,751.4566143540965,-.2372294925139244,90717.20702554347
13000.32262301903,258.0162407181497,301.1931375073598,1884.136560864105,750.4117264891229,.1733472514757853,90717.30976941661
13000.32262301903,275.5187386604276,301.1938504455881,1884.469679599850,747.6692637436327,-.1119795923534692,90717.73900786223
13000.32262301903,299.4187988810972,301.1954323335638,1885.850275816849,742.7818150593646,.1275643670794944,90718.69166817241
13000.32262301903,325.5812011189054,301.1983088638394,1889.917551186429,734.8770699293434,-.1063797704834821,90720.42429085507
13000.32262301903,349.4812613395671,301.2022712689903,1896.361320092826,725.0247364736016,.1330920386685418,90722.81123233905
13000.32262301903,366.9837592818539,301.2065819490325,1902.556565622829,716.5638337159462,-.1493421740630095,90725.40819726275
13000.32262301903,375.0000000000026,301.2088067845056,1905.948526609282,712.2654693590659,.6068143743119895,90726.74866010915
13000.32262301903,375.0000000000005,301.2088067845036,1905.948526609270,712.2654693590614,.6068143743119886,90726.74866010861
13000.32262301903,383.0162407181469,301.2127773379000,1909.882960438155,707.6539471115329,-.3622529532438183,90729.14079595833
13000.32262301903,400.5187386604230,301.2211001801018,1920.230038658730,696.5235338940611,.2953715121717364,90734.15554720724
13000.32262301903,424.4187988810962,301.2357429996895,1939.063686751025,678.8138691057675,-.2694846261683795,90742.97905194928
13000.32262301903,450.5812011189073,301.2658617721989,1969.577986887754,655.7067007470373,.2672947244416036,90761.13066382470
13000.32262301903,474.4812613395653,301.3137895730544,2013.235993856543,632.5313029833749,-.3002154588958051,90790.02300741558
13000.32262301903,491.9837592818488,301.3784338946701,2065.068919776619,612.2508591042316,.3661201138094214,90829.00358611313
13000.32262301903,499.9999999999977,301.4099309662665,2092.259023731755,602.9479210900581,-1.337731036337226,90848.00640288620
13000.32262301903,499.9999999999993,301.4099309662676,2092.259023731762,602.9479210900599,-1.337731036337230,90848.00640288650
13000.32262301903,508.0162407181474,301.4851443695462,2133.999837602988,586.5708831448917,.6666801885288798,90893.36728887899
13000.32262301903,525.5187386604250,301.6295000810314,2232.444953627583,548.5765201457109,-.5337670692300525,90980.48935307174
13000.32262301903,549.4187988810925,301.9919115828715,2433.864006172217,457.2950826738102,.4867943467908657,91199.41164029558
13000.32262301903,575.5812011189098,302.6598668710890,2725.135224152209,296.5222223930710,-.4809265770522575,91603.53343596634
13000.32262301903,599.4812613395654,303.4712467099577,2973.165347537230,124.6582428984730,.5463203717692922,92095.28799923387
13000.32262301903,616.9837592818517,303.9579350439190,3065.090052925386,33.18909258471041,-.6880138882717187,92390.67130784351
13000.32262301903,625.0000000000007,304.1457993097348,3089.372529776736,5.308087012280723,1.614105396381629,92504.82280031923
13000.32262301903,625.0000000000039,304.1457993097360,3089.372529776750,5.308087012280746,1.614105396381637,92504.82280031963
13000.32262301903,633.0162407181493,304.2437184861309,3091.494812291877,-8.504429555125617,-.5714270404485050,92564.31349452045
13000.32262301903,650.5187386604227,304.3862499465536,3089.651391316540,-20.44011870836703,.4514850485525990,92651.00156808694
13000.32262301903,674.4187988810944,304.4416478022007,3075.141104809305,-16.21737399548101,-.4093713306144183,92684.71805225321
13000.32262301903,700.5812011189064,304.4708215449364,3062.685893996645,-8.669470211155943,.4095230560385897,92702.48150114657
13000.32262301903,724.4812613395709,304.4902270850437,3050.192138469661,-.3896725614667500,-.4488752186599292,92714.29908406068
13000.32262301903,741.9837592818463,304.5398218416161,3047.168368462345,1.200835554013222,.5676667686490733,92744.50529854151
13000.32262301903,750.0000000000015,304.5782468633879,3048.710409602637,.7798936025001746,-1.023275868457388,92767.91156121279
13000.32262301903,750.0000000000056,304.5782468633894,3048.710409602656,.7798936025001764,-1.023275868457393,92767.91156121329
13000.32262301903,758.0162407181422,304.6086873206172,3049.703268902179,.4799670458176870,.3087023209101222,92786.45512834565
13000.32262301903,775.5187386604150,304.6825274796081,3053.035420908146,-.5191688249667382,-.2448386607738588,92831.44400214907
13000.32262301903,799.4187988810949,304.7458912355260,3049.153698558250,.3320201930706389,.2233927913239507,92870.05896811993
13000.32262301903,825.5812011189107,304.8263405358519,3048.507388107396,.8374977017758888,-.2235981559080684,92919.09886688237
13000.32262301903,849.4812613395625,304.8967338664143,3049.929046537500,1.233234929005276,.2461401925766351,92962.01894354179
13000.32262301903,866.9837592818446,304.9425098703679,3048.908860961865,1.219211212481446,-.3135450272055506,92989.93500136031
13000.32262301903,874.9999999999990,304.9647426788169,3049.964282573264,.5020678157492606,.6094045806552004,93003.49526488144
13000.32262301903,875.0000000000010,304.9647426788177,3049.964282573274,.5020678157492621,.6094045806552024,93003.49526488164
13000.32262301903,883.0162407181449,304.9929122566754,3050.475892610303,.3844176808303104,-.1852226682647821,93020.67742849834
13000.32262301903,900.5187386604171,305.0497962534038,3051.833109459358,.5438936118157989E-001,.1454494654534544,93055.37899713527
13000.32262301903,924.4187988810968,305.1235851747144,3051.744815611954,.7378588637738100,-.1322298569086550,93100.40289567478
13000.32262301903,950.5812011189056,305.2000904342398,3052.435454636923,.6414459093584663,.1322507773178434,93147.09589596189
13000.32262301903,974.4812613395675,305.2724648763561,3052.923669571196,.8157867763018465,-.1453690688524729,93191.27843918701
13000.32262301903,991.9837592818476,305.3199487522703,3052.786377690043,1.020235910691101,.1848014369151570,93220.27169495355
13000.32262301903,999.9999999999980,305.3454678772953,3053.632787829705,.7363797534827250,-.3425480676883351,93235.85547715635
13000.32262301903,999.9999999999980,305.3454678772953,3053.632787829705,.7363797534827250,-.3425480676883350,93235.85547715635
13000.32262301903,1008.016240718138,305.3683942888673,3054.074836693258,.4334668088200551,.9901151415725075E-001,93249.85693595682
13000.32262301903,1025.518738660421,305.4255529745380,3054.936740070484,.5087211284546651,-.7795923341003375E-001,93284.76906105188
13000.32262301903,1049.418798881096,305.4977242942460,3055.492934111524,.5519523018169346,.7095907381422710E-001,93328.86012948120
13000.32262301903,1075.581201118908,305.5769726907808,3055.985407254846,.5584522949676716,-.7099848212209361E-001,93377.28683027570
13000.32262301903,1099.481261339562,305.6470392669135,3056.894244259075,.7107951640969441,.7811679062484014E-001,93420.11315543036
13000.32262301903,1116.983759281850,305.6977901181399,3056.716823072584,.7893186679454161,-.9943934300074699E-001,93451.13943587239
13000.32262301903,1125.000000000006,305.7200653332509,3057.543296770599,.2199428146403806,.1735385357453337,93464.75900743357
13000.32262301903,1125.000000000003,305.7200653332501,3057.543296770590,.2199428146403806,.1735385357453335,93464.75900743331
13000.32262301903,1133.016240718150,305.7467761076484,3057.798863187208,.4641614490071513,-.4285827054500285E-001,93481.09174376362
13000.32262301903,1150.518738660425,305.8003304655409,3058.659418218857,.3424387771466852,.3371446082827412E-001,93513.84272791943
13000.32262301903,1174.418798881095,305.8735103422766,3059.041308311585,.6596707830118658,-.3055509760061448E-001,93558.60491463878
13000.32262301903,1200.581201118908,305.9511280061186,3059.847353051638,.4225717597804937,.3068846832609967E-001,93606.09331680278
13000.32262301903,1224.481261339567,306.0231237561111,3060.326900291252,.5861371586995010,-.3359057502834115E-001,93650.15284342985
13000.32262301903,1241.983759281857,306.0733851081047,3060.633326272718,.5531035548122962,.4286621724928852E-001,93680.91762582809
13000.32262301903,1249.999999999995,306.0982185796844,3061.033340445925,.3476049855744687,-.6920534738123249E-001,93696.12003759816
13000.32262301903,1250.000000000008,306.0982185796872,3061.033340445956,.3476049855744749,-.6920534738123180E-001,93696.12003759907
13000.32262301903,1258.016240718153,306.1216165817065,3061.468843742909,.4617969946821443E-001,.1462464574339942E-001,93710.44476152846
13000.32262301903,1275.518738660422,306.1762210201897,3062.080411938599,.1530681486180054,-.1141162818598224E-001,93743.87892567285
13000.32262301903,1299.418798881096,306.2480021504415,3062.655107232609,.2008320760557076,.1049212515300973E-001,93787.83940021487
13000.32262301903,1325.581201118905,306.3267348534704,3063.242224804072,.1422622179092934,-.1040651328865638E-001,93836.06907340660
13000.32262301903,1349.481261339568,306.3977724289826,3064.031113376608,.1843235664190241,.1154033919451780E-001,93879.59551998257
13000.32262301903,1366.983759281844,306.4495017779445,3064.139886265712,.2742033377643100,-.1460478187204456E-001,93911.29771081579
13000.32262301903,1375.000000000005,306.4726286760639,3064.858335137674,-.1667422790088926,.1649638724991914E-001,93925.47274951515
13000.32262301903,1375.000000000025,306.4726286760686,3064.858335137720,-.1667422790088970,.1649638724991903E-001,93925.47274951660
13000.32262301903,1383.016240718153,306.4977971904982,3065.016239663951,-.2453373009034420,.1305503194480639E-002,93940.90030531483
13000.32262301903,1400.518738660420,306.5510340519044,3065.682900044388,-.2158945658999857,-.9367522981755250E-003,93973.53708376588
13000.32262301903,1424.418798881092,306.6232537135534,3066.186004807983,-.2494913839054613E-001,.9737174324574438E-003,94017.82030385826
13000.32262301903,1450.581201118911,306.7014654578291,3066.932753933666,-.2809061933714042,-.8427579302993649E-003,94065.78950516800
13000.32262301903,1474.481261339574,306.7732243934389,3067.584055790271,-.6502304431119366E-001,.1075989733529181E-002,94109.81178269381
13000.32262301903,1491.983759281850,306.8244747373078,3067.894082545236,-.1904393458650129,-.1225030088366608E-002,94141.25888514149
13000.32262301903,1499.999999999997,306.8488392437075,3068.428588520375,-.3290072264658870,.9283239594483350E-002,94156.21079507875
13000.32262301903,1500.000000000005,306.8488392437093,3068.428588520395,-.3290072264658892,.9283239594483683E-002,94156.21079507937
13000.32262301903,1508.016240718153,306.8729207359821,3068.698109634837,-.6165125622526877,-.6134907576932247E-002,94170.99011895727
13000.32262301903,1525.518738660410,306.9264204971670,3069.205489443067,-.4528981498494169,.4938211568407624E-002,94203.82822363524
13000.32262301903,1549.418798881102,306.9981095071365,3069.739326949756,-.3598870882554057,-.4368633907800568E-002,94247.83985966840
13000.32262301903,1575.581201118908,307.0766887173753,3070.481656618277,-.2620256041559206,.4479692318934192E-002,94296.09337519635
13000.32262301903,1599.481261339566,307.1479077891235,3071.131406934932,-.3183736470624541,-.4826830807784122E-002,94339.83786542187
13000.32262301903,1616.983759281847,307.1995650335287,3071.445429790642,-.9785113465982853E-001,.6211499289640321E-002,94371.57336867877
13000.32262301903,1624.999999999999,307.2231450581066,3072.197367335178,-.8239459522786825,-.1681701249812888E-001,94386.06152192870
13000.32262301903,1625.000000000008,307.2231450581074,3072.197367335184,-.8239459522786852,-.1681701249812939E-001,94386.06152192890
13000.32262301903,1633.016240718139,307.2479360379691,3072.273542736179,-.5484355411764801,.7822615389354692E-002,94401.29486612360
13000.32262301903,1650.518738660408,307.3012854230563,3072.872839255982,-.6780789865358383,-.6111508099014062E-002,94434.08066903724
13000.32262301903,1674.418798881097,307.3730718828801,3073.251212514682,-.2331950707105235,.5611293103731291E-002,94478.20594864251
13000.32262301903,1700.581201118914,307.4515579459843,3074.417135523147,-.6335931749519716,-.5550517701834179E-002,94526.46110940239
13000.32262301903,1724.481261339552,307.5227494286473,3074.658387196052,-.1420336322237379,.6194525376721438E-002,94570.24199641496
13000.32262301903,1741.983759281854,307.5734563488049,3075.631540641354,-.4988074769494093,-.7793404964835784E-002,94601.43161311001
13000.32262301903,1749.999999999983,307.5969454843853,3075.027288543724,-.6286528874401687E-001,.1762574348770704E-001,94615.88149192640
13000.32262301903,1750.000000000017,307.5969454843908,3075.027288543781,-.6286528874402064E-001,.1762574348770798E-001,94615.88149192813
13000.32262301903,1758.016240718161,307.6216081018315,3076.468250690146,-.8437280254870310,-.6444061492985723E-002,94631.05438822028
13000.32262301903,1775.518738660420,307.6756390706734,3076.024545325852,-.6672977800349141,.5135443419089114E-002,94664.29943515340
13000.32262301903,1799.418798881107,307.7475148952903,3077.597728833670,-.2366373811651636,-.4590713172659910E-002,94708.53339033452
13000.32262301903,1825.581201118914,307.8258727552402,3075.738907511719,-.5388481241874845,.4655226468284535E-002,94756.76830457352
13000.32262301903,1849.481261339561,307.8974774411574,3076.652133218811,-1.023670831988966,-.5068333066371139E-002,94800.85686790566
13000.32262301903,1866.983759281861,307.9497618843744,3078.338897994436,-.6509028690271865,.6482554977471147E-002,94833.05602368509
13000.32262301903,1874.999999999985,307.9736173730656,3079.003752154673,-.4017870576875500,-.1065276855046775E-001,94847.74919113945
13000.32262301903,1875.000000000024,307.9736173730718,3079.003752154732,-.4017870576875591,-.1065276855046775E-001,94847.74919114137
13000.32262301903,1883.016240718141,307.9981267029755,3079.513646340815,-.2759528413140325,.2329587225772506E-002,94862.84618296227
13000.32262301903,1900.518738660420,308.0512411756535,3080.345917132965,-.1030010903377097,-.1822376263395986E-002,94895.56727086462
13000.32262301903,1924.418798881097,308.1230183082575,3081.196310591004,-.2444417566243592E-001,.1664314590385900E-002,94939.79445426758
13000.32262301903,1950.581201118912,308.2016965004423,3082.002625587272,-.9535339693157840E-002,-.1661104004775600E-002,94988.28574818952
13000.32262301903,1974.481261339550,308.2733392189581,3082.735013440314,.2109963896383960E-003,.1829079998322519E-002,95032.45168705186
13000.32262301903,1991.983759281852,308.3255589666146,3083.248148136194,-.1545098364503172E-002,-.2325274715373352E-002,95064.65032992215
13000.32262301903,1999.999999999968,308.3499999999974,3083.499999999995,.000000000000000E+000,.000000000000000E+000,95079.72250000003
13500.59875064576,.000000000000000E+000,301.5906560901337,1173.550722941133,506.2024480695825,.000000000000000E+000,90956.92414111596
13500.59875064576,8.016240718149545,301.5565479600136,1279.430707087484,551.1173727341387,.1406869011897743E-001,90936.35211851180
13500.59875064576,25.51873866042869,301.4845768980289,1480.961910959171,632.9799644628280,-.6009393774594307E-002,90892.95235898472
13500.59875064576,49.41879888109523,301.3970930796986,1673.140096671261,707.2234014953845,.2622505301137606E-001,90840.21385513389
13500.59875064576,75.58120111890503,301.3287916657044,1784.696235958416,750.1856802281313,.1576875116257304E-001,90799.04920571615
13500.59875064576,99.48126133957076,301.2928996089304,1832.112568341571,770.1770279927288,.4001560237021962E-001,90777.41973765413
13500.59875064576,116.9837592818501,301.2772383839961,1849.014500957328,778.5217395980469,.1656739734754509E-001,90767.98214637215
13500.59875064576,124.9999999999995,301.2723703591390,1853.899340714147,781.4515479405397,.1089012160805517,90765.04857136821
13500.59875064576,124.9999999999989,301.2723703591374,1853.899340714138,781.4515479405356,.1089012160805569,90765.04857136775
13500.59875064576,133.0162407181498,301.2681797474442,1857.202587207008,783.8349224130652,-.2603308661522119E-001,90762.52324537496
13500.59875064576,150.5187386604267,301.2617488774000,1861.532929149696,788.1339498799937,.7258251415499450E-001,90758.64775549714
13500.59875064576,174.4187988810964,301.2565797191840,1863.805117832132,792.3422051093544,-.1458987254411137E-001,90755.53240134104
13500.59875064576,200.5812011189036,301.2536122844565,1864.660443880338,794.6426358418421,.6455275615543399E-001,90753.74376009904
13500.59875064576,224.4812613395718,301.2520861473089,1864.992400141586,794.1445062697411,-.2298158356370794E-001,90752.82375443522
13500.59875064576,241.9837592818481,301.2514808765728,1865.720983984845,792.1383052651315,.7327455565753649E-001,90752.45877772063
13500.59875064576,249.9999999999999,301.2513487449581,1866.247808249310,790.8063193758246,-.2099501584004222,90752.37904601105
13500.59875064576,249.9999999999981,301.2513487449560,1866.247808249297,790.8063193758189,-.2099501584004113,90752.37904601038
13500.59875064576,258.0162407181497,301.2513013515987,1867.124974241785,789.2429783985781,.1611816024510322,90752.35037344860
13500.59875064576,275.5187386604276,301.2514698017085,1869.690103617574,785.2974744570236,-.9923218375016563E-001,90752.45163428366
13500.59875064576,299.4187988810972,301.2523007037016,1874.758700821127,778.6394964906283,.1193654445058054,90752.95198871935
13500.59875064576,325.5812011189054,301.2540930157604,1882.184991321206,769.5351199587174,-.9484225963102877E-001,90754.03165776373
13500.59875064576,349.4812613395671,301.2569188449914,1891.030471257212,759.2688878196650,.1236462248042978,90755.73417710070
13500.59875064576,366.9837592818539,301.2601141822296,1898.885840263943,750.3295948141179,-.1339241072869762,90757.65948692786
13500.59875064576,375.0000000000026,301.2618778949736,1903.031943165582,745.8662398393496,.5624578593147012,90758.72225017656
13500.59875064576,375.0000000000005,301.2618778949718,1903.031943165571,745.8662398393448,.5624578593146944,90758.72225017600
13500.59875064576,383.0162407181469,301.2649321818194,1907.613223231595,741.0435722271268,-.3369305410152955,90760.56261889485
13500.59875064576,400.5187386604230,301.2717702342737,1919.057755596903,729.8567209706134,.2781261459271437,90764.68329342044
13500.59875064576,424.4187988810962,301.2846363485107,1938.207551487296,711.9991506917617,-.2511074897397272,90772.43733842603
13500.59875064576,450.5812011189073,301.3124273716991,1968.407902076390,688.4617157944026,.2508725738425702,90789.18886273177
13500.59875064576,474.4812613395653,301.3557251581932,2010.446715665104,663.2327822405433,-.2815188161018354,90815.29475859660
13500.59875064576,491.9837592818488,301.4148229815590,2059.297824595122,640.2679913736374,.3423897809287167,90850.93665775727
13500.59875064576,499.9999999999977,301.4433735591591,2085.303939548559,629.8502143986357,-1.257923850226069,90868.16512008772
13500.59875064576,499.9999999999993,301.4433735591600,2085.303939548567,629.8502143986377,-1.257923850226072,90868.16512008799
13500.59875064576,508.0162407181474,301.5140703673223,2125.617063102451,612.7696953134483,.6152533728345502,90910.80938045279
13500.59875064576,525.5187386604250,301.6520479472278,2221.681235177068,574.5866342246497,-.4964495425121844,90994.09798215426
13500.59875064576,549.4187988810925,301.9987874304751,2420.853684602437,487.1017152544088,.4465463412651139,91203.57401282075
13500.59875064576,575.5812011189098,302.6247230153214,2706.618294696578,329.6291141056101,-.4497071809255919,91582.27300566729
13500.59875064576,599.4812613395654,303.3983295505025,2947.987896200644,150.8636758449176,.5010284819675955,92051.08961337626
13500.59875064576,616.9837592818517,303.8914541742920,3047.025414903529,48.35210075835371,-.6368142449468277,92350.32394753116
13500.59875064576,625.0000000000007,304.0868394996587,3076.976549319309,15.34918767328553,1.449464439243757,92469.01541633476
13500.59875064576,625.0000000000039,304.0868394996600,3076.976549319322,15.34918767328559,1.449464439243760,92469.01541633517
13500.59875064576,633.0162407181493,304.2025178287686,3084.857293525603,-3.579737668253749,-.5025911191037644,92539.28292086162
13500.59875064576,650.5187386604227,304.3708389796354,3089.229372365840,-20.89987630035758,.3964026331261772,92641.62991347497
13500.59875064576,674.4187988810944,304.4425214855125,3076.835593997909,-17.73976619802552,-.3599951358472967,92685.25058519433
13500.59875064576,700.5812011189064,304.4725874742536,3064.147506062655,-9.631578571018419,.3598643970301328,92703.55690673112
13500.59875064576,724.4812613395709,304.4938135267988,3052.398589153713,-2.101307607155519,-.3942737359541348,92716.48326351354
13500.59875064576,741.9837592818463,304.5409041788901,3048.489395669431,.6380409627895278E-001,.4977416140578563,92745.16482918999
13500.59875064576,750.0000000000015,304.5793234278573,3050.086477353334,-.2263429447514989,-.8602152124044198,92768.56761765119
13500.59875064576,750.0000000000056,304.5793234278589,3050.086477353351,-.2263429447514977,-.8602152124044249,92768.56761765170
13500.59875064576,758.0162407181422,304.6073458757466,3049.959181805350,-.1715363865341488,.2477140635429004,92785.63824565375
13500.59875064576,775.5187386604150,304.6809368662829,3052.958173574871,-.7296273052834206,-.1968807787039488,92830.47509331768
13500.59875064576,799.4187988810949,304.7464513979456,3049.424133072546,.5435896342917895,.1798911674357488,92870.40053262655
13500.59875064576,825.5812011189107,304.8258972595293,3048.576382100962,1.017224955079020,-.1800514340623079,92918.82876959982
13500.59875064576,849.4812613395625,304.8963051510165,3049.860520260161,1.232103276445944,.1983245195941278,92961.75764370414
13500.59875064576,866.9837592818446,304.9423869400050,3048.951869660990,1.299976529654806,-.2528101198233284,92989.86013076284
13500.59875064576,874.9999999999990,304.9644567508896,3049.779158369358,.6796758256501725,.4735987503705302,93003.32103638114
13500.59875064576,875.0000000000010,304.9644567508906,3049.779158369367,.6796758256501736,.4735987503705308,93003.32103638139
13500.59875064576,883.0162407181449,304.9922779122256,3050.666420969805,.5169231973167125,-.1329973502755002,93020.29061183319
13500.59875064576,900.5187386604171,305.0494713317162,3051.964955780549,.1982141751021249,.1044008363529588,93055.18089492268
13500.59875064576,924.4187988810968,305.1232348295623,3051.795912820036,.9292269667206120,-.9475243620353963E-001,93100.18917282889
13500.59875064576,950.5812011189056,305.1998290534418,3052.508618620911,.8758399786599647,.9488045292177227E-001,93146.93638542181
13500.59875064576,974.4812613395675,305.2723550771362,3053.058645372978,1.120515395008399,-.1041577606771220,93191.21141508374
13500.59875064576,991.9837592818476,305.3199292760814,3052.822397301418,1.098431826519018,.1323861789412760,93220.25982984007
13500.59875064576,999.9999999999980,305.3455824615250,3053.862868263664,.9104167307648124,-.2263921895725037,93235.92550718509
13500.59875064576,999.9999999999980,305.3455824615249,3053.862868263664,.9104167307648121,-.2263921895725038,93235.92550718508
13500.59875064576,1008.016240718138,305.3687119260440,3053.974514703898,.4548864066770781,.5607326210029245E-001,93250.05099831460
13500.59875064576,1025.518738660421,305.4255181034101,3055.081301464348,.3627908418142359,-.4420911988494103E-001,93284.74786294877
13500.59875064576,1049.418798881096,305.4975955338690,3055.502203932652,.6119221698469611,.4030608028626345E-001,93328.78155233958
13500.59875064576,1075.581201118908,305.5767482514617,3056.204106794198,.6918171218222305,-.4026546172863987E-001,93377.14972227023
13500.59875064576,1099.481261339562,305.6467732303479,3056.972460922262,.9121170918791863,.4440132748139067E-001,93419.95055804457
13500.59875064576,1116.983759281850,305.6976171505470,3056.894290920357,.9386886362973521,-.5648468293527550E-001,93451.03370350512
13500.59875064576,1125.000000000006,305.7199912303956,3057.678470693973,.4823596935275081,.8175162874025566E-001,93464.71369831639
13500.59875064576,1125.000000000003,305.7199912303947,3057.678470693966,.4823596935275063,.8175162874025543E-001,93464.71369831616
13500.59875064576,1133.016240718150,305.7464144912830,3057.848429970294,.5464348622560420,-.1004263482088741E-001,93480.87063354722
13500.59875064576,1150.518738660425,305.8002643818920,3058.788498512203,.3318208776256304,.7899874739656254E-002,93513.80232242566
13500.59875064576,1174.418798881095,305.8733235147284,3059.173728830199,.7796079367606887,-.7110967436109394E-002,93558.49061590667
13500.59875064576,1200.581201118908,305.9511031013031,3060.050266565926,.5590866784885391,.7165970476781136E-002,93606.07805313438
13500.59875064576,1224.481261339567,306.0230736737232,3060.559090611605,.7724982068016857,-.7792288884085674E-002,93650.12216702553
13500.59875064576,1241.983759281857,306.0733848162746,3060.754810999099,.6936441515792160,.9969251364850773E-002,93680.91742746778
13500.59875064576,1249.999999999995,306.0981232328447,3061.445881354668,.4557567258740769,.8360803689527740E-004,93696.06165221127
13500.59875064576,1250.000000000008,306.0981232328476,3061.445881354697,.4557567258740827,.8360803689455576E-004,93696.06165221217
13500.59875064576,1258.016240718153,306.1216187482294,3061.572323298205,.1911648683972499,-.9548973108158998E-002,93710.44607458694
13500.59875064576,1275.518738660422,306.1761897331609,3062.297585381254,.3277608757607741,.7574292298689222E-002,93743.85976217689
13500.59875064576,1299.418798881096,306.2481206924928,3062.898439240708,.3665121894179905,-.6771162606446224E-002,93787.91201107300
13500.59875064576,1325.581201118905,306.3267381440654,3063.468941183018,.3575595968928904,.6887583053624247E-002,93836.07110046147
13500.59875064576,1349.481261339568,306.3978947672235,3064.289950796733,.3804519503139046,-.7442676801055259E-002,93879.67051464308
13500.59875064576,1366.983759281844,306.4494935499126,3064.291680052590,.4295572732771666,.9573404808709274E-002,93911.29270587955
13500.59875064576,1375.000000000005,306.4728187173781,3065.031128927978,-.2902391543082139E-002,-.3363288651974616E-001,93925.58928221339
13500.59875064576,1375.000000000025,306.4728187173829,3065.031128928025,-.2902391543083027E-002,-.3363288651974561E-001,93925.58928221482
13500.59875064576,1383.016240718153,306.4978166181797,3065.236951260485,-.6014700600348566E-001,.1844968116601553E-001,93940.91226734754
13500.59875064576,1400.518738660420,306.5511198005037,3065.816260527179,-.1556991737329705E-001,-.1444265550945523E-001,93973.58972059889
13500.59875064576,1424.418798881092,306.6232946271668,3066.337674177118,.1667164879348702,.1321819004237823E-001,94017.84546645200
13500.59875064576,1450.581201118911,306.7014845976819,3067.021242871637,-.8788643086854786E-001,-.1314884162037394E-001,94065.80132091069
13500.59875064576,1474.481261339574,306.7730774341877,3067.666863605911,.6565325678523837E-001,.1454836959211320E-001,94109.72168884697
13500.59875064576,1491.983759281850,306.8244170927893,3067.968906969671,-.1278558692035909,-.1843414300302326E-001,94141.22357274857
13500.59875064576,1499.999999999997,306.8485644062847,3068.498242276758,-.2462900652271480,.4423684658152283E-001,94156.04218657516
13500.59875064576,1500.000000000005,306.8485644062866,3068.498242276777,-.2462900652271496,.4423684658152366E-001,94156.04218657580
13500.59875064576,1508.016240718153,306.8728106150577,3068.812125464434,-.5672975942492537,-.1774703162698976E-001,94170.92259109308
13500.59875064576,1525.518738660410,306.9262855004469,3069.319285354607,-.4397095664612545,.1402902250475818E-001,94203.74540957221
13500.59875064576,1549.418798881102,306.9980899707593,3069.905194468112,-.3670971784189808,-.1266056075071739E-001,94247.82791139849
13500.59875064576,1575.581201118908,307.0766566699330,3070.608538198060,-.2636718344492294,.1276972537464766E-001,94296.07373621219
13500.59875064576,1599.481261339566,307.1479157752989,3071.303517158484,-.3228259336863792,-.1392118843669382E-001,94339.84281787895
13500.59875064576,1616.983759281847,307.1995272246603,3071.513357309380,-.1447100743915295,.1783744043399221E-001,94371.55018854581
13500.59875064576,1624.999999999999,307.2232611964748,3072.360633660690,-.9106636934018936,-.3956807462137829E-001,94386.13293597443
13500.59875064576,1625.000000000008,307.2232611964756,3072.360633660696,-.9106636934018992,-.3956807462137679E-001,94386.13293597469
13500.59875064576,1633.016240718139,307.2478825159209,3072.269207071661,-.5599249047497874,.1501776157478540E-001,94401.26203389931
13500.59875064576,1650.518738660408,307.3012626685092,3072.936634284739,-.7322669771761565,-.1171209948398466E-001,94434.06674387421
13500.59875064576,1674.418798881097,307.3730207182716,3073.186441455577,-.2929094623365008,.1075421186563760E-001,94478.17454961194
13500.59875064576,1700.581201118914,307.4515304907848,3074.403362063841,-.7461970497156976,-.1067230799260477E-001,94526.44427800833
13500.59875064576,1724.481261339552,307.5226658737175,3074.604697839020,-.2251317748993883,.1181984603709818E-001,94570.19065423860
13500.59875064576,1741.983759281854,307.5734431461846,3075.634389609818,-.5363007155569499,-.1498075475379193E-001,94601.42354258610
13500.59875064576,1749.999999999983,307.5968793231683,3075.005647509825,-.2405747465800911,.3094015144473142E-001,94615.84084037936
13500.59875064576,1750.000000000017,307.5968793231739,3075.005647509881,-.2405747465800981,.3094015144473120E-001,94615.84084038112
13500.59875064576,1758.016240718161,307.6216255598499,3076.419308999768,-.9330064835866433,-.1028415494152711E-001,94631.06519222842
13500.59875064576,1775.518738660420,307.6756186920421,3075.979989621142,-.9464432595460082,.8116509315493306E-002,94664.28696675014
13500.59875064576,1799.418798881107,307.7474686601608,3077.492029358552,-.3856213234238093,-.7335198421187406E-002,94708.50500227688
13500.59875064576,1825.581201118914,307.8256771405045,3075.568330905966,-.9176382303639108,.7373891488606579E-002,94756.64792751794
13500.59875064576,1849.481261339561,307.8973322963282,3076.443119807795,-1.438770256170533,-.8081183234121520E-002,94800.76752440246
13500.59875064576,1866.983759281861,307.9495846046629,3078.234604153502,-.8134425123689693,.1030372470506614E-001,94832.94685759870
13500.59875064576,1874.999999999985,307.9734339629185,3078.945823707928,-.5153540767903618,-.1695055463689445E-001,94847.63623322469
13500.59875064576,1875.000000000024,307.9734339629246,3078.945823707988,-.5153540767903704,-.1695055463689402E-001,94847.63623322657
13500.59875064576,1883.016240718141,307.9980323195546,3079.470927077758,-.3398855817262070,.3687453742627453E-002,94862.78805582042
13500.59875064576,1900.518738660420,308.0511911057997,3080.336604328480,-.1222139221303556,-.2892094564718069E-002,94895.53642881970
13500.59875064576,1924.418798881097,308.1229921292431,3081.191499231782,-.2916707518507267E-001,.2635718824741624E-002,94939.77832386005
13500.59875064576,1950.581201118912,308.2016910748190,3082.002636570321,-.1114712248768579E-001,-.2633786522279771E-002,94988.28240422456
13500.59875064576,1974.481261339550,308.2733289927589,3082.733694960568,.1774770034884687E-003,.2898390438079807E-002,95032.44538139133
13500.59875064576,1991.983759281852,308.3255363107517,3083.249344400500,-.2123513361379170E-002,-.3686266929575615E-002,95064.63635762126
13500.59875064576,1999.999999999968,308.3499999999976,3083.499999999995,.000000000000000E+000,.000000000000000E+000,95079.72249999995
14000.17026400823,.000000000000000E+000,301.6506460667553,1178.112395513060,529.6016045611362,.000000000000000E+000,90993.11257187140
14000.17026400823,8.016240718149545,301.6162979091640,1284.638301768883,576.8428525415341,.1259211565226818E-001,90972.39165711787
14000.17026400823,25.51873866042869,301.5436570243269,1486.350670667309,663.5910676558756,-.4743326280835680E-002,90928.57934924390
14000.17026400823,49.41879888109523,301.4545463748947,1675.167121467609,743.6990205046745,.2555545138273646E-001,90874.84988828360
14000.17026400823,75.58120111890503,301.3844532390366,1781.007725011639,790.7380784963208,.1813368773985824E-001,90832.59773904353
14000.17026400823,99.48126133957076,301.3481516825831,1826.780518585175,812.7595012912954,.4028156233809532E-001,90810.71744273067
14000.17026400823,116.9837592818501,301.3324236622128,1844.580970734489,822.1573657321360,.1949670936768300E-001,90801.23775344374
14000.17026400823,124.9999999999995,301.3274795932510,1850.202014691826,825.2868464011193,.9935869060237246E-001,90798.25776157700
14000.17026400823,124.9999999999989,301.3274795932495,1850.202014691816,825.2868464011149,.9935869060237423E-001,90798.25776157653
14000.17026400823,133.0162407181498,301.3231540599916,1854.337912704464,827.7067714264018,-.1549356801269819E-001,90795.65062352290
14000.17026400823,150.5187386604267,301.3163550681545,1860.781042629846,831.4680606131705,.6725472819808864E-001,90791.55254503264
14000.17026400823,174.4187988810964,301.3109353243556,1865.730140753156,833.8680201398272,-.5983010862238070E-002,90788.28563015477
14000.17026400823,200.5812011189036,301.3083118263052,1869.481299890599,833.8771133722071,.5999038548557878E-001,90786.70396686268
14000.17026400823,224.4812613395718,301.3074395598463,1872.333098181948,831.6372316362010,-.1403342917266404E-001,90786.17783756871
14000.17026400823,241.9837592818481,301.3073656481976,1874.166664476678,828.5682347490301,.6632438039012678E-001,90786.13298303599
14000.17026400823,249.9999999999999,301.3074499633591,1874.817440948107,826.6944294139344,-.1672481071302019,90786.18365870832
14000.17026400823,249.9999999999981,301.3074499633569,1874.817440948093,826.6944294139281,-.1672481071302081,90786.18365870770
14000.17026400823,258.0162407181497,301.3076150465769,1875.474372774828,824.5496862690436,.1358787861592241,90786.28301004751
14000.17026400823,275.5187386604276,301.3082422073893,1876.770641362917,818.8455406065582,-.7626519490546446E-001,90786.66068485058
14000.17026400823,299.4187988810972,301.3096830593588,1878.731214411928,808.9357464632369,.1009645865739797,90787.52867865289
14000.17026400823,325.5812011189054,301.3120079340398,1882.555323693701,795.7855727965664,-.7373934329210252E-001,90788.92949019723
14000.17026400823,349.4812613395671,301.3149782849994,1888.664006221535,781.9153239815150,.1031880535891503,90790.71942981673
14000.17026400823,366.9837592818539,301.3180122419870,1895.113272740105,770.8467735481595,-.1062047305282989,90792.54786276803
14000.17026400823,375.0000000000026,301.3196326766087,1898.785826174209,765.5562173996123,.4599790316418237,90793.52449937671
14000.17026400823,375.0000000000005,301.3196326766068,1898.785826174197,765.5562173996072,.4599790316418095,90793.52449937614
14000.17026400823,383.0162407181469,301.3224882801322,1902.868418585299,760.1271400241112,-.2750830925452790,90795.24549090241
14000.17026400823,400.5187386604230,301.3289668301462,1913.209854445434,748.5174316944745,.2300547981714134,90799.15032249648
14000.17026400823,424.4187988810962,301.3418247107840,1930.900571633885,732.7140832204250,-.2061555143860387,90806.90124590832
14000.17026400823,450.5812011189073,301.3698208950359,1959.992821430386,713.3158633697034,.2067297748039609,90823.78045693434
14000.17026400823,474.4812613395653,301.4145013285746,2002.233465963322,691.7787147431457,-.2330877085452192,90850.72612354536
14000.17026400823,491.9837592818488,301.4737060172989,2051.642924759295,670.5669893976067,.2802805936936251,90886.44192740807
14000.17026400823,499.9999999999977,301.5028528352103,2078.226754534524,660.7373577576903,-1.057554755010510,90904.03521182807
14000.17026400823,499.9999999999993,301.5028528352113,2078.226754534530,660.7373577576923,-1.057554755010515,90904.03521182836
14000.17026400823,508.0162407181474,301.5699342028955,2117.802323327730,644.3697689933308,.5033205960691871,90944.50940037750
14000.17026400823,525.5187386604250,301.7033645735764,2213.895623847531,607.7466985363301,-.4104629674142504,91025.07875311025
14000.17026400823,549.4187988810925,302.0259053897254,2403.424845175996,521.5845271221385,.3632765003469464,91219.99734385064
14000.17026400823,575.5812011189098,302.5921525538575,2664.525063698879,368.0848536246228,-.3722271930935195,91562.64062854189
14000.17026400823,599.4812613395654,303.2947439427584,2898.627478519798,192.6802402910328,.4096880905807463,91988.37160885899
14000.17026400823,616.9837592818517,303.7782766905748,3013.459637945788,82.12552314696379,-.5264034890728898,92281.68942622008
14000.17026400823,625.0000000000007,303.9844095880236,3052.749473129141,42.88670701025833,1.198355216786502,92406.85813571658
14000.17026400823,625.0000000000039,303.9844095880250,3052.749473129154,42.88670701025855,1.198355216786504,92406.85813571698
14000.17026400823,633.0162407181493,304.1241962069911,3069.603114701706,16.15411963487462,-.4079724136430410,92491.73508390313
14000.17026400823,650.5187386604227,304.3365923258317,3086.218251243522,-14.81297157507231,.3215357333661899,92620.81788480324
14000.17026400823,674.4187988810944,304.4378127799205,3077.722334533781,-18.76668805396311,-.2916692017969938,92682.38668294303
14000.17026400823,700.5812011189064,304.4750112692617,3065.777364685002,-11.38582308924748,.2915742049774542,92705.03310581870
14000.17026400823,724.4812613395709,304.4983710261182,3054.299751101140,-3.480277648424184,-.3191843864095166,92719.25899790328
14000.17026400823,741.9837592818463,304.5428472718587,3050.397756043398,-.5607957572970399,.4013777752217975,92746.34887284781
14000.17026400823,750.0000000000015,304.5804057980739,3051.231576600923,-.3495873005991472,-.6513175104805152,92769.22730674033
14000.17026400823,750.0000000000056,304.5804057980757,3051.231576600940,-.3495873005991488,-.6513175104805168,92769.22730674088
14000.17026400823,758.0162407181422,304.6065092154072,3050.714604730464,-.1532792789908410E-001,.1791410201481155,92785.12900530527
14000.17026400823,775.5187386604150,304.6789484398552,3052.898343837847,-.3990105367869384,-.1436055487898785,92829.26393530708
14000.17026400823,799.4187988810949,304.7469205379796,3049.622015287951,.3106511893659811,.1312885728637595,92870.68673793552
14000.17026400823,825.5812011189107,304.8259032998154,3048.739350889997,1.239239425606500,-.1315780244635249,92918.83270217625
14000.17026400823,849.4812613395625,304.8949824882260,3049.565023963911,1.637955074185560,.1449966944400030,92960.95136259960
14000.17026400823,866.9837592818446,304.9421304686832,3049.147684908594,1.395047293309216,-.1852657546453184,92989.70387900385
14000.17026400823,874.9999999999990,304.9640742574823,3049.975088447930,.8683736715022772,.3437681783433076,93003.08793422247
14000.17026400823,875.0000000000010,304.9640742574833,3049.975088447940,.8683736715022813,.3437681783433085,93003.08793422274
14000.17026400823,883.0162407181449,304.9915669315565,3050.575886043434,.3668905134657816,-.9202582320231370E-001,93019.85714696070
14000.17026400823,900.5187386604171,305.0488730253912,3051.818037011800,-.4832271598154314E-001,.7186366356274670E-001,93054.81604723225
14000.17026400823,924.4187988810968,305.1230339495015,3051.941902264535,.5671322466617503,-.6533337916222176E-001,93100.06667980646
14000.17026400823,950.5812011189056,305.1999119944340,3052.559175866551,.7088186698566180,.6523332451132952E-001,93146.98709572641
14000.17026400823,974.4812613395675,305.2720838449711,3053.124258316883,.9182678988187301,-.7170644583023950E-001,93191.04590155891
14000.17026400823,991.9837592818476,305.3200488753610,3053.035918491425,1.139734649023466,.9096715240107117E-001,93220.33295217689
14000.17026400823,999.9999999999980,305.3450537474146,3053.919203855898,.9164505657289879,-.1466746197666451,93235.60273207615
14000.17026400823,999.9999999999980,305.3450537474146,3053.919203855898,.9164505657289874,-.1466746197666451,93235.60273207613
14000.17026400823,1008.016240718138,305.3684561092950,3054.115331539913,.5772394400540628,.3181287906156827E-001,93249.89486763121
14000.17026400823,1025.518738660421,305.4251730255586,3055.257921496637,.3767259528988782,-.2513669868696355E-001,93284.53717393172
14000.17026400823,1049.418798881096,305.4976614614515,3055.639291040489,.7592606859492173,.2297535642708393E-001,93328.82191862445
14000.17026400823,1075.581201118908,305.5766682024344,3056.281300553393,.8198346193605210,-.2291762518972384E-001,93377.10088575348
14000.17026400823,1099.481261339562,305.6467278015565,3057.112975512207,1.023150290157317,.2533061301542766E-001,93419.92286291046
14000.17026400823,1116.983759281850,305.6974667298982,3057.006565590104,1.094489972095122,-.3221507155374170E-001,93450.94182552156
14000.17026400823,1125.000000000006,305.7199793725321,3057.417297020831,.6478750361140999,.3656852933293825E-001,93464.70653264210
14000.17026400823,1125.000000000003,305.7199793725313,3057.417297020824,.6478750361140972,.3656852933293914E-001,93464.70653264187
14000.17026400823,1133.016240718150,305.7461683881838,3058.114427448216,.6558028117424413,.2994743955752999E-002,93480.72023763767
14000.17026400823,1150.518738660425,305.8002211332205,3058.887610336514,.5388209799325803,-.2318658594645640E-002,93513.77596098970
14000.17026400823,1174.418798881095,305.8734213397738,3059.336214964050,.8567253139251103,.2228205992657828E-002,93558.55054973751
14000.17026400823,1200.581201118908,305.9511232114907,3060.033104549777,.6229530548586297,-.2147596160007093E-002,93606.09046331528
14000.17026400823,1224.481261339567,306.0229164724988,3060.689567830831,.9699506439916189,.2447678651150226E-002,93650.02604746548
14000.17026400823,1241.983759281857,306.0732828351258,3060.809247148536,.9295387624593920,-.3088536320097202E-002,93680.85508979615
14000.17026400823,1249.999999999995,306.0978574563202,3061.563003507410,.8327650143888696,.2144245905037054E-001,93695.89903859611
14000.17026400823,1250.000000000008,306.0978574563233,3061.563003507440,.8327650143888771,.2144245905037093E-001,93695.89903859704
14000.17026400823,1258.016240718153,306.1214798434675,3061.765156570463,.5172921977982694,-.1418277554599839E-001,93710.36111725676
14000.17026400823,1275.518738660422,306.1759513458585,3062.486779630651,.6492713423869230,.1117277075908726E-001,93743.71386414312
14000.17026400823,1299.418798881096,306.2480374380863,3063.133077578147,.6888035950207412,-.1009292046421714E-001,93787.86107408941
14000.17026400823,1325.581201118905,306.3266044723139,3063.663386830630,.6100348194494289,.1016392280044326E-001,93835.98925025354
14000.17026400823,1349.481261339568,306.3978018311287,3064.481274863995,.6217287310935176,-.1108667639261275E-001,93879.61359310578
14000.17026400823,1366.983759281844,306.4494004360870,3064.491115159197,.6697659197504393,.1418889217990749E-001,93911.23566143328
14000.17026400823,1375.000000000005,306.4727571147817,3065.220580455949,.1807018342019595,-.3813375955390370E-001,93925.55154565250
14000.17026400823,1375.000000000025,306.4727571147864,3065.220580455995,.1807018342019640,-.3813375955390427E-001,93925.55154565397
14000.17026400823,1383.016240718153,306.4976556995796,3065.380235937708,.1247190479785831,.1752014710332211E-001,93940.81364692085
14000.17026400823,1400.518738660420,306.5510796490279,3066.011398197732,.9692611038287624E-001,-.1369938829255397E-001,93973.56512467202
14000.17026400823,1424.418798881092,306.6232194875604,3066.525761286242,.3359579239222392,.1256157513104034E-001,94017.79940401058
14000.17026400823,1450.581201118911,306.7014749830709,3067.227345089162,.5554808587578841E-001,-.1246873560288722E-001,94065.79543642481
14000.17026400823,1474.481261339574,306.7730502843056,3067.868937423451,.3092157048901043,.1381809816515461E-001,94109.70504869174
14000.17026400823,1491.983759281850,306.8245098531369,3068.169961380719,.1242443010401350,-.1749977694264360E-001,94141.28052147631
14000.17026400823,1499.999999999997,306.8485486541248,3068.587138596779,.2714536647273930E-001,.3850048862464497E-001,94156.03255029896
14000.17026400823,1500.000000000005,306.8485486541267,3068.587138596799,.2714536647273996E-001,.3850048862464509E-001,94156.03255029957
14000.17026400823,1508.016240718153,306.8729392902294,3069.014433199173,-.3520562705848693,-.1398810940096451E-001,94171.00160428020
14000.17026400823,1525.518738660410,306.9263559436132,3069.438987026772,-.2326634747457982,.1105721721045994E-001,94203.78870558493
14000.17026400823,1549.418798881102,306.9982020964374,3070.068708285046,-.2390254642196872,-.9981507785998434E-002,94247.89682343497
14000.17026400823,1575.581201118908,307.0766369887083,3070.714893113943,-.1602063100546380,.1006482534508257E-001,94296.06172355350
14000.17026400823,1599.481261339566,307.1478661617916,3071.510989470438,-.2571453845267286,-.1096510140166451E-001,94339.81241301142
14000.17026400823,1616.983759281847,307.1994542877069,3071.724985617701,-.7297573077862141E-001,.1406475829274789E-001,94371.50544769521
14000.17026400823,1624.999999999999,307.2232882251112,3072.627776733698,-.7080984496153053,-.2961320372269972E-001,94386.14961424780
14000.17026400823,1625.000000000008,307.2232882251118,3072.627776733706,-.7080984496153040,-.2961320372270164E-001,94386.14961424799
14000.17026400823,1633.016240718139,307.2477808385529,3072.514234377522,-.4850812965789930,.1061223800563525E-001,94401.19962156723
14000.17026400823,1650.518738660408,307.3013087950422,3073.240584273231,-.6417031822802532,-.8230707353033773E-002,94434.09516628151
14000.17026400823,1674.418798881097,307.3731044400761,3073.396931219712,-.2098023370204132,.7625011085839711E-002,94478.22610452681
14000.17026400823,1700.581201118914,307.4515990478347,3074.569721763520,-.6402608575527133,-.7486982655973286E-002,94526.48653401701
14000.17026400823,1724.481261339552,307.5226316792461,3074.659500224576,-.1680353788378008,.8383244655366599E-002,94570.16973230374
14000.17026400823,1741.983759281854,307.5735068567738,3075.662645969813,-.5036877981120589,-.1053283601047084E-001,94601.46285210163
14000.17026400823,1749.999999999983,307.5969783764251,3074.863802023806,-.3607016942096184,.2191223140258793E-001,94615.90190265904
14000.17026400823,1750.000000000017,307.5969783764307,3074.863802023864,-.3607016942096308,.2191223140258851E-001,94615.90190266080
14000.17026400823,1758.016240718161,307.6215939722300,3076.310054570588,-.9962272973051700,-.7227662790016520E-002,94631.04588526406
14000.17026400823,1775.518738660420,307.6754319447605,3075.917376407366,-1.149586077147855,.5773297848298484E-002,94664.17217467504
14000.17026400823,1799.418798881107,307.7473720857390,3077.292139898069,-.5121748614671364,-.5150921556098254E-002,94708.44567176049
14000.17026400823,1825.581201118914,307.8254089854865,3075.118722679977,-1.513783793127047,.5229802314631264E-002,94756.48292775371
14000.17026400823,1849.481261339561,307.8970035985584,3075.954807233069,-2.078420982546586,-.5695319432621693E-002,94800.56517327797
14000.17026400823,1866.983759281861,307.9493796603030,3077.962125946483,-1.141379402080932,.7286058159743446E-002,94832.82066617132
14000.17026400823,1874.999999999985,307.9731620089246,3078.788225829998,-.6922174047750114,-.1208110387812412E-001,94847.46875280820
14000.17026400823,1875.000000000024,307.9731620089306,3078.788225830061,-.6922174047750258,-.1208110387812444E-001,94847.46875281009
14000.17026400823,1883.016240718141,307.9978718025492,3079.352117332109,-.4621624998482812,.2707371760989993E-002,94862.68919789448
14000.17026400823,1900.518738660420,308.0511268951772,3080.299883775308,-.1631103438441686,-.2116863166853021E-002,94895.49687853520
14000.17026400823,1924.418798881097,308.1229554466693,3081.184120599530,-.3649512986177839E-001,.1932616930754624E-002,94939.75572216243
14000.17026400823,1950.581201118912,308.2016848699671,3081.999513331121,-.1483034998443500E-001,-.1929739898206717E-002,94988.27858089385
14000.17026400823,1974.481261339550,308.2733188608105,3082.734338655732,.1175858502073746E-002,.2124250599616368E-002,95032.43913488940
14000.17026400823,1991.983759281852,308.3255137268026,3083.247347692100,-.3792929359533764E-002,-.2701110539755982E-002,95064.62243131980
14000.17026400823,1999.999999999968,308.3499999999976,3083.499999999995,.000000000000000E+000,.000000000000000E+000,95079.72249999999
14500.15510990854,.000000000000000E+000,301.7106198586149,1183.699331972361,556.6315603930980,.000000000000000E+000,91029.29843531721
14500.15510990854,8.016240718149545,301.6757872459105,1290.806836939282,606.4145894793265,.1252342351098990E-001,91008.28111464092
14500.15510990854,25.51873866042869,301.6020566040306,1494.456309480260,699.0335883207333,-.4667930106950130E-002,90963.80285537351
14500.15510990854,49.41879888109523,301.5110244505058,1686.783791260045,786.5483566905464,.2554636651797476E-001,90908.90436879275
14500.15510990854,75.58120111890503,301.4387450369351,1793.634561531243,837.9176152910090,.1882458992961011E-001,90865.32628057782
14500.15510990854,99.48126133957076,301.4016462765359,1836.809266589850,860.7719755262870,.4087722185601628E-001,90842.96133201028
14500.15510990854,116.9837592818501,301.3859395399085,1852.110808346282,869.4934507424259,.1997412051702696E-001,90833.49269478332
14500.15510990854,124.9999999999995,301.3810866163373,1856.752611124071,871.9904260141227,.9574339368720231E-001,90830.56709215677
14500.15510990854,124.9999999999989,301.3810866163358,1856.752611124062,871.9904260141182,.9574339368720219E-001,90830.56709215631
14500.15510990854,133.0162407181498,301.3769097753130,1860.137636298640,873.6921132156792,-.1111258862706110E-001,90828.04910028557
14500.15510990854,150.5187386604267,301.3706089430693,1865.301004571651,875.2377950138306,.6438301521510525E-001,90824.25052560229
14500.15510990854,174.4187988810964,301.3657658626902,1868.985859416494,873.3012878687222,-.2664429241738819E-002,90821.33058384497
14500.15510990854,200.5812011189036,301.3634952220726,1870.967161830630,867.0971115459981,.5737206132134109E-001,90819.96131522067
14500.15510990854,224.4812613395718,301.3630363043013,1872.165597885635,858.9563635664849,-.1011251448677974E-001,90819.68425495036
14500.15510990854,241.9837592818481,301.3634458530918,1873.205969918233,852.3041614484898,.6365341416213721E-001,90819.93083014087
14500.15510990854,249.9999999999999,301.3638027459725,1873.648620810893,849.0762251356692,-.1453330476872094,90820.14583198159
14500.15510990854,249.9999999999981,301.3638027459704,1873.648620810879,849.0762251356635,-.1453330476872075,90820.14583198093
14500.15510990854,258.0162407181497,301.3642687849862,1874.260864517755,845.7646228102217,.1213889359782332,90820.42662479662
14500.15510990854,275.5187386604276,301.3655393308652,1875.756682503297,838.2812159384389,-.6244053763770485E-001,90821.19222736233
14500.15510990854,299.4187988810972,301.3678547062867,1879.088760749418,827.6837517429076,.9020609451931016E-001,90822.58756781099
14500.15510990854,325.5812011189054,301.3712475810369,1884.205067955406,815.5758198887787,-.6111561655589215E-001,90824.63243280241
14500.15510990854,349.4812613395671,301.3752244228615,1889.931163703738,803.8012710228797,.9120343088874172E-001,90827.02944151535
14500.15510990854,366.9837592818539,301.3791152832235,1895.014029113837,794.3107157342490,-.9081945889452570E-001,90829.37479979341
14500.15510990854,375.0000000000026,301.3812323924172,1897.780561566381,789.6226319122170,.3871932873139963,90830.65105162104
14500.15510990854,375.0000000000005,301.3812323924153,1897.780561566369,789.6226319122118,.3871932873139921,90830.65105162047
14500.15510990854,383.0162407181469,301.3846720411162,1900.918920438007,784.6246971557189,-.2242881861820527,90832.72449889497
14500.15510990854,400.5187386604230,301.3922664034067,1909.424532593914,773.2670628191725,.1891666791032052,90837.30300185736
14500.15510990854,424.4187988810962,301.4069064620537,1926.744175501235,756.1451177672375,-.1686123970059381,90846.13041844120
14500.15510990854,450.5812011189073,301.4365802952502,1958.607874692690,734.8128953437177,.1683220111309399,90864.02572346195
14500.15510990854,474.4812613395653,301.4809992400711,2002.617923153327,714.6228414311541,-.1923520094023513,90890.82169730859
14500.15510990854,491.9837592818488,301.5379780106940,2050.913123846696,696.6644185700317,.2284630253609999,90925.20468887138
14500.15510990854,499.9999999999977,301.5671449162069,2076.801532121355,688.2532298158549,-.8487386943168139,90942.81473331498
14500.15510990854,499.9999999999993,301.5671449162079,2076.801532121361,688.2532298158569,-.8487386943168151,90942.81473331529
14500.15510990854,508.0162407181474,301.6315036647883,2114.136656341093,673.7377261337720,.3915676999085296,90981.65612914704
14500.15510990854,525.5187386604250,301.7577292313267,2202.843904595323,639.4771693014710,-.3235356641679574,91057.89415660649
14500.15510990854,549.4187988810925,302.0568256294851,2377.906298545296,555.5632838581907,.2824202689890219,91238.68250394691
14500.15510990854,575.5812011189098,302.5677515606830,2617.986798850843,406.5279108929528,-.2918527619923620,91547.89055667521
14500.15510990854,599.4812613395654,303.2000651101968,2841.626435616683,236.4152652049315,.3204347495574721,91931.04195758679
14500.15510990854,616.9837592818517,303.6599496188965,2967.106022463076,122.0587758582751,-.4125286519746360,92209.95874584783
14500.15510990854,625.0000000000007,303.8692947088134,3014.359415394862,77.57488753228616,.9469960122813107,92337.04107337797
14500.15510990854,625.0000000000039,303.8692947088148,3014.359415394875,77.57488753228650,.9469960122813127,92337.04107337838
14500.15510990854,633.0162407181493,304.0241102848935,3042.708868650675,43.78848907415674,-.3123518565615016,92431.00013642521
14500.15510990854,650.5187386604227,304.2825020097760,3077.831250493798,-3.076533427179906,.2484723236653255,92587.96126220489
14500.15510990854,674.4187988810944,304.4274102206571,3078.585648107791,-18.34190085399907,-.2233911977905483,92676.06260620215
14500.15510990854,700.5812011189064,304.4773518800678,3068.138671886871,-13.19678997864531,.2237557145541126,92706.45900464257
14500.15510990854,724.4812613395709,304.5045805196919,3056.970213389362,-5.615263596896020,-.2444268719585050,92723.04083678768
14500.15510990854,741.9837592818463,304.5472988651025,3052.640641681231,-1.895123007425019,.3066565742314813,92749.06080162385
14500.15510990854,750.0000000000015,304.5829907789659,3053.376154194241,-1.783438241425872,-.4820941379896947,92770.80243746820
14500.15510990854,750.0000000000056,304.5829907789677,3053.376154194257,-1.783438241425882,-.4820941379896975,92770.80243746869
14500.15510990854,758.0162407181422,304.6061426463615,3051.515691894380,-.2036022381180040,.1362763404145552,92784.90621825824
14500.15510990854,775.5187386604150,304.6763445421101,3052.926748328519,.1623662562576977,-.1096056357918793,92827.67795616332
14500.15510990854,799.4187988810949,304.7472453943521,3050.218867015934,.8748377751400023,.1005030363250664,92870.88512249714
14500.15510990854,825.5812011189107,304.8253733448186,3048.981584115380,1.607276681245726,-.1007350598003716,92918.50992261627
14500.15510990854,849.4812613395625,304.8939626518428,3049.592857386228,2.200005507193806,.1111273405069942,92960.32972361773
14500.15510990854,866.9837592818446,304.9425395309703,3049.679958461986,1.700560241480498,-.1421330730491717,92989.95364448824
14500.15510990854,874.9999999999990,304.9642599947942,3049.973848779829,1.395671775791163,.2721235444479297,93003.20153853635
14500.15510990854,875.0000000000010,304.9642599947954,3049.973848779839,1.395671775791177,.2721235444479286,93003.20153853661
14500.15510990854,883.0162407181449,304.9909629808549,3050.612424057831,.9054638836893663,-.7568369842668088E-001,93019.48905098755
14500.15510990854,900.5187386604171,305.0486420908388,3051.917285031849,.3076044808331680,.5913530950957169E-001,93054.67547497718
14500.15510990854,924.4187988810968,305.1228385677423,3052.027811767080,.7033368025153706,-.5360176517698134E-001,93099.94771702707
14500.15510990854,950.5812011189056,305.1997117626207,3052.407500159625,.7254250461535945,.5360021062152442E-001,93146.86511919803
14500.15510990854,974.4812613395675,305.2714283838615,3053.211661225049,.9102866344739107,-.5886505483431520E-001,93190.64590564449
14500.15510990854,991.9837592818476,305.3196978155690,3053.027653562632,1.062385198003943,.7470296486796241E-001,93220.11873314223
14500.15510990854,999.9999999999980,305.3445740659812,3053.800305082710,.5201883701960195,-.1253940473197217,93235.30997381690
14500.15510990854,999.9999999999980,305.3445740659812,3053.800305082709,.5201883701960195,-.1253940473197219,93235.30997381688
14500.15510990854,1008.016240718138,305.3679477283930,3053.999841937755,.6140168283731541,.3019838164602018E-001,93249.58450821682
14500.15510990854,1025.518738660421,305.4245920247321,3055.308178198983,.2633120078093085,-.2388321571181562E-001,93284.18237968413
14500.15510990854,1049.418798881096,305.4974800995130,3055.680442018089,.7289619008976045,.2175986182868173E-001,93328.71116253412
14500.15510990854,1075.581201118908,305.5765910425841,3056.440967365799,.8070985421611628,-.2177697181769561E-001,93377.05376435228
14500.15510990854,1099.481261339562,305.6467042956182,3057.169763046926,.9968621327349794,.2397918293980916E-001,93419.90853326311
14500.15510990854,1116.983759281850,305.6972467552351,3057.092875300542,1.190762390727992,-.3056226313773158E-001,93450.80736772067
14500.15510990854,1125.000000000006,305.7199459344715,3057.672251518836,.8461204279268142,.4319658211522845E-001,93464.68613077447
14500.15510990854,1125.000000000003,305.7199459344707,3057.672251518828,.8461204279268133,.4319658211522684E-001,93464.68613077425
14500.15510990854,1133.016240718150,305.7459108826249,3058.259510429574,.6778252047206762,-.4461668527698137E-002,93480.56281207176
14500.15510990854,1150.518738660425,305.8001250903918,3058.990466686063,.7048371482814988,.3477012112300171E-002,93513.71725670410
14500.15510990854,1174.418798881095,305.8733336325661,3059.600171960053,1.004771547604994,-.3122538914033607E-002,93558.49692052451
14500.15510990854,1200.581201118908,305.9511898564759,3060.246037908393,.8319114839620507,.3153966629634103E-002,93606.13126630266
14500.15510990854,1224.481261339567,306.0229736686098,3060.944283203740,1.067740657105605,-.3407397392841183E-002,93650.06109873389
14500.15510990854,1241.983759281857,306.0733138642269,3060.991863692699,1.009755558439482,.4363675619572419E-002,93680.87413468710
14500.15510990854,1249.999999999995,306.0977176318673,3061.671309151867,.8400514906599095,-.2208158716788922E-002,93695.81350905709
14500.15510990854,1250.000000000008,306.0977176318702,3061.671309151895,.8400514906599161,-.2208158716789282E-002,93695.81350905797
14500.15510990854,1258.016240718153,306.1215845645502,3061.938901336765,.5561309757319419,-.2205629657830027E-002,93710.42529635580
14500.15510990854,1275.518738660422,306.1758814267196,3062.608149475162,.6248241970031585,.1741682675829331E-002,93743.67113120607
14500.15510990854,1299.418798881096,306.2481030677558,3063.275475508228,.8015753344422918,-.1554166803164544E-002,93787.90135890336
14500.15510990854,1325.581201118905,306.3265217596643,3063.822474073854,.8688485506893007,.1567700819246537E-002,93835.93865501630
14500.15510990854,1349.481261339568,306.3977850887397,3064.682348323455,.9189859516989416,-.1695800901887659E-002,93879.60341144426
14500.15510990854,1366.983759281844,306.4493630804157,3064.759381581137,1.013153702321741,.2183752137111430E-002,93911.21284464252
14500.15510990854,1375.000000000005,306.4728129394656,3065.401878227632,.4838258650017768,-.7875116901368870E-002,93925.58584517764
14500.15510990854,1375.000000000025,306.4728129394703,3065.401878227680,.4838258650017857,-.7875116901370105E-002,93925.58584517907
14500.15510990854,1383.016240718153,306.4975791568569,3065.582983001223,.5103310472811986,.4508563109733632E-002,93940.76681565665
14500.15510990854,1400.518738660420,306.5511092171531,3066.259800020393,.3872610071769738,-.3490723767605314E-002,93973.58334599483
14500.15510990854,1424.418798881092,306.6232850463441,3066.764779145574,.6422872951604095,.3261602815174985E-002,94017.83970939324
14500.15510990854,1450.581201118911,306.7016339575036,3067.424432695148,.2833971940906672,-.3169764539493192E-002,94065.89306793449
14500.15510990854,1474.481261339574,306.7731116068658,3067.983518088728,.4934130686910330,.3591686286523621E-002,94109.74280811363
14500.15510990854,1491.983759281850,306.8247015305824,3068.331508063752,.2496665107637446,-.4477788399818661E-002,94141.39829305024
14500.15510990854,1499.999999999997,306.8485799565536,3068.574199802515,.2627132063263929,.8931306591364263E-002,94156.05192109023
14500.15510990854,1500.000000000005,306.8485799565556,3068.574199802534,.2627132063263974,.8931306591363875E-002,94156.05192109082
14500.15510990854,1508.016240718153,306.8729582572116,3069.050715389772,-.2515178147247659,-.2650932019610530E-002,94171.01340787020
14500.15510990854,1525.518738660410,306.9262325792222,3069.456558273096,-.1271460812048030,.2147757121067850E-002,94203.71314379477
14500.15510990854,1549.418798881102,306.9981184783011,3070.167979973916,-.1099278964324600,-.1877902476145055E-002,94247.84563275144
14500.15510990854,1575.581201118908,307.0764936574333,3070.746403675675,-.1316138954502227E-001,.1947378687622736E-002,94295.97383272788
14500.15510990854,1599.481261339566,307.1477306779673,3071.585979784822,-.1327878058280000,-.2070259404067909E-002,94339.72930893372
14500.15510990854,1616.983759281847,307.1992701073953,3071.763414700608,.1572320909688349E-001,.2690947852380193E-002,94371.39240123381
14500.15510990854,1624.999999999999,307.2231648408250,3072.792587702903,-.6444898668054067,-.5381360685087377E-002,94386.07391190068
14500.15510990854,1625.000000000008,307.2231648408256,3072.792587702911,-.6444898668054095,-.5381360685088293E-002,94386.07391190088
14500.15510990854,1633.016240718139,307.2475743447422,3072.557429315880,-.4252803935957691,.1938064148324564E-002,94401.07283455764
14500.15510990854,1650.518738660408,307.3010651454688,3073.398594588482,-.5590230936083339,-.1464491706255427E-002,94433.94550248259
14500.15510990854,1674.418798881097,307.3729081608740,3073.628774083735,-.1454224338852889,.1432907779366277E-002,94478.10549509001
14500.15510990854,1700.581201118914,307.4514387236817,3074.898796482974,-.4780571568679825,-.1300287623898860E-002,94526.38797605992
14500.15510990854,1724.481261339552,307.5224648707335,3075.033026730969,.2144396654303288E-001,.1609692952170255E-002,94570.06715131947
14500.15510990854,1741.983759281854,307.5735096696376,3076.085756357969,-.2033384076948577,-.1847065177301696E-002,94601.46459415316
14500.15510990854,1749.999999999983,307.5968352893753,3075.235543210805,-.1930010873351887,.4951687497452603E-002,94615.81389269349
14500.15510990854,1750.000000000017,307.5968352893811,3075.235543210861,-.1930010873351928,.4951687497452228E-002,94615.81389269524
14500.15510990854,1758.016240718161,307.6216522812496,3076.662542707449,-.7570655358130793,-.1850286430992207E-002,94631.08178085063
14500.15510990854,1775.518738660420,307.6754522723501,3076.245863238626,-.9707418421287620,.1617394900511410E-002,94664.18472156368
14500.15510990854,1799.418798881107,307.7475360780561,3077.408759679831,-.3466326448432497,-.1303825874305768E-002,94708.54666812994
14500.15510990854,1825.581201118914,307.8254097206133,3074.802759068266,-2.007597273175154,.1427824431157687E-002,94756.48345761694
14500.15510990854,1849.481261339561,307.8967140432086,3075.334368724879,-2.672602213946378,-.1486925346460111E-002,94800.38693474425
14500.15510990854,1866.983759281861,307.9491059029777,3077.579935945666,-1.486123944785256,.1950909005730840E-002,94832.65210363062
14500.15510990854,1874.999999999985,307.9728502833835,3078.574392757519,-.8909162315932961,-.3540755206292361E-002,94847.27677744445
14500.15510990854,1875.000000000024,307.9728502833897,3078.574392757581,-.8909162315933118,-.3540755206292372E-002,94847.27677744639
14500.15510990854,1883.016240718141,307.9977175565932,3079.200313846671,-.5924742470274794,.1019153933406895E-002,94862.59420677999
14500.15510990854,1900.518738660420,308.0510542221512,3080.255387647096,-.1996914658415483,-.7829636625868337E-003,94895.45211695755
14500.15510990854,1924.418798881097,308.1229131936635,3081.174043900292,-.4514259288728828E-001,.7231978686564888E-003,94939.72968874210
14500.15510990854,1950.581201118912,308.2016746569673,3081.996566453174,-.1672185752567418E-001,-.7177733545482515E-003,94988.27228762981
14500.15510990854,1974.481261339550,308.2733081408278,3082.734238361571,.7493246553058608E-003,.7921344122730723E-003,95032.43252593809
14500.15510990854,1991.983759281852,308.3254893669170,3083.245888389653,-.4028140585749795E-002,-.1005825193036144E-002,95064.60741000481
14500.15510990854,1999.999999999968,308.3499999999975,3083.499999999996,.000000000000000E+000,.000000000000000E+000,95079.72249999995
15000.04593155990,.000000000000000E+000,301.7700195093436,1191.545296264023,578.3069808573296,.000000000000000E+000,91065.14496267054
15000.04593155990,8.016240718149545,301.7350446332852,1299.694287885800,630.1971182844484,.1045800186937957E-001,91044.03765624657
15000.04593155990,25.51873866042869,301.6608587027300,1504.300809135212,726.7120413863190,-.2845204718113115E-002,90999.27599287874
15000.04593155990,49.41879888109523,301.5692337758779,1694.441027104806,818.4683640679999,.2443363588594460E-001,90944.00924862092
15000.04593155990,75.58120111890503,301.4969752447237,1796.339408045443,872.9641685437546,.2081026375894840E-001,90900.43525205135
15000.04593155990,99.48126133957076,301.4602609853074,1835.349832484432,897.2621880317663,.3974709841687712E-001,90878.29792349969
15000.04593155990,116.9837592818501,301.4450750204500,1848.904060527011,906.1231654046090,.2249944060937881E-001,90869.14149245882
15000.04593155990,124.9999999999995,301.4405259618742,1853.142011651868,908.3834822065487,.8505370447613442E-001,90866.39853593014
15000.04593155990,124.9999999999989,301.4405259618726,1853.142011651858,908.3834822065442,.8505370447613109E-001,90866.39853592968
15000.04593155990,133.0162407181498,301.4366178570476,1856.219549346159,909.6363167941272,-.3209117961468777E-002,90864.04208154749
15000.04593155990,150.5187386604267,301.4308381497827,1861.144792627244,909.8557335410217,.5841154184411279E-001,90860.55695738456
15000.04593155990,174.4187988810964,301.4265525889546,1864.842433715191,906.3266545976834,.2661210060503461E-002,90857.97256021695
15000.04593155990,200.5812011189036,301.4246268084849,1867.109369790295,899.6290121038019,.5088834296922107E-001,90856.81089905658
15000.04593155990,224.4812613395718,301.4242697599012,1868.488391650701,891.7607529277309,-.5422055276273596E-002,90856.59514459738
15000.04593155990,241.9837592818481,301.4246702436991,1869.832651882945,884.7695864434777,.5441696339807311E-001,90856.83625609678
15000.04593155990,249.9999999999999,301.4249893893767,1870.590300220552,881.1552798938493,-.1171207654392110,90857.02852331226
15000.04593155990,249.9999999999981,301.4249893893747,1870.590300220538,881.1552798938434,-.1171207654392126,90857.02852331156
15000.04593155990,258.0162407181497,301.4253536281348,1871.568078321885,877.3863235708958,.1009475940898550,90857.24797926923
15000.04593155990,275.5187386604276,301.4263430994909,1873.928301970673,868.6991223509376,-.4990794597775605E-001,90857.84423579465
15000.04593155990,299.4187988810972,301.4281774751961,1878.125373891216,856.2554644154329,.7417476878195783E-001,90858.94979939851
15000.04593155990,325.5812011189054,301.4309712986350,1884.286923277517,842.2602814956668,-.5006113879622509E-001,90860.63383140790
15000.04593155990,349.4812613395671,301.4343507987181,1891.465904983989,828.8718882707657,.7397889388476653E-001,90862.67113543476
15000.04593155990,366.9837592818539,301.4377017070640,1897.895460385863,818.3524947827435,-.7525311426376136E-001,90864.69142261762
15000.04593155990,375.0000000000026,301.4395810927740,1901.350397056635,813.2624530762639,.3145003228885783,90865.82459864358
15000.04593155990,375.0000000000005,301.4395810927722,1901.350397056623,813.2624530762592,.3145003228885714,90865.82459864303
15000.04593155990,383.0162407181469,301.4426908248024,1905.231286056322,808.0026645508228,-.1823078802871589,90867.69955275345
15000.04593155990,400.5187386604230,301.4496303131829,1915.148307980624,796.3924797277285,.1519098391313183,90871.88401296010
15000.04593155990,424.4187988810962,301.4633042192153,1933.404571342630,780.3211388607490,-.1370223423959743,90880.13037297173
15000.04593155990,450.5812011189073,301.4916444424985,1964.967699459048,762.3138662966296,.1353261937132784,90897.22466791046
15000.04593155990,474.4812613395653,301.5356875688042,2008.450068702346,744.3242830790653,-.1556426721264113,90923.79874420198
15000.04593155990,491.9837592818488,301.5917177145048,2055.290994936023,726.4223244305335,.1856130949293469,90957.61528052701
15000.04593155990,499.9999999999977,301.6198908078563,2079.925130161299,717.6564806738410,-.6788716591652990,90974.62808600461
15000.04593155990,499.9999999999993,301.6198908078574,2079.925130161305,717.6564806738429,-.6788716591653027,90974.62808600484
15000.04593155990,508.0162407181474,301.6809674679899,2115.301189898962,702.6977178342388,.3022091984075426,91011.49457750155
15000.04593155990,525.5187386604250,301.7990045442618,2197.485030420451,667.2766691284785,-.2471857695593815,91082.79947405306
15000.04593155990,549.4187988810925,302.0732429275380,2355.587806657293,585.2173363382512,.2188711031434562,91248.59283414352
15000.04593155990,575.5812011189098,302.5329269188800,2576.656806155533,445.9607944318424,-.2208224086193326,91526.81275885331
15000.04593155990,599.4812613395654,303.1156249545372,2798.171082526804,280.2239362197057,.2485433814841525,91879.87150698324
15000.04593155990,616.9837592818517,303.5692894835278,2935.171194061987,157.4224031260953,-.3155904874148231,92154.97232886296
15000.04593155990,625.0000000000007,303.7808894711013,2988.168680422255,106.1661960671695,.6868337796388855,92283.39310592238
15000.04593155990,625.0000000000039,303.7808894711026,2988.168680422267,106.1661960671699,.6868337796388939,92283.39310592275
15000.04593155990,633.0162407181493,303.9493436138977,3023.450924919577,65.50971943852811,-.2031777688889935,92385.61148913503
15000.04593155990,650.5187386604227,304.2378109210296,3069.867687723932,5.883656946619421,.1621320365615450,92560.80746436465
15000.04593155990,674.4187988810944,304.4165205328211,3078.903095040698,-17.97190408504328,-.1457246177255694,92669.44138880994
15000.04593155990,700.5812011189064,304.4796959808382,3070.269325811573,-15.17826798940391,.1458245083459844,92707.88739395043
15000.04593155990,724.4812613395709,304.5118144699253,3060.110563185071,-7.792387373542764,-.1589425518651333,92727.44668009103
15000.04593155990,741.9837592818463,304.5510042926439,3055.225571619713,-3.735275231490049,.1980926556894881,92751.31802211904
15000.04593155990,750.0000000000015,304.5867247710495,3056.001612947195,-3.438439939377641,-.2573559032154100,92773.07719585186
15000.04593155990,750.0000000000056,304.5867247710513,3056.001612947212,-3.438439939377659,-.2573559032154115,92773.07719585237
15000.04593155990,758.0162407181422,304.6072133395345,3053.207073407355,-1.749259818921046,.6028890941867215E-001,92785.55870393914
15000.04593155990,775.5187386604150,304.6746870011727,3053.212403030671,-.5302169651920798,-.4969041607882996E-001,92826.66850187289
15000.04593155990,799.4187988810949,304.7470681598206,3050.176131090589,1.063733485214118,.4586883447755907E-001,92870.77764827418
15000.04593155990,825.5812011189107,304.8249474730956,3049.223484877450,2.032259748590943,-.4613320168737356E-001,92918.25055036054
15000.04593155990,849.4812613395625,304.8928251910414,3049.476270562775,2.708529592185728,.5097366764070199E-001,92959.63647501951
15000.04593155990,866.9837592818446,304.9422875469835,3050.224610088182,2.279987233884067,-.6574309869885686E-001,92989.80022236489
15000.04593155990,874.9999999999990,304.9646751607833,3050.408322067025,1.737207306540645,.1106924106805547,93003.45505172285
15000.04593155990,875.0000000000010,304.9646751607843,3050.408322067034,1.737207306540650,.1106924106805518,93003.45505172311
15000.04593155990,883.0162407181449,304.9906189851413,3051.034959863742,1.225858808233013,-.1908734837156301E-001,93019.27949602426
15000.04593155990,900.5187386604171,305.0478397751989,3052.093179310444,.8410701011285118,.1454460881881703E-001,93054.18627210842
15000.04593155990,924.4187988810968,305.1224870020170,3052.380530284527,1.117176155425623,-.1308202802222524E-001,93099.73336140023
15000.04593155990,950.5812011189056,305.1996025757184,3052.599058643004,1.186544984676390,.1305375025595445E-001,93146.79860435239
15000.04593155990,974.4812613395675,305.2711056884076,3053.382388278475,1.224134162168444,-.1427319794722326E-001,93190.44900812808
15000.04593155990,991.9837592818476,305.3196971005051,3053.016247076101,1.365445345694328,.1797957700828179E-001,93220.11842297530
15000.04593155990,999.9999999999980,305.3444040437279,3053.993601588161,.8043808758829647,-.7260822546321655E-002,93235.20629194894
15000.04593155990,999.9999999999980,305.3444040437279,3053.993601588160,.8043808758829643,-.7260822546321544E-002,93235.20629194894
15000.04593155990,1008.016240718138,305.3680232190294,3054.039735363204,.7656060226789521,-.1048022330289289E-001,93249.63075930333
15000.04593155990,1025.518738660421,305.4244508535634,3055.355314527290,.4243812225020636,.8106168405300762E-002,93284.09631175910
15000.04593155990,1049.418798881096,305.4975322148154,3055.784623005500,.8105872301748716,-.7347921440558736E-002,93328.74315883379
15000.04593155990,1075.581201118908,305.5765550318507,3056.596137391585,.9899728103896746,.7346859693700747E-002,93377.03191131304
15000.04593155990,1099.481261339562,305.6466240877314,3057.299604906308,1.163584755594077,-.8022041024969617E-002,93419.85964873357
15000.04593155990,1116.983759281850,305.6972432789754,3057.286804589626,1.208935048750163,.1019711917514166E-001,93450.80540271883
15000.04593155990,1125.000000000006,305.7204324140545,3057.717486559886,.9832587757334866,-.4210749221776422E-001,93464.98376225497
15000.04593155990,1125.000000000003,305.7204324140536,3057.717486559877,.9832587757334834,-.4210749221776466E-001,93464.98376225471
15000.04593155990,1133.016240718150,305.7459307555131,3058.345887576698,.5999233310963079,.2508921952146925E-001,93480.57513829155
15000.04593155990,1150.518738660425,305.8000900509323,3058.995066539510,.6407685986249794,-.1973179704871442E-001,93513.69603646890
15000.04593155990,1174.418798881095,305.8732739554060,3059.630887352527,.8808731225030391,.1799355751544129E-001,93558.46062143918
15000.04593155990,1200.581201118908,305.9509531654049,3060.298287841291,.9172060031059357,-.1796800675396026E-001,93605.98661659227
15000.04593155990,1224.481261339567,306.0226359610205,3061.043313727092,1.234205097250632,.1981943636539563E-001,93649.85455151633
15000.04593155990,1241.983759281857,306.0732205516085,3061.220009550881,1.333857489794643,-.2518417852598942E-001,93680.81713882873
15000.04593155990,1249.999999999995,306.0975814612231,3061.899493818473,.8919023756326552,.6006392393915361E-001,93695.73026547060
15000.04593155990,1250.000000000008,306.0975814612261,3061.899493818505,.8919023756326641,.6006392393915505E-001,93695.73026547152
15000.04593155990,1258.016240718153,306.1214498591340,3062.019167148187,.8667974006611509,-.2402123152936686E-001,93710.34294441469
15000.04593155990,1275.518738660422,306.1757441504819,3062.816293446966,.7422706565461963,.1892168706434022E-001,93743.58718579420
15000.04593155990,1299.418798881096,306.2481029165037,3063.403764327065,.8060261891828796,-.1714196109583671E-001,93787.90136762045
15000.04593155990,1325.581201118905,306.3264217462162,3063.882984753918,.7029030505158351,.1721651050867340E-001,93835.87747487483
15000.04593155990,1349.481261339568,306.3975945838291,3064.658244580035,.7267224737670075,-.1886011452001601E-001,93879.48674972267
15000.04593155990,1366.983759281844,306.4491582662630,3064.877341349679,.8904212599046907,.2406239404710819E-001,93911.08737809483
15000.04593155990,1375.000000000005,306.4727360910268,3065.366814286514,.4627989824728126,-.5411388143537332E-001,93925.53879602969
15000.04593155990,1375.000000000025,306.4727360910316,3065.366814286563,.4627989824728208,-.5411388143537493E-001,93925.53879603113
15000.04593155990,1383.016240718153,306.4973828540805,3065.662876331334,.4883191763686463,.2067495030287891E-001,93940.64653311655
15000.04593155990,1400.518738660420,306.5509431995225,3066.436918227158,.5032635679576265,-.1619676032041578E-001,93973.48159809370
15000.04593155990,1424.418798881092,306.6232613816641,3066.974679543819,.8733525577279959,.1481354396417769E-001,94017.82522272179
15000.04593155990,1450.581201118911,306.7016484112196,3067.693484765670,.5779000781184775,-.1472102312364654E-001,94065.90196180411
15000.04593155990,1474.481261339574,306.7730912235268,3068.307519865359,.8887935076189986,.1632806506858425E-001,94109.73033508417
15000.04593155990,1491.983759281850,306.8246894182499,3068.729027715217,.6357625542701149,-.2060309854288062E-001,94141.39089817759
15000.04593155990,1499.999999999997,306.8486314276009,3069.004116365943,.6857795344184061,.4205501097296580E-001,94156.08354835650
15000.04593155990,1500.000000000005,306.8486314276030,3069.004116365963,.6857795344184110,.4205501097296574E-001,94156.08354835708
15000.04593155990,1508.016240718153,306.8729962675922,3069.483738237638,.2953173554125925,-.1368478854905308E-001,94171.03677796904
15000.04593155990,1525.518738660410,306.9262885249449,3069.920373103072,.4351085932995047,.1096361914317912E-001,94203.74753930830
15000.04593155990,1549.418798881102,306.9982843524702,3070.593858607812,.3743960330021179,-.9730700610639686E-002,94247.94754828568
15000.04593155990,1575.581201118908,307.0766098127274,3071.055558337292,.3577801637513400,.9978962374321054E-002,94296.04525957096
15000.04593155990,1599.481261339566,307.1478353855899,3071.846657981652,.3616657857141270E-001,-.1073032765223259E-001,94339.79373764101
15000.04593155990,1616.983759281847,307.1993342025670,3071.872279018560,.1288543891518803,.1388877458542509E-001,94371.43190173955
15000.04593155990,1624.999999999999,307.2232813068147,3072.964310187584,-.5656524826981724,-.2797920628148626E-001,94386.14560322053
15000.04593155990,1625.000000000008,307.2232813068154,3072.964310187591,-.5656524826981755,-.2797920628148548E-001,94386.14560322075
15000.04593155990,1633.016240718139,307.2475745701686,3072.595554531423,-.3322424469914282,.9506176542451006E-002,94401.07310656059
15000.04593155990,1650.518738660408,307.3010137714265,3073.437462754882,-.5439003713033919,-.7314507944468029E-002,94433.91407059159
15000.04593155990,1674.418798881097,307.3729156737643,3073.577714294290,-.1820872901941810,.6798884555510198E-002,94478.11025505862
15000.04593155990,1700.581201118914,307.4513809176599,3074.862197852460,-.5548931265203404,-.6701475181258409E-002,94526.35256927373
15000.04593155990,1724.481261339552,307.5222273321295,3074.983956133467,-.1691241237457557,.7440772980861043E-002,94569.92118007372
15000.04593155990,1741.983759281854,307.5732661943390,3076.196977599485,-.2006636364141665,-.9415048438495832E-002,94601.31493135959
15000.04593155990,1749.999999999983,307.5965560173835,3075.290501384939,-.3607299040526094,.1949092481444722E-001,94615.64219162606
15000.04593155990,1750.000000000017,307.5965560173892,3075.290501384994,-.3607299040526167,.1949092481444673E-001,94615.64219162785
15000.04593155990,1758.016240718161,307.6213817492084,3076.827205103259,-.6765732470097775,-.6431378747535882E-002,94630.91543480881
15000.04593155990,1775.518738660420,307.6751443053487,3076.517778236956,-.8682541719720998,.5126138453163231E-002,94663.99529346559
15000.04593155990,1799.418798881107,307.7473956372517,3077.664519712240,-.8997519365557044E-001,-.4552987403422970E-002,94708.46027943853
15000.04593155990,1825.581201118914,307.8252366228066,3074.768570325421,-2.199634630057854,.4667411897387341E-002,94756.37691308373
15000.04593155990,1849.481261339561,307.8965170311269,3075.068770672719,-2.984244705962173,-.5036675019133532E-002,94800.26562747578
15000.04593155990,1866.983759281861,307.9491092722564,3077.411845651125,-1.616785556741354,.6479393113153802E-002,94832.65418209779
15000.04593155990,1874.999999999985,307.9726246523132,3078.449840158110,-.9976896479786530,-.1086604171616985E-001,94847.13779736191
15000.04593155990,1875.000000000024,307.9726246523194,3078.449840158169,-.9976896479786734,-.1086604171616973E-001,94847.13779736380
15000.04593155990,1883.016240718141,307.9976467084697,3079.138271849086,-.6336634064917173,.2529877881784735E-002,94862.55056579321
15000.04593155990,1900.518738660420,308.0510496546095,3080.234193864297,-.2086792893642909,-.1968499467648138E-002,94895.44930239854
15000.04593155990,1924.418798881097,308.1228979582639,3081.170969023949,-.4887405610304094E-001,.1802816632627647E-002,94939.72029910077
15000.04593155990,1950.581201118912,308.2016802087942,3081.995462048505,-.1643812389117719E-001,-.1797497146013391E-002,94988.27570929623
15000.04593155990,1974.481261339550,308.2733081128918,3082.734709435340,-.5625674790149526E-003,.1979692565844162E-002,95032.43250869068
15000.04593155990,1991.983759281852,308.3254644744931,3083.245079415230,-.2409459494453564E-002,-.2517153564826723E-002,95064.59206017073
15000.04593155990,1999.999999999968,308.3499999999975,3083.499999999996,.000000000000000E+000,.000000000000000E+000,95079.72249999999
